id,kode_provinsi,nama_provinsi,bps_kode_kabupaten_kota,bps_nama_kabupaten_kota,bps_kode_kecamatan,bps_nama_kecamatan,kemendagri_kode_kecamatan,kemendagri_nama_kecamatan,pemilik_menara,lokasi_menara,long,lat,struktur_tower,tinggi_tower,keterangan,satuan,tahun
1,32,JAWA BARAT,3273,KOTA BANDUNG,3273101,GEDEBAGE,32.73.27,GEDEBAGE,TOWER BERSAMA GROUP,JL. GEDEBAGE SELATAN,107.687346,-6.952163,4 KAKI,72,-,METER,2017
2,32,JAWA BARAT,3273,KOTA BANDUNG,3273101,GEDEBAGE,32.73.27,GEDEBAGE,NATRINDO TELEPON SELULER,JL. GEDEBAGE RANCABOLANG,107.686927,-6.95375,3 KAKI,42,-,METER,2017
3,32,JAWA BARAT,3273,KOTA BANDUNG,3273101,GEDEBAGE,32.73.27,GEDEBAGE,TOWER BERSAMA GROUP,JL. RANCANUMPANG RT 05/07,107.704759,-6.964942,4 KAKI,65,-,METER,2017
4,32,JAWA BARAT,3273,KOTA BANDUNG,3273111,PANYILEUKAN,32.73.28,PANYILEUKAN,XL AXIATA,JL. CIMENCRANG RT 04/04,107.70841,-6.944872,3 KAKI,32,-,METER,2017
5,32,JAWA BARAT,3273,KOTA BANDUNG,3273111,PANYILEUKAN,32.73.28,PANYILEUKAN,TOWER BERSAMA GROUP,KP. PANYILEUKAN RT 03/01,107.715687,-6.938283,4 KAKI,42,-,METER,2017
6,32,JAWA BARAT,3273,KOTA BANDUNG,3273111,PANYILEUKAN,32.73.28,PANYILEUKAN,XL AXIATA,JL. SOEKARNO HATTA NO.754,107.710083,-6.936429,POLE ROOFTOP,3,-,METER,2017
7,32,JAWA BARAT,3273,KOTA BANDUNG,3273111,PANYILEUKAN,32.73.28,PANYILEUKAN,PROTELINDO,JL. MEKARMULYA,107.699515,-6.935509,MONOPOLE,42,-,METER,2017
8,32,JAWA BARAT,3273,KOTA BANDUNG,3273111,PANYILEUKAN,32.73.28,PANYILEUKAN,PROTELINDO,JL. GEMPOL NO.2,107.705084,-6.930326,3 KAKI,31,-,METER,2017
9,32,JAWA BARAT,3273,KOTA BANDUNG,3273111,PANYILEUKAN,32.73.28,PANYILEUKAN,NATRINDO TELEPON SELULER,JL. H. NASUTION,107.709813,-6.924835,3 KAKI,32,-,METER,2017
10,32,JAWA BARAT,3273,KOTA BANDUNG,3273111,PANYILEUKAN,32.73.28,PANYILEUKAN,TELKOM,JL. H. NASUTION KM. 12.5,107.709469,-6.922147,4 KAKI,62,-,METER,2017
11,32,JAWA BARAT,3273,KOTA BANDUNG,3273110,CIBIRU,32.73.25,CIBIRU,XL AXIATA,KP. MEKARSARI RT 01/01,107.710183,-6.92269,3 KAKI,32,-,METER,2017
12,32,JAWA BARAT,3273,KOTA BANDUNG,3273111,PANYILEUKAN,32.73.28,PANYILEUKAN,TOWER BERSAMA GROUP,JL. SINDANG SARI VI,107.700455,-6.920664,4 KAKI,42,-,METER,2017
13,32,JAWA BARAT,3273,KOTA BANDUNG,3273111,PANYILEUKAN,32.73.28,PANYILEUKAN,DAYA MITRA TELEKOMUNIKASI,JL. PASAR INDUK GEDEBAGE RT 04/06,107.69657,-6.931005,MONOPOLE,30,-,METER,2017
14,32,JAWA BARAT,3273,KOTA BANDUNG,3273111,PANYILEUKAN,32.73.28,PANYILEUKAN,IBS,JL. BELAKANG PASAR INDUK GEDEBAGE,107.700323,-6.929948,3 KAKI,42,-,METER,2017
15,32,JAWA BARAT,3273,KOTA BANDUNG,3273101,GEDEBAGE,32.73.27,GEDEBAGE,XL AXIATA,JL. GEDE BAGE SELATAN,107.687366,-6.964429,4 KAKI,32,-,METER,2017
16,32,JAWA BARAT,3273,KOTA BANDUNG,3273101,GEDEBAGE,32.73.27,GEDEBAGE,PT. GLOBAL INDONESIA,JL. PINUS X,107.696735,-6.96662,KAMUFLASE MINARET DI MASJID,32,-,METER,2017
17,32,JAWA BARAT,3273,KOTA BANDUNG,3273100,RANCASARI,32.73.23,RANCASARI,NATRINDO TELEPON SELULER,JL. DERWATI RT 05/05,107.684744,-6.965642,3 KAKI,32,-,METER,2017
18,32,JAWA BARAT,3273,KOTA BANDUNG,3273100,RANCASARI,32.73.23,RANCASARI,TELKOMSEL,JL. TERUSAN SALUYU,107.67029,-6.950355,MONOPOLE,25,-,METER,2017
19,32,JAWA BARAT,3273,KOTA BANDUNG,3273101,GEDEBAGE,32.73.27,GEDEBAGE,TELKOMSEL,JL. BABAKAN RIUNG BANDUNG,107.682245,-6.939642,4 KAKI,62,-,METER,2017
20,32,JAWA BARAT,3273,KOTA BANDUNG,3273100,RANCASARI,32.73.23,RANCASARI,NATRINDO TELEPON SELULER,JL. RANCA LOA,107.676674,-6.947139,3 KAKI,42,-,METER,2017
21,32,JAWA BARAT,3273,KOTA BANDUNG,3273100,RANCASARI,32.73.23,RANCASARI,XL AXIATA,JL. RANCA LOA,107.675875,-6.947903,4 KAKI,32,-,METER,2017
22,32,JAWA BARAT,3273,KOTA BANDUNG,3273100,RANCASARI,32.73.23,RANCASARI,XL AXIATA,JL. CIPAMOKOLAN,107.677275,-6.959601,4 KAKI,62,-,METER,2017
23,32,JAWA BARAT,3273,KOTA BANDUNG,3273100,RANCASARI,32.73.23,RANCASARI,SAMPOERNA TELEKOMUNIKASI INDONESIA,JL. RAYA MARGA CINTA NO. 27,107.674719,-6.96368,3 KAKI,42,-,METER,2017
24,32,JAWA BARAT,3273,KOTA BANDUNG,3273090,BUAHBATU,32.73.22,BUAHBATU,TOWER BERSAMA GROUP,JL. RANCASAWO,107.670884,-6.95969,4 KAKI,62,-,METER,2017
25,32,JAWA BARAT,3273,KOTA BANDUNG,3273100,RANCASARI,32.73.23,RANCASARI,SOLUSI TUNAS PRATAMA,JL.PASIR SANGARA BLOK RW 08,107.660436,-6.96558,POLE ROOFTOP,12,-,METER,2017
26,32,JAWA BARAT,3273,KOTA BANDUNG,3273090,BUAHBATU,32.73.22,BUAHBATU,NET TOWER ASIA,JL. CIJAURA HILIR RT 04/12,107.660033,-6.965889,KAMUFLASE POHON,42,-,METER,2017
27,32,JAWA BARAT,3273,KOTA BANDUNG,3273100,RANCASARI,32.73.23,RANCASARI,TOWER BERSAMA GROUP,KOMP. PASIR POGOR,107.662155,-6.963316,4 KAKI,32,-,METER,2017
28,32,JAWA BARAT,3273,KOTA BANDUNG,3273090,BUAHBATU,32.73.22,BUAHBATU,TELKOM,JL. CIWASTRA NO. 245,107.66289,-6.959307,4 KAKI,48,-,METER,2017
29,32,JAWA BARAT,3273,KOTA BANDUNG,3273090,BUAHBATU,32.73.22,BUAHBATU,TOWER BERSAMA GROUP,JL. CIJAURA ILIR RT 15/06,107.659549,-6.960354,POLE ROOFTOP,9,-,METER,2017
30,32,JAWA BARAT,3273,KOTA BANDUNG,3273090,BUAHBATU,32.73.22,BUAHBATU,BAKRIE TELEKOM,JL. CIJAURA ILIR NO. 62,107.656512,-6.957143,POLE ROOFTOP,6,-,METER,2017
31,32,JAWA BARAT,3273,KOTA BANDUNG,3273090,BUAHBATU,32.73.22,BUAHBATU,TELKOMSEL,JL. MARGAASIH NO. 3B,107.653295,-6.958473,4 KAKI,52,-,METER,2017
32,32,JAWA BARAT,3273,KOTA BANDUNG,3273090,BUAHBATU,32.73.22,BUAHBATU,XL AXIATA,JL. MARGAASRI,107.652205,-6.958837,3 KAKI,30,-,METER,2017
33,32,JAWA BARAT,3273,KOTA BANDUNG,3273090,BUAHBATU,32.73.22,BUAHBATU,XL AXIATA,JL. CIPAGALO ILIR RT 2/6,107.647777,-6.950113,3 KAKI,32,-,METER,2017
34,32,JAWA BARAT,3273,KOTA BANDUNG,3273090,BUAHBATU,32.73.22,BUAHBATU,SMARTFREN,JL. SOEKARNO HATTA NO.546,107.649201,-6.94398,4 KAKI,62,-,METER,2017
35,32,JAWA BARAT,3273,KOTA BANDUNG,3273090,BUAHBATU,32.73.22,BUAHBATU,GLOBAL TOWER,JL. PASAR KORDON,107.63976,-6.954365,KAMUFLASE MINARET DI MASJID,32,-,METER,2017
36,32,JAWA BARAT,3273,KOTA BANDUNG,3273150,KIARACONDONG,32.73.16,KIARACONDONG,TELKOMSEL,JL. SOEKARNO HATTA NO. 639,107.649878,-6.942386,POLE ROOFTOP,6,-,METER,2017
37,32,JAWA BARAT,3273,KOTA BANDUNG,3273150,KIARACONDONG,32.73.16,KIARACONDONG,XL AXIATA,JL. CIDURIAN UTARA,107.654139,-6.939848,4 KAKI,32,-,METER,2017
38,32,JAWA BARAT,3273,KOTA BANDUNG,3273090,BUAHBATU,32.73.22,BUAHBATU,PROTELINDO,JL. MARGACINTA NO. 524,107.643029,-6.954922,KAMUFLASE TORN AIR,6,-,METER,2017
39,32,JAWA BARAT,3273,KOTA BANDUNG,3273090,BUAHBATU,32.73.22,BUAHBATU,TELKOMSEL,JL. IBRAHIM AJI NO. 327. RT 08/02,107.641312,-6.951844,KAMUFLASE MINARET DI MASJID,17,-,METER,2017
40,32,JAWA BARAT,3273,KOTA BANDUNG,3273090,BUAHBATU,32.73.22,BUAHBATU,TELKOMSEL,JL. KIARASARI 1,107.644093,-6.94899,4 KAKI,36,-,METER,2017
41,32,JAWA BARAT,3273,KOTA BANDUNG,3273090,BUAHBATU,32.73.22,BUAHBATU,TOWER BERSAMA GROUP,JL. CIJAWURA GIRANG RT 13/08,107.653095,-6.947755,4 KAKI,36,-,METER,2017
42,32,JAWA BARAT,3273,KOTA BANDUNG,3273090,BUAHBATU,32.73.22,BUAHBATU,TELKOMSEL,JL. JUPITER NO. 87,107.655721,-6.945939,POLE ROOFTOP,6,-,METER,2017
43,32,JAWA BARAT,3273,KOTA BANDUNG,3273100,RANCASARI,32.73.23,RANCASARI,PT. MAS SARANA JAYA,JL. SOEKARNO HATTA NO. 644,107.669139,-6.94041,POLE ROOFTOP,6,-,METER,2017
44,32,JAWA BARAT,3273,KOTA BANDUNG,3273100,RANCASARI,32.73.23,RANCASARI,PROTELINDO,JL. MERCURI TENGAH NO 42,107.668466,-6.945758,KAMUFLASE TORN AIR,6,-,METER,2017
45,32,JAWA BARAT,3273,KOTA BANDUNG,3273100,RANCASARI,32.73.23,RANCASARI,PROTELINDO,JL. MANJAH LEGA,107.670175,-6.952189,3 KAKI,20,-,METER,2017
46,32,JAWA BARAT,3273,KOTA BANDUNG,3273090,BUAHBATU,32.73.22,BUAHBATU,INDOSAT,JL. KAWALUYAAN INDAH RAYA NO 4,107.662873,-6.934482,POLE ROOFTOP,4,-,METER,2017
47,32,JAWA BARAT,3273,KOTA BANDUNG,3273090,BUAHBATU,32.73.22,BUAHBATU,DAYA MITRA TELEKOMUNIKASI,JL. KAWALUYAAN RT 01/06,107.622622,-6.924725,MICROCELL POLE,20,-,METER,2017
48,32,JAWA BARAT,3273,KOTA BANDUNG,3273090,BUAHBATU,32.73.22,BUAHBATU,SMARTFREN,JL. KAWALUYAAN RAYA NO. 39,107.659604,-6.936962,4 KAKI,20,-,METER,2017
49,32,JAWA BARAT,3273,KOTA BANDUNG,3273090,BUAHBATU,32.73.22,BUAHBATU,TELKOMSEL,JL. KOMPLEK KPAD PINDAD TIMUR,107.654966,-6.939251,4 KAKI,42,-,METER,2017
50,32,JAWA BARAT,3273,KOTA BANDUNG,3273090,BUAHBATU,32.73.22,BUAHBATU,TOWER BERSAMA GROUP,JL. RANCABOLANG,107.663642,-6.940928,MICROCELL POLE,20,-,METER,2017
51,32,JAWA BARAT,3273,KOTA BANDUNG,3273090,BUAHBATU,32.73.22,BUAHBATU,XL AXIATA,JL. RANCABOLANG,107.663401,-6.943592,MICROCELL POLE,15,-,METER,2017
52,32,JAWA BARAT,3273,KOTA BANDUNG,3273090,BUAHBATU,32.73.22,BUAHBATU,TRITUNGGAL PUTRA PERKASA,JL. RANCABOLANG MARGAHAYU RAYA,107.661746,-6.950642,4 KAKI,30,-,METER,2017
53,32,JAWA BARAT,3273,KOTA BANDUNG,3273090,BUAHBATU,32.73.22,BUAHBATU,TELKOMSEL,JL. RANCABOLANG MARGAHAYU RAYA,107.661372,-6.952211,4 KAKI,52,-,METER,2017
54,32,JAWA BARAT,3273,KOTA BANDUNG,3273090,BUAHBATU,32.73.22,BUAHBATU,XL AXIATA,JL. RANCABOLANG NO. 241,107.661802,-6.952293,4 KAKI,32,-,METER,2017
55,32,JAWA BARAT,3273,KOTA BANDUNG,3273110,CIBIRU,32.73.25,CIBIRU,TOWER BERSAMA GROUP,JL. A.H NASUTION RT 01/02 KM 13,107.712245,-6.929339,4 KAKI,42,-,METER,2017
56,32,JAWA BARAT,3273,KOTA BANDUNG,3273110,CIBIRU,32.73.25,CIBIRU,TELKOMSEL,JL. CILENGKRANG 2 KP. GANDOL RT 03/05,107.720919,-6.913996,4 KAKI,42,-,METER,2017
57,32,JAWA BARAT,3273,KOTA BANDUNG,3273110,CIBIRU,32.73.25,CIBIRU,XL AXIATA,JL. CILENGKRANG 1 NO. 113,107.719049,-6.913265,MONOPOLE,15,-,METER,2017
58,32,JAWA BARAT,3273,KOTA BANDUNG,3273120,UJUNG BERUNG,32.73.26,UJUNGBERUNG,TELKOMSEL,KP. CIWARU,107.71767,-6.899573,3 KAKI,42,-,METER,2017
59,32,JAWA BARAT,3273,KOTA BANDUNG,3273110,CIBIRU,32.73.25,CIBIRU,DAYA MITRA TELEKOMUNIKASI,JL. KUSUMA UTAMA,107.715273,-6.915244,MONOPOLE,25,-,METER,2017
60,32,JAWA BARAT,3273,KOTA BANDUNG,3273110,CIBIRU,32.73.25,CIBIRU,TOWER BERSAMA GROUP,JL. CILENGKRANG 2 RT 03/03,107.714316,-6.919085,4 KAKI,52,-,METER,2017
61,32,JAWA BARAT,3273,KOTA BANDUNG,3273110,CIBIRU,32.73.25,CIBIRU,TOWER BERSAMA GROUP,JL. SUKALUYU RT 01/12,107.723411,-6.919404,4 KAKI,55,-,METER,2017
62,32,JAWA BARAT,3273,KOTA BANDUNG,3273110,CIBIRU,32.73.25,CIBIRU,XL AXIATA,KP. MEKARSARI RT 05/09,107.724231,-6.91862,4 KAKI,30,-,METER,2017
63,32,JAWA BARAT,3273,KOTA BANDUNG,3273110,CIBIRU,32.73.25,CIBIRU,TOWER BERSAMA GROUP,JL. CIPADUNG RT 03/13,107.720369,-6.92293,4 KAKI,20,-,METER,2017
64,32,JAWA BARAT,3273,KOTA BANDUNG,3273110,CIBIRU,32.73.25,CIBIRU,TOWER BERSAMA GROUP,JL. MANISI GG. REFORMASI NO. 5 RT 03/13,107.719964,-6.923887,4 KAKI,42,-,METER,2017
65,32,JAWA BARAT,3273,KOTA BANDUNG,3273110,CIBIRU,32.73.25,CIBIRU,TELKOMSEL,JL. RAYA CIBIRU,107.722183,-6.932906,4 KAKI,52,-,METER,2017
66,32,JAWA BARAT,3273,KOTA BANDUNG,3273110,CIBIRU,32.73.25,CIBIRU,XL AXIATA,JL. MANISI NO. 3,107.717962,-6.934242,4 KAKI,52,-,METER,2017
67,32,JAWA BARAT,3273,KOTA BANDUNG,3273120,UJUNG BERUNG,32.73.26,UJUNGBERUNG,SAMPOERNA TELEKOMUNIKASI INDONESIA,JL. NAGROG KP. PALEDANG,107.711042,-6.909483,4 KAKI,25,-,METER,2017
68,32,JAWA BARAT,3273,KOTA BANDUNG,3273120,UJUNG BERUNG,32.73.26,UJUNGBERUNG,TELKOMSEL,JL. NAGROG,107.710385,-6.90762,3 KAKI,30,-,METER,2017
69,32,JAWA BARAT,3273,KOTA BANDUNG,3273121,CINAMBO,32.73.29,CINAMBO,TELKOMSEL,JL. RAYA UJUNG BERUNG NO. 130,107.700696,-6.914212,MONOPOLE,15,-,METER,2017
70,32,JAWA BARAT,3273,KOTA BANDUNG,3273120,UJUNG BERUNG,32.73.26,UJUNGBERUNG,INDOSAT,KP. NAGROG,107.706124,-6.908655,POLE ROOFTOP,6,-,METER,2017
71,32,JAWA BARAT,3273,KOTA BANDUNG,3273120,UJUNG BERUNG,32.73.26,UJUNGBERUNG,DAYA MITRA TELEKOMUNIKASI,JL. PARATA KP. CIHERANG,107.703931,-6.893719,4 KAKI,42,-,METER,2017
72,32,JAWA BARAT,3273,KOTA BANDUNG,3273120,UJUNG BERUNG,32.73.26,UJUNGBERUNG,SOLUSI TUNAS PRATAMA,JL. SEGAR ATAS RT 06/10,107.698332,-6.908659,MONOPOLE,25,-,METER,2017
73,32,JAWA BARAT,3273,KOTA BANDUNG,3273120,UJUNG BERUNG,32.73.26,UJUNGBERUNG,TELKOMSEL,KOMP. UJUNG BERUNG INDAH RT 01/12,107.695679,-6.913107,POLE ROOFTOP,9,-,METER,2017
74,32,JAWA BARAT,3273,KOTA BANDUNG,3273120,UJUNG BERUNG,32.73.26,UJUNGBERUNG,DAYA MITRA TELEKOMUNIKASI,JL. RAHAYU RT 02/06,107.691943,-6.907954,3 KAKI,36,-,METER,2017
75,32,JAWA BARAT,3273,KOTA BANDUNG,3273130,ARCAMANIK,32.73.24,ARCAMANIK,TOWER BERSAMA GROUP,JL. CICUKANG,107.683545,-6.913299,3 KAKI,31,-,METER,2017
76,32,JAWA BARAT,3273,KOTA BANDUNG,3273130,ARCAMANIK,32.73.24,ARCAMANIK,TOWER BERSAMA GROUP,JL. PERMATA BUMI RAYA,107.682471,-6.920383,4 KAKI,42,-,METER,2017
77,32,JAWA BARAT,3273,KOTA BANDUNG,3273130,ARCAMANIK,32.73.24,ARCAMANIK,TELKOMSEL,JL. CINGISED,107.67705,-6.929015,4 KAKI,42,-,METER,2017
78,32,JAWA BARAT,3273,KOTA BANDUNG,3273130,ARCAMANIK,32.73.24,ARCAMANIK,XL AXIATA,JL.PARAKAN SAAT 147 RT 02/13,107.668849,-6.931761,3 KAKI,31,-,METER,2017
79,32,JAWA BARAT,3273,KOTA BANDUNG,3273130,ARCAMANIK,32.73.24,ARCAMANIK,TELKOMSEL,JL. GADING UTAMA,107.671138,-6.937548,3 KAKI,15,-,METER,2017
80,32,JAWA BARAT,3273,KOTA BANDUNG,3273130,ARCAMANIK,32.73.24,ARCAMANIK,HUTCHISON CP TELEKOMUNICATION,JL. TERUSAN CISARANTEN,107.6771,-6.93694,3 KAKI,15,-,METER,2017
81,32,JAWA BARAT,3273,KOTA BANDUNG,3273130,ARCAMANIK,32.73.24,ARCAMANIK,TOWER BERSAMA GROUP,"JL, CISARANTEN",107.679717,-6.931967,4 KAKI,52,-,METER,2017
82,32,JAWA BARAT,3273,KOTA BANDUNG,3273130,ARCAMANIK,32.73.24,ARCAMANIK,XL AXIATA,JL. CISARANTEN KULON,107.679672,-6.931029,4 KAKI,32,-,METER,2017
83,32,JAWA BARAT,3273,KOTA BANDUNG,3273130,ARCAMANIK,32.73.24,ARCAMANIK,XL AXIATA,JL. SUMBER SARI NO. 101,107.682011,-6.937348,3 KAKI,32,-,METER,2017
84,32,JAWA BARAT,3273,KOTA BANDUNG,3273121,CINAMBO,32.73.29,CINAMBO,DAYA MITRA TELEKOMUNIKASI,JL. SOEKARNO HATTA,107.684974,-6.937067,MONOPOLE,25,-,METER,2017
85,32,JAWA BARAT,3273,KOTA BANDUNG,3273121,CINAMBO,32.73.29,CINAMBO,PROTELINDO,GG. H. APANDI RT 03/06,107.687006,-6.927313,POLE ROOFTOP,6,-,METER,2017
86,32,JAWA BARAT,3273,KOTA BANDUNG,3273121,CINAMBO,32.73.29,CINAMBO,XL AXIATA,JL. CISARANTEN WETAN,107.687224,-6.924641,3 KAKI,32,-,METER,2017
87,32,JAWA BARAT,3273,KOTA BANDUNG,3273121,CINAMBO,32.73.29,CINAMBO,SOLUSI TUNAS PRATAMA,JL. GOLEF,107.689131,-6.917887,MONOPOLE,15,-,METER,2017
88,32,JAWA BARAT,3273,KOTA BANDUNG,3273130,ARCAMANIK,32.73.24,ARCAMANIK,TELKOMSEL,JL. RAYA GOLF RT 01/11,107.690846,-6.913117,MONOPOLE,15,-,METER,2017
89,32,JAWA BARAT,3273,KOTA BANDUNG,3273121,CINAMBO,32.73.29,CINAMBO,IBS,JL. SOEKARNO HATTA (SINARMAS),107.687422,-6.932592,4 KAKI,42,-,METER,2017
90,32,JAWA BARAT,3273,KOTA BANDUNG,3273121,CINAMBO,32.73.29,CINAMBO,TELKOMSEL,JL. SOEKARNO HATTA NO 813,107.693477,-6.936097,4 KAKI,30,-,METER,2017
91,32,JAWA BARAT,3273,KOTA BANDUNG,3273121,CINAMBO,32.73.29,CINAMBO,TELKOMSEL,JL. CINAMBO RT 01/05,107.691353,-6.924745,4 KAKI,60,-,METER,2017
92,32,JAWA BARAT,3273,KOTA BANDUNG,3273121,CINAMBO,32.73.29,CINAMBO,XL AXIATA,JL. RS. SURADI RAJA,107.700416,-6.914868,4 KAKI,60,-,METER,2017
93,32,JAWA BARAT,3273,KOTA BANDUNG,3273142,MANDALAJATI,32.73.30,MANDALAJATI,TELKOMSEL,JL. A.H NASUTION NO. 89,107.684083,-6.90641,POLE ROOFTOP,3,-,METER,2017
94,32,JAWA BARAT,3273,KOTA BANDUNG,3273130,ARCAMANIK,32.73.24,ARCAMANIK,SMARTFREN,JL. PACUAN KUDA,107.672794,-6.909458,MONOPOLE,12,-,METER,2017
95,32,JAWA BARAT,3273,KOTA BANDUNG,3273130,ARCAMANIK,32.73.24,ARCAMANIK,TELKOMSEL,JL. R. LES SUBANDI NO. 21 PERTANIAN TIMUR,107.677073,-6.906655,MONOPOLE,15,-,METER,2017
96,32,JAWA BARAT,3273,KOTA BANDUNG,3273130,ARCAMANIK,32.73.24,ARCAMANIK,PROTELINDO,JL. TERUSAN PASANTREN,107.678551,-6.909131,POLE ROOFTOP,0,-,METER,2017
97,32,JAWA BARAT,3273,KOTA BANDUNG,3273130,ARCAMANIK,32.73.24,ARCAMANIK,TELKOMSEL,JL. TERUSAN PASANTREN,107.678677,-6.910683,4 KAKI,12,-,METER,2017
98,32,JAWA BARAT,3273,KOTA BANDUNG,3273130,ARCAMANIK,32.73.24,ARCAMANIK,XL AXIATA,JL. TERUSAN PASANTREN,107.68131,-6.914079,3 KAKI,32,-,METER,2017
99,32,JAWA BARAT,3273,KOTA BANDUNG,3273130,ARCAMANIK,32.73.24,ARCAMANIK,BANDUNG TV,JL. PACUAN KUDA ( BANDUNG TV),107.678842,-6.911383,4 KAKI,42,-,METER,2017
100,32,JAWA BARAT,3273,KOTA BANDUNG,3273130,ARCAMANIK,32.73.24,ARCAMANIK,TELKOMSEL,JL. GOLEF BARAT 111,107.675119,-6.91736,POLE ROOFTOP,6,-,METER,2017
101,32,JAWA BARAT,3273,KOTA BANDUNG,3273130,ARCAMANIK,32.73.24,ARCAMANIK,TELKOMSEL,JL. ATLENTIK 2,107.672696,-6.919231,MONOPOLE,20,-,METER,2017
102,32,JAWA BARAT,3273,KOTA BANDUNG,3273130,ARCAMANIK,32.73.24,ARCAMANIK,DAYA MITRA TELEKOMUNIKASI,JL. ARCAMANIK ENDAH,107.671715,-6.920298,4 KAKI,42,-,METER,2017
103,32,JAWA BARAT,3273,KOTA BANDUNG,3273130,ARCAMANIK,32.73.24,ARCAMANIK,XL AXIATA,KOMP. ARCAMANIK ENDAH,107.675939,-6.922308,3 KAKI,32,-,METER,2017
104,32,JAWA BARAT,3273,KOTA BANDUNG,3273130,ARCAMANIK,32.73.24,ARCAMANIK,DAYA MITRA TELEKOMUNIKASI,JL. PARAKAN SAAT,107.669301,-6.923265,MONOPOLE,20,-,METER,2017
105,32,JAWA BARAT,3273,KOTA BANDUNG,3273080,BANDUNG KIDUL,32.73.21,BANDUNG KIDUL,TELKOMSEL,JL. RAYA BOJONG SOANG SAMPING TRANSMART,107.638246,-6.966249,4 KAKI,62,-,METER,2017
106,32,JAWA BARAT,3273,KOTA BANDUNG,3273080,BANDUNG KIDUL,32.73.21,BANDUNG KIDUL,DAYA MITRA TELEKOMUNIKASI,JL. SEKELIMUS UTARA RW 8,107.638573,-6.951626,MONOPOLE,15,-,METER,2017
107,32,JAWA BARAT,3273,KOTA BANDUNG,3273080,BANDUNG KIDUL,32.73.21,BANDUNG KIDUL,TELKOMSEL,JL. CIPARAY - BUAHBATU,107.64377,-6.959415,MONOPOLE,12,-,METER,2017
108,32,JAWA BARAT,3273,KOTA BANDUNG,3273080,BANDUNG KIDUL,32.73.21,BANDUNG KIDUL,XL AXIATA,JL. H. BADRAN RAYA,107.6445,-6.961353,POLE ROOFTOP,6,-,METER,2017
109,32,JAWA BARAT,3273,KOTA BANDUNG,3273080,BANDUNG KIDUL,32.73.21,BANDUNG KIDUL,TELKOMSEL,JL. RAYA CIGANITRI,107.648094,-6.965048,4 KAKI,42,-,METER,2017
110,32,JAWA BARAT,3273,KOTA BANDUNG,3273080,BANDUNG KIDUL,32.73.21,BANDUNG KIDUL,TELKOMSEL,JL. BATU INDAH RAYA,107.629058,-6.954009,POLE ROOFTOP,6,-,METER,2017
111,32,JAWA BARAT,3273,KOTA BANDUNG,3273080,BANDUNG KIDUL,32.73.21,BANDUNG KIDUL,XL AXIATA,JL. CIGELERENG RT 02/07,107.615319,-6.961109,4 KAKI,32,-,METER,2017
112,32,JAWA BARAT,3273,KOTA BANDUNG,3273080,BANDUNG KIDUL,32.73.21,BANDUNG KIDUL,TOWER BERSAMA GROUP,JL. NARADIRJA,107.609212,-6.961003,4 KAKI,32,-,METER,2017
113,32,JAWA BARAT,3273,KOTA BANDUNG,3273080,BANDUNG KIDUL,32.73.21,BANDUNG KIDUL,TELKOMSEL,JL. BATU NUNGGAL INDAH RAYA NO. 51,107.624364,-6.953333,POLE ROOFTOP,6,-,METER,2017
114,32,JAWA BARAT,3273,KOTA BANDUNG,3273080,BANDUNG KIDUL,32.73.21,BANDUNG KIDUL,XL AXIATA,JL. BATU NUNGGAL INDAH RAYA II,107.628661,-6.956171,POLE ROOFTOP,6,-,METER,2017
115,32,JAWA BARAT,3273,KOTA BANDUNG,3273080,BANDUNG KIDUL,32.73.21,BANDUNG KIDUL,DAYA MITRA TELEKOMUNIKASI,KOMP. BATU NUNGGAL PERMAI I,107.630501,-6.956938,POLE ROOFTOP,6,-,METER,2017
116,32,JAWA BARAT,3273,KOTA BANDUNG,3273080,BANDUNG KIDUL,32.73.21,BANDUNG KIDUL,XL AXIATA,JL. BATU NUNGGAL INDAH,107.625908,-6.962639,4 KAKI,25,-,METER,2017
117,32,JAWA BARAT,3273,KOTA BANDUNG,3273080,BANDUNG KIDUL,32.73.21,BANDUNG KIDUL,TELKOMSEL,JL. BATU NUNGGAL INDAH,107.626399,-6.957349,POLE ROOFTOP,0,-,METER,2017
118,32,JAWA BARAT,3273,KOTA BANDUNG,3273070,LENGKONG,32.73.13,LENGKONG,TELKOMSEL,JL. KOMPLEK MANDIRI,107.625811,-6.946818,MONOPOLE,15,-,METER,2017
119,32,JAWA BARAT,3273,KOTA BANDUNG,3273070,LENGKONG,32.73.13,LENGKONG,TELKOMSEL,JL. TERUSAN BUAH BATU,107.626866,-6.941906,POLE ROOFTOP,6,-,METER,2017
120,32,JAWA BARAT,3273,KOTA BANDUNG,3273070,LENGKONG,32.73.13,LENGKONG,TELKOMSEL,JL. KR (T.K YAYASAN TELKOM),107.621681,-6.937836,POLE ROOFTOP,6,-,METER,2017
121,32,JAWA BARAT,3273,KOTA BANDUNG,3273070,LENGKONG,32.73.13,LENGKONG,XL AXIATA,JL. WESEL (KOMPLEK POSTAL),107.621698,-6.940111,4 KAKI,32,-,METER,2017
122,32,JAWA BARAT,3273,KOTA BANDUNG,3273070,LENGKONG,32.73.13,LENGKONG,MGT RADIO,JL. BUAH BATU NO. 8,107.616875,-6.930133,4 KAKI,50,-,METER,2017
123,32,JAWA BARAT,3273,KOTA BANDUNG,3273070,LENGKONG,32.73.13,LENGKONG,TELKOMSEL,JL. BUAHBATU NO. 26,107.617209,-6.931348,3 KAKI,20,-,METER,2017
124,32,JAWA BARAT,3273,KOTA BANDUNG,3273070,LENGKONG,32.73.13,LENGKONG,XL AXIATA,JL. BURANGRANG DALAM,107.619008,-6.927513,MONOPOLE,32,-,METER,2017
125,32,JAWA BARAT,3273,KOTA BANDUNG,3273070,LENGKONG,32.73.13,LENGKONG,SMARTFREN,JL. ASIA AFRIKA 11 RT 1/6,107.612253,-6.922233,POLE ROOFTOP,4,-,METER,2017
126,32,JAWA BARAT,3273,KOTA BANDUNG,3273070,LENGKONG,32.73.13,LENGKONG,TOWER BERSAMA GROUP,JL. DALEM KAUM NO. 85,107.60938,-6.92289,4 KAKI,25,-,METER,2017
127,32,JAWA BARAT,3273,KOTA BANDUNG,3273080,BANDUNG KIDUL,32.73.21,BANDUNG KIDUL,HUTCHISON CP TELEKOMUNICATION,KP. MEKAR MULYA RW 4,107.634461,-6.962313,KAMUFLASE POHON,30,-,METER,2017
128,32,JAWA BARAT,3273,KOTA BANDUNG,3273080,BANDUNG KIDUL,32.73.21,BANDUNG KIDUL,DAYA MITRA TELEKOMUNIKASI,JL. PARAKAN ASRI,107.6316,-6.952135,POLE ROOFTOP,6,-,METER,2017
129,32,JAWA BARAT,3273,KOTA BANDUNG,3273080,BANDUNG KIDUL,32.73.21,BANDUNG KIDUL,PROTELINDO,JL. SOEKARNO HATTA NO. 402A,107.623707,-6.949822,POLE ROOFTOP,15,-,METER,2017
130,32,JAWA BARAT,3273,KOTA BANDUNG,3273080,BANDUNG KIDUL,32.73.21,BANDUNG KIDUL,SOLUSI TUNAS PRATAMA,JL. SOEKARNO HATTA NO. 402,107.623807,-6.949998,POLE ROOFTOP,12,-,METER,2017
131,32,JAWA BARAT,3273,KOTA BANDUNG,3273070,LENGKONG,32.73.13,LENGKONG,XL AXIATA,JL. KLININGAN ASRI,107.628377,-6.942446,4 KAKI,25,-,METER,2017
132,32,JAWA BARAT,3273,KOTA BANDUNG,3273070,LENGKONG,32.73.13,LENGKONG,MARA FM,JL. GUNTUR SARI WETAN,107.634337,-6.945107,4 KAKI,62,-,METER,2017
133,32,JAWA BARAT,3273,KOTA BANDUNG,3273160,BATUNUNGGAL,32.73.12,BATUNUNGGAL,DAYA MITRA TELEKOMUNIKASI,JL. JATI INDAH I,107.636496,-6.942846,3 KAKI,32,-,METER,2017
134,32,JAWA BARAT,3273,KOTA BANDUNG,3273160,BATUNUNGGAL,32.73.12,BATUNUNGGAL,TELKOMSEL,JL. SOEKARNO HATTA NO. 549,107.63724,-6.946264,POLE ROOFTOP,6,-,METER,2017
135,32,JAWA BARAT,3273,KOTA BANDUNG,3273160,BATUNUNGGAL,32.73.12,BATUNUNGGAL,TOWER BERSAMA GROUP,JL. KIARA CONDONG NO. 350,107.642189,-6.936935,4 KAKI,26,-,METER,2017
136,32,JAWA BARAT,3273,KOTA BANDUNG,3273160,BATUNUNGGAL,32.73.12,BATUNUNGGAL,SMARTFREN,JL. KIARA CONDONG,107.644483,-6.926835,3 KAKI,10,-,METER,2017
137,32,JAWA BARAT,3273,KOTA BANDUNG,3273160,BATUNUNGGAL,32.73.12,BATUNUNGGAL,HUTCHISON CP TELEKOMUNICATION,JL. GATSU NO. 245,107.63347,-6.926108,4 KAKI,12,-,METER,2017
138,32,JAWA BARAT,3273,KOTA BANDUNG,3273070,LENGKONG,32.73.13,LENGKONG,NATRINDO TELEPON SELULER,JL. PELAJAR PEJUANG,107.626345,-6.926513,3 KAKI,25,-,METER,2017
139,32,JAWA BARAT,3273,KOTA BANDUNG,3273070,LENGKONG,32.73.13,LENGKONG,XL AXIATA,JL. PELAJAR PEJUANG,107.626641,-6.926505,4 KAKI,25,-,METER,2017
140,32,JAWA BARAT,3273,KOTA BANDUNG,3273160,BATUNUNGGAL,32.73.12,BATUNUNGGAL,TELKOMSEL,JL. GATOT SUBROTO NO. 133,107.627008,-6.924539,4 KAKI,29,-,METER,2017
141,32,JAWA BARAT,3273,KOTA BANDUNG,3273070,LENGKONG,32.73.13,LENGKONG,TELKOMSEL,JL. PELAJAR PEJUANG,107.625377,-6.935605,POLE ROOFTOP,6,-,METER,2017
142,32,JAWA BARAT,3273,KOTA BANDUNG,3273070,LENGKONG,32.73.13,LENGKONG,INDOSAT,JL. PELAJAR PEJUANG,107.625555,-6.935256,POLE ROOFTOP,6,-,METER,2017
143,32,JAWA BARAT,3273,KOTA BANDUNG,3273070,LENGKONG,32.73.13,LENGKONG,XL AXIATA,JL. KARAWITAN NO. 60,107.626635,-6.934697,3 KAKI,25,-,METER,2017
144,32,JAWA BARAT,3273,KOTA BANDUNG,3273070,LENGKONG,32.73.13,LENGKONG,NATRINDO TELEPON SELULER,JL. KATAPANG,107.619649,-6.921653,3 KAKI,25,-,METER,2017
145,32,JAWA BARAT,3273,KOTA BANDUNG,3273070,LENGKONG,32.73.13,LENGKONG,DAYA MITRA TELEKOMUNIKASI,JL. GATOT SUBROTO,107.623632,-6.923301,POLE ROOFTOP,6,-,METER,2017
146,32,JAWA BARAT,3273,KOTA BANDUNG,3273070,LENGKONG,32.73.13,LENGKONG,TELKOMSEL,JL. TALAGA BODAS,107.622207,-6.928143,POLE ROOFTOP,6,-,METER,2017
147,32,JAWA BARAT,3273,KOTA BANDUNG,3273142,MANDALAJATI,32.73.30,MANDALAJATI,TELKOMSEL,JL. PASIR IMPUN,107.677615,-6.903672,COMBAT,15,-,METER,2017
148,32,JAWA BARAT,3273,KOTA BANDUNG,3273142,MANDALAJATI,32.73.30,MANDALAJATI,TOWER BERSAMA GROUP,JL. RAYA PASIR IMPUN RW 03,107.676291,-6.900493,4 KAKI,42,-,METER,2017
149,32,JAWA BARAT,3273,KOTA BANDUNG,3273142,MANDALAJATI,32.73.30,MANDALAJATI,TELKOMSEL,JL. RAYA PASIR IMPUN,107.676168,-6.898767,4 KAKI,42,-,METER,2017
150,32,JAWA BARAT,3273,KOTA BANDUNG,3273142,MANDALAJATI,32.73.30,MANDALAJATI,PROTELINDO,JL. PASIR IMPUN ATAS,107.67652,-6.896175,3 KAKI,25,-,METER,2017
151,32,JAWA BARAT,3273,KOTA BANDUNG,3273142,MANDALAJATI,32.73.30,MANDALAJATI,TELKOMSEL,JL. PASIR IMPUN (KAB. BANDUNG),107.680077,-6.889631,MONOPOLE,36,-,METER,2017
152,32,JAWA BARAT,3273,KOTA BANDUNG,3273142,MANDALAJATI,32.73.30,MANDALAJATI,XL AXIATA,BABAKAN BARU RT 04/05,107.581518,-6.890626,4 KAKI,32,-,METER,2017
153,32,JAWA BARAT,3273,KOTA BANDUNG,3273142,MANDALAJATI,32.73.30,MANDALAJATI,XL AXIATA,JL. RAYA MANDE RT 03/04,107.669424,-6.897011,POLE ROOFTOP,6,-,METER,2017
154,32,JAWA BARAT,3273,KOTA BANDUNG,3273142,MANDALAJATI,32.73.30,MANDALAJATI,XL AXIATA,JL. PASIR IMPUN BARAT RT 04/08,107.675011,-6.902911,4 KAKI,32,-,METER,2017
155,32,JAWA BARAT,3273,KOTA BANDUNG,3273142,MANDALAJATI,32.73.30,MANDALAJATI,PROTELINDO,JL. AHMAD YANI NO. 103,107.659862,-6.902113,POLE ROOFTOP,3,-,METER,2017
156,32,JAWA BARAT,3273,KOTA BANDUNG,3273142,MANDALAJATI,32.73.30,MANDALAJATI,INDOSAT,JL. H. ACENG RT 07/08,107.660797,-6.895002,4 KAKI,42,-,METER,2017
157,32,JAWA BARAT,3273,KOTA BANDUNG,3273142,MANDALAJATI,32.73.30,MANDALAJATI,XL AXIATA,JL. JATI HANDAP NO. 1 RT 02/09,107.661551,-6.89352,POLE ROOFTOP,9,-,METER,2017
158,32,JAWA BARAT,3273,KOTA BANDUNG,3273210,CIBEUNYING KIDUL,32.73.14,CIBEUNYING KIDUL,NATRINDO TELEPON SELULER,JL. PASIR LAYUNG ATAS,107.661351,-6.887674,4 KAKI,42,-,METER,2017
159,32,JAWA BARAT,3273,KOTA BANDUNG,3273210,CIBEUNYING KIDUL,32.73.14,CIBEUNYING KIDUL,TELKOMSEL,JL. PASIR LAYUNG RT 01/03,107.658004,-6.892076,POLE ROOFTOP,8,-,METER,2017
160,32,JAWA BARAT,3273,KOTA BANDUNG,3273210,CIBEUNYING KIDUL,32.73.14,CIBEUNYING KIDUL,XL AXIATA,JL. TERUSAN CIMUNCANG ATAS,107.651649,-6.89445,3 KAKI,31,-,METER,2017
161,32,JAWA BARAT,3273,KOTA BANDUNG,3273210,CIBEUNYING KIDUL,32.73.14,CIBEUNYING KIDUL,XL AXIATA,JL. BOJONG KONENG ATAS,107.6474,-6.888258,MONOPOLE,20,-,METER,2017
162,32,JAWA BARAT,3273,KOTA BANDUNG,3273210,CIBEUNYING KIDUL,32.73.14,CIBEUNYING KIDUL,TOWER BERSAMA GROUP,JL. CIKUTRA NO. 168 RT.06/01,107.643681,-6.89966,POLE ROOFTOP,9,-,METER,2017
163,32,JAWA BARAT,3273,KOTA BANDUNG,3273210,CIBEUNYING KIDUL,32.73.14,CIBEUNYING KIDUL,TELKOMSEL,JL. P.H.H. MUSTOFA,107.641073,-6.900111,COMBAT,15,-,METER,2017
164,32,JAWA BARAT,3273,KOTA BANDUNG,3273210,CIBEUNYING KIDUL,32.73.14,CIBEUNYING KIDUL,IBS,JL. P.H.H. MUSTOFA,107.640802,-6.900163,POLE ROOFTOP,3,-,METER,2017
165,32,JAWA BARAT,3273,KOTA BANDUNG,3273210,CIBEUNYING KIDUL,32.73.14,CIBEUNYING KIDUL,PT. SINAR HARAPAN DIRGA TERDEPAN,JL. PRAMUKA TENGAH ASRAMA PUSENIF,107.634073,-6.904268,MONOPOLE,26,-,METER,2017
166,32,JAWA BARAT,3273,KOTA BANDUNG,3273210,CIBEUNYING KIDUL,32.73.14,CIBEUNYING KIDUL,NATRINDO TELEPON SELULER,JL. SUPRATMAN NO. 60,107.631203,-6.905535,MONOPOLE,36,-,METER,2017
167,32,JAWA BARAT,3273,KOTA BANDUNG,3273141,ANTAPANI,32.73.20,ANTAPANI,TELKOMSEL,JL. CIBODAS RAYA,107.665087,-6.926198,4 KAKI,52,-,METER,2017
168,32,JAWA BARAT,3273,KOTA BANDUNG,3273141,ANTAPANI,32.73.20,ANTAPANI,TOWER BERSAMA GROUP,JL. CIBODAS,107.664062,-6.924757,4 KAKI,42,-,METER,2017
169,32,JAWA BARAT,3273,KOTA BANDUNG,3273141,ANTAPANI,32.73.20,ANTAPANI,BAKRIE TELEKOM,JL. ANTAPANI NO. 4,107.660479,-6.917668,4 KAKI,52,-,METER,2017
170,32,JAWA BARAT,3273,KOTA BANDUNG,3273141,ANTAPANI,32.73.20,ANTAPANI,PT BALI COM TOWER,JL. PURWAKARTA 717,107.661032,-6.91721,KAMUFLASE MINARET DI MASJID,15,-,METER,2017
171,32,JAWA BARAT,3273,KOTA BANDUNG,3273141,ANTAPANI,32.73.20,ANTAPANI,IBS,JL. TERUSAN JAKARTA NO. 184,107.661581,-6.914291,POLE ROOFTOP,9,-,METER,2017
172,32,JAWA BARAT,3273,KOTA BANDUNG,3273141,ANTAPANI,32.73.20,ANTAPANI,XL AXIATA,JL. TERUSAN JAKARTA NO. 184,107.661693,-6.914226,KAMUFLASE TORN AIR,6,-,METER,2017
173,32,JAWA BARAT,3273,KOTA BANDUNG,3273141,ANTAPANI,32.73.20,ANTAPANI,TELKOMSEL,JL. SINDANG SARI RW 08,107.664598,-6.906813,POLE ROOFTOP,6,-,METER,2017
174,32,JAWA BARAT,3273,KOTA BANDUNG,3273141,ANTAPANI,32.73.20,ANTAPANI,NATRINDO TELEPON SELULER,JL. SINDANG SARI RT 07/09,107.66427,-6.90867,3 KAKI,42,-,METER,2017
175,32,JAWA BARAT,3273,KOTA BANDUNG,3273141,ANTAPANI,32.73.20,ANTAPANI,TOWER BERSAMA GROUP,JL. TERUSAN JAKARTA 112,107.655305,-6.912749,POLE ROOFTOP,9,-,METER,2017
176,32,JAWA BARAT,3273,KOTA BANDUNG,3273141,ANTAPANI,32.73.20,ANTAPANI,XL AXIATA,JL. DEPOK RAYA,107.657343,-6.914439,4 KAKI,32,-,METER,2017
177,32,JAWA BARAT,3273,KOTA BANDUNG,3273141,ANTAPANI,32.73.20,ANTAPANI,TELKOMSEL,JL. CIKAMPEK RAYA,107.657434,-6.916226,4 KAKI,42,-,METER,2017
178,32,JAWA BARAT,3273,KOTA BANDUNG,3273150,KIARACONDONG,32.73.16,KIARACONDONG,HUTCHISON CP TELEKOMUNICATION,JL. CIDURIAN UTARA NO. 37 RT 01/09,107.653969,-6.934935,3 KAKI,20,-,METER,2017
179,32,JAWA BARAT,3273,KOTA BANDUNG,3273150,KIARACONDONG,32.73.16,KIARACONDONG,TELKOMSEL,JL. TERUSAN PSM RT 06/06,107.652278,-6.930385,4 KAKI,42,-,METER,2017
180,32,JAWA BARAT,3273,KOTA BANDUNG,3273141,ANTAPANI,32.73.20,ANTAPANI,INDOSAT,JL. RANDU SARI RAYA,107.660747,-6.926125,4 KAKI,46,-,METER,2017
181,32,JAWA BARAT,3273,KOTA BANDUNG,3273141,ANTAPANI,32.73.20,ANTAPANI,NATRINDO TELEPON SELULER,JL. SARI INDAH RT 03/13,107.654842,-6.921781,3 KAKI,32,-,METER,2017
182,32,JAWA BARAT,3273,KOTA BANDUNG,3273150,KIARACONDONG,32.73.16,KIARACONDONG,INDOSAT,JL. KAMPUS 1 NO. 39,107.649542,-6.924715,POLE ROOFTOP,3,-,METER,2017
183,32,JAWA BARAT,3273,KOTA BANDUNG,3273150,KIARACONDONG,32.73.16,KIARACONDONG,TELKOMSEL,JL. KIARA CONDONG,107.644968,-6.921815,4 KAKI,20,-,METER,2017
184,32,JAWA BARAT,3273,KOTA BANDUNG,3273141,ANTAPANI,32.73.20,ANTAPANI,TELKOMSEL,JL. TERUSAN JAKARTA NO. 18A,107.647246,-6.913365,MONOPOLE,15,-,METER,2017
185,32,JAWA BARAT,3273,KOTA BANDUNG,3273141,ANTAPANI,32.73.20,ANTAPANI,TELKOMSEL,JL. TERUSAN JAKARTA (GRIYA),107.645371,-6.914389,POLE ROOFTOP,3,-,METER,2017
186,32,JAWA BARAT,3273,KOTA BANDUNG,3273150,KIARACONDONG,32.73.16,KIARACONDONG,NATRINDO TELEPON SELULER,JL. ATLAS BARAT NO. 8,107.645973,-6.915026,POLE ROOFTOP,15,-,METER,2017
187,32,JAWA BARAT,3273,KOTA BANDUNG,3273150,KIARACONDONG,32.73.16,KIARACONDONG,TELKOMSEL,JL. KIARA CONDONG NO. 277,107.64429,-6.929052,3 KAKI,20,-,METER,2017
188,32,JAWA BARAT,3273,KOTA BANDUNG,3273150,KIARACONDONG,32.73.16,KIARACONDONG,XL AXIATA,JL. IBRAHIM ADJIE ( KIARA CONDONG NO 321),107.643791,-6.931208,POLE ROOFTOP,3,-,METER,2017
189,32,JAWA BARAT,3273,KOTA BANDUNG,3273150,KIARACONDONG,32.73.16,KIARACONDONG,XL AXIATA,JL. TERUSAN GATOT SUBROTO SAMPING PINDAD,107.647203,-6.934843,4 KAKI,42,-,METER,2017
190,32,JAWA BARAT,3273,KOTA BANDUNG,3273150,KIARACONDONG,32.73.16,KIARACONDONG,XL AXIATA,JL. TERUSAN KIARA CONDONG,107.642109,-6.944227,MICROCELL POLE,15,-,METER,2017
191,32,JAWA BARAT,3273,KOTA BANDUNG,3273160,BATUNUNGGAL,32.73.12,BATUNUNGGAL,PROTELINDO,JL. KIARA CONDONG,107.644042,-6.925338,POLE ROOFTOP,9,-,METER,2017
192,32,JAWA BARAT,3273,KOTA BANDUNG,3273160,BATUNUNGGAL,32.73.12,BATUNUNGGAL,XL AXIATA,JL. KIARA CONDONG NO. 92,107.643407,-6.923157,4 KAKI,42,-,METER,2017
193,32,JAWA BARAT,3273,KOTA BANDUNG,3273210,CIBEUNYING KIDUL,32.73.14,CIBEUNYING KIDUL,NATRINDO TELEPON SELULER,JL. JENDRAL AHMAD YANI,107.654727,-6.902907,3 KAKI,20,-,METER,2017
194,32,JAWA BARAT,3273,KOTA BANDUNG,3273210,CIBEUNYING KIDUL,32.73.14,CIBEUNYING KIDUL,IBS,JL. JENDRAL AHMAD YANI,107.65147,-6.90438,4 KAKI,20,-,METER,2017
195,32,JAWA BARAT,3273,KOTA BANDUNG,3273210,CIBEUNYING KIDUL,32.73.14,CIBEUNYING KIDUL,TELKOMSEL,JL. JENDRAL AHMAD YANI RW. 07,107.646424,-6.907041,POLE ROOFTOP,4,-,METER,2017
196,32,JAWA BARAT,3273,KOTA BANDUNG,3273210,CIBEUNYING KIDUL,32.73.14,CIBEUNYING KIDUL,TELKOMSEL,JL. JENDRAL AHMAD YANI NO. 971,107.657469,-6.902067,3 KAKI,20,-,METER,2017
197,32,JAWA BARAT,3273,KOTA BANDUNG,3273210,CIBEUNYING KIDUL,32.73.14,CIBEUNYING KIDUL,NATRINDO TELEPON SELULER,JL. CIKUTRA NO. 10,107.643873,-6.907999,3 KAKI,15,-,METER,2017
198,32,JAWA BARAT,3273,KOTA BANDUNG,3273220,CIBEUNYING KALER,32.73.18,CIBEUNYING KALER,XL AXIATA,JL. JENDRAL AHMAD YANI,107.643869,-6.908652,POLE ROOFTOP,6,-,METER,2017
199,32,JAWA BARAT,3273,KOTA BANDUNG,3273210,CIBEUNYING KIDUL,32.73.14,CIBEUNYING KIDUL,TOWER BERSAMA GROUP,JL. JENDRAL AHMAD YANI NO. 393,107.638299,-6.911323,4 KAKI,25,-,METER,2017
200,32,JAWA BARAT,3273,KOTA BANDUNG,3273210,CIBEUNYING KIDUL,32.73.14,CIBEUNYING KIDUL,TELKOMSEL,JL. JENDRAL AHMAD YANI,107.639463,-6.910643,3 KAKI,20,-,METER,2017
201,32,JAWA BARAT,3273,KOTA BANDUNG,3273210,CIBEUNYING KIDUL,32.73.14,CIBEUNYING KIDUL,TELKOMSEL,JL. SUKAMULUS,107.63753,-6.908271,POLE ROOFTOP,6,-,METER,2017
202,32,JAWA BARAT,3273,KOTA BANDUNG,3273210,CIBEUNYING KIDUL,32.73.14,CIBEUNYING KIDUL,DAYA MITRA TELEKOMUNIKASI,JL. ASEP BERLIAN NO. 35,107.640238,-6.907399,MICROCELL POLE,20,-,METER,2017
203,32,JAWA BARAT,3273,KOTA BANDUNG,3273210,CIBEUNYING KIDUL,32.73.14,CIBEUNYING KIDUL,PT. MAS SARANA JAYA,JL. CIKUTRA NO. 7,107.643812,-6.906786,POLE ROOFTOP,6,-,METER,2017
204,32,JAWA BARAT,3273,KOTA BANDUNG,3273210,CIBEUNYING KIDUL,32.73.14,CIBEUNYING KIDUL,SOLUSI TUNAS PRATAMA,JL. CIKUTRA,107.641583,-6.904126,3 KAKI,36,-,METER,2017
205,32,JAWA BARAT,3273,KOTA BANDUNG,3273160,BATUNUNGGAL,32.73.12,BATUNUNGGAL,PROTELINDO,JL. SUKABUMI DALAM NO. 14B,107.636714,-6.917611,POLE ROOFTOP,12,-,METER,2017
206,32,JAWA BARAT,3273,KOTA BANDUNG,3273160,BATUNUNGGAL,32.73.12,BATUNUNGGAL,RADIO URBAN FM,JL. ANYAR NO. 52,107.638417,-6.918204,4 KAKI,20,-,METER,2017
207,32,JAWA BARAT,3273,KOTA BANDUNG,3273070,LENGKONG,32.73.13,LENGKONG,TOWER BERSAMA GROUP,JL. TURANGGA BARAT 111,107.633838,-6.931932,4 KAKI,45,-,METER,2017
208,32,JAWA BARAT,3273,KOTA BANDUNG,3273160,BATUNUNGGAL,32.73.12,BATUNUNGGAL,NATRINDO TELEPON SELULER,JL. JENDRAL AHMAD YANI NO. 326,107.634747,-6.912998,3 KAKI,15,-,METER,2017
209,32,JAWA BARAT,3273,KOTA BANDUNG,3273160,BATUNUNGGAL,32.73.12,BATUNUNGGAL,XL AXIATA,JL. JENDRAL AHMAD YANI NO. 432,107.640922,-6.909825,4 KAKI,20,-,METER,2017
210,32,JAWA BARAT,3273,KOTA BANDUNG,3273160,BATUNUNGGAL,32.73.12,BATUNUNGGAL,DAYA MITRA TELEKOMUNIKASI,JL. JENDRAL AHMAD YANI NO. 456,107.641687,-6.909481,POLE ROOFTOP,12,-,METER,2017
211,32,JAWA BARAT,3273,KOTA BANDUNG,3273150,KIARACONDONG,32.73.16,KIARACONDONG,TELKOMSEL,JL. IBRAHIM ADJIE,107.644334,-6.911203,POLE ROOFTOP,6,-,METER,2017
212,32,JAWA BARAT,3273,KOTA BANDUNG,3273160,BATUNUNGGAL,32.73.12,BATUNUNGGAL,TELKOMSEL,JL. CIANJUR,107.633916,-6.915795,POLE ROOFTOP,6,-,METER,2017
213,32,JAWA BARAT,3273,KOTA BANDUNG,3273160,BATUNUNGGAL,32.73.12,BATUNUNGGAL,RADIO MAESTRO,JL. KACAPIRING NO. 12,107.628604,-6.918337,4 KAKI,45,-,METER,2017
214,32,JAWA BARAT,3273,KOTA BANDUNG,3273160,BATUNUNGGAL,32.73.12,BATUNUNGGAL,XL AXIATA,JL. AHMAD YANI NO. 249,107.627546,-6.917167,MICROCELL POLE,10,-,METER,2017
215,32,JAWA BARAT,3273,KOTA BANDUNG,3273160,BATUNUNGGAL,32.73.12,BATUNUNGGAL,ABDI KOMUNIKA,JL. LASWI NO. 12,107.630349,-6.916982,4 KAKI,42,-,METER,2017
216,32,JAWA BARAT,3273,KOTA BANDUNG,3273160,BATUNUNGGAL,32.73.12,BATUNUNGGAL,XL AXIATA,JL. GUMURUH,107.637956,-6.933895,3 KAKI,36,-,METER,2017
217,32,JAWA BARAT,3273,KOTA BANDUNG,3273160,BATUNUNGGAL,32.73.12,BATUNUNGGAL,XL AXIATA,JL. GATOT SUBROTO,107.635369,-6.927198,POLE ROOFTOP,6,-,METER,2017
218,32,JAWA BARAT,3273,KOTA BANDUNG,3273160,BATUNUNGGAL,32.73.12,BATUNUNGGAL,INDOSAT,JL. GATOT SUBROTO,107.637185,-6.925338,POLE ROOFTOP,6,-,METER,2017
219,32,JAWA BARAT,3273,KOTA BANDUNG,3273160,BATUNUNGGAL,32.73.12,BATUNUNGGAL,TELKOMSEL,JL. GATOT SUBROTO,107.637204,-6.925313,3 KAKI,10,-,METER,2017
220,32,JAWA BARAT,3273,KOTA BANDUNG,3273070,LENGKONG,32.73.13,LENGKONG,XL AXIATA,JL. LENGKONG BESAR,107.613034,-6.92893,3 KAKI,25,-,METER,2017
221,32,JAWA BARAT,3273,KOTA BANDUNG,3273070,LENGKONG,32.73.13,LENGKONG,TELKOMSEL,JL. LENGKONG BESAR,107.612868,-6.92876,POLE ROOFTOP,6,-,METER,2017
222,32,JAWA BARAT,3273,KOTA BANDUNG,3273070,LENGKONG,32.73.13,LENGKONG,TELKOMSEL,JL. CIKAWAO NO. 18 RT 001/008,107.614204,-6.927694,4 KAKI,25,-,METER,2017
223,32,JAWA BARAT,3273,KOTA BANDUNG,3273160,BATUNUNGGAL,32.73.12,BATUNUNGGAL,INDOSAT,JL. KARAPITAN SUNDA,107.617554,-6.923002,POLE ROOFTOP,3,-,METER,2017
224,32,JAWA BARAT,3273,KOTA BANDUNG,3273160,BATUNUNGGAL,32.73.12,BATUNUNGGAL,XL AXIATA,JL. SUNDA,107.617574,-6.922983,POLE ROOFTOP,6,-,METER,2017
225,32,JAWA BARAT,3273,KOTA BANDUNG,3273070,LENGKONG,32.73.13,LENGKONG,TELKOMSEL,JL. ASIA AFRIKA,107.612185,-6.921908,MICROCELL POLE,12,-,METER,2017
226,32,JAWA BARAT,3273,KOTA BANDUNG,3273070,LENGKONG,32.73.13,LENGKONG,XL AXIATA,JL. ASIA AFRIKA,107.612097,-6.92184,MICROCELL POLE,10,-,METER,2017
227,32,JAWA BARAT,3273,KOTA BANDUNG,3273070,LENGKONG,32.73.13,LENGKONG,XL AXIATA,JL. TERUSAN BUAH BATU NO. 281,107.633121,-6.947499,POLE ROOFTOP,6,-,METER,2017
228,32,JAWA BARAT,3273,KOTA BANDUNG,3273080,BANDUNG KIDUL,32.73.21,BANDUNG KIDUL,TELKOMSEL,JL. SEKELIMUS BARAT,107.636267,-6.948899,4 KAKI,52,-,METER,2017
229,32,JAWA BARAT,3273,KOTA BANDUNG,3273080,BANDUNG KIDUL,32.73.21,BANDUNG KIDUL,XL AXIATA,JL. SEKELIMUS BARAT,107.637066,-6.950024,3 KAKI,36,-,METER,2017
230,32,JAWA BARAT,3273,KOTA BANDUNG,3273100,RANCASARI,32.73.23,RANCASARI,TELKOMSEL,JL. RANCABOLANG,107.676864,-6.953813,MONOPOLE,36,-,METER,2017
231,32,JAWA BARAT,3273,KOTA BANDUNG,3273090,BUAHBATU,32.73.22,BUAHBATU,TELKOMSEL,JL. SOEKARNO HATTA,107.659135,-6.943082,POLE ROOFTOP,6,-,METER,2017
232,32,JAWA BARAT,3273,KOTA BANDUNG,3273090,BUAHBATU,32.73.22,BUAHBATU,TELKOMSEL,JL. SOEKARNO HATTA NO. 526,107.641052,-6.94625,POLE ROOFTOP,6,-,METER,2017
233,32,JAWA BARAT,3273,KOTA BANDUNG,3273180,ANDIR,32.73.05,ANDIR,DAYA MITRA TELEKOMUNIKASI,JL. JENDRAL SUDIRMAN NO. 702 RT 01/2,107.57277,-6.916112,MICROCELL POLE,18,-,METER,2017
234,32,JAWA BARAT,3273,KOTA BANDUNG,3273010,BANDUNG KULON,32.73.15,BANDUNG KULON,XL AXIATA,GG. MAMA OTO RW.06,107.570686,-6.913324,3 KAKI,32,-,METER,2017
235,32,JAWA BARAT,3273,KOTA BANDUNG,3273010,BANDUNG KULON,32.73.15,BANDUNG KULON,NATRINDO TELEPON SELULER,JL. CIGONDEWAH BARAT GG. MESJID H. NEWAN RT 04/01,107.566069,-6.951223,4 KAKI,32,-,METER,2017
236,32,JAWA BARAT,3273,KOTA BANDUNG,3273010,BANDUNG KULON,32.73.15,BANDUNG KULON,TOWER BERSAMA GROUP,JL. TAMAN HOLIS RT 02/03,107.561825,-6.948363,4 KAKI,32,-,METER,2017
237,32,JAWA BARAT,3273,KOTA BANDUNG,3273010,BANDUNG KULON,32.73.15,BANDUNG KULON,XL AXIATA,JL. TAMAN HOLIS BLOK C1,107.562924,-6.944399,4 KAKI,20,-,METER,2017
238,32,JAWA BARAT,3273,KOTA BANDUNG,3273010,BANDUNG KULON,32.73.15,BANDUNG KULON,TOWER BERSAMA GROUP,JL. CIGONDEWAH RT 09/06,107.564602,-6.944795,4 KAKI,32,-,METER,2017
239,32,JAWA BARAT,3273,KOTA BANDUNG,3273010,BANDUNG KULON,32.73.15,BANDUNG KULON,TOWER BERSAMA GROUP,JL. CIJERAH RT 04,107.566476,-6.926187,4 KAKI,52,-,METER,2017
240,32,JAWA BARAT,3273,KOTA BANDUNG,3273010,BANDUNG KULON,32.73.15,BANDUNG KULON,TELKOMSEL,JL. MELONGASIH RT 07/08,107.565552,-6.919398,POLE ROOFTOP,6,-,METER,2017
241,32,JAWA BARAT,3273,KOTA BANDUNG,3273010,BANDUNG KULON,32.73.15,BANDUNG KULON,NATRINDO TELEPON SELULER,JL. HOLIS RT 07/07,107.686927,-6.95375,3 KAKI,36,-,METER,2017
242,32,JAWA BARAT,3273,KOTA BANDUNG,3273010,BANDUNG KULON,32.73.15,BANDUNG KULON,XL AXIATA,TAMAN HOLIS,107.68674,-6.955451,4 KAKI,25,-,METER,2017
243,32,JAWA BARAT,3273,KOTA BANDUNG,3273020,BABAKAN CIPARAY,32.73.03,BABAKAN CIPARAY,TOWER BERSAMA GROUP,JL. TERUSAN HOLIS RT 01/10,107.568437,-6.945369,4 KAKI,32,-,METER,2017
244,32,JAWA BARAT,3273,KOTA BANDUNG,3273010,BANDUNG KULON,32.73.15,BANDUNG KULON,NATRINDO TELEPON SELULER,JL. JATI BLOK F BUMI ASRI,107.554162,-6.934475,3 KAKI,32,-,METER,2017
245,32,JAWA BARAT,3273,KOTA BANDUNG,3273010,BANDUNG KULON,32.73.15,BANDUNG KULON,DIAN SWASTIKA SENTOSA (DSS),JL. HOLIS NO. 35,107.575983,-6.919818,POLE ROOFTOP,9,-,METER,2017
246,32,JAWA BARAT,3273,KOTA BANDUNG,3273010,BANDUNG KULON,32.73.15,BANDUNG KULON,TELKOMSEL,JL. TERUSAN SURYANI CIBUNTU TIMUR NO.4 RT 6,107.580133,-6.923406,4 KAKI,32,-,METER,2017
247,32,JAWA BARAT,3273,KOTA BANDUNG,3273010,BANDUNG KULON,32.73.15,BANDUNG KULON,DIAN SWASTIKA SENTOSA (DSS),JL. CIJERAH RT. 03/03,107.566832,-6.92511,4 KAKI,20,-,METER,2017
248,32,JAWA BARAT,3273,KOTA BANDUNG,3273180,ANDIR,32.73.05,ANDIR,TOWER BERSAMA GROUP,JL. RAJAWALI TIMUR NO. 11 RT 08/06,107.585426,-6.915748,POLE ROOFTOP,9,-,METER,2017
249,32,JAWA BARAT,3273,KOTA BANDUNG,3273010,BANDUNG KULON,32.73.15,BANDUNG KULON,HUTCHISON CP TELEKOMUNICATION,JL. CIJERAH,107.568224,-6.922626,POLE ROOFTOP,3,-,METER,2017
250,32,JAWA BARAT,3273,KOTA BANDUNG,3273010,BANDUNG KULON,32.73.15,BANDUNG KULON,TELKOMSEL,JL. H. ALFI RT 03/01,107.573243,-6.919558,MONOPOLE,25,-,METER,2017
251,32,JAWA BARAT,3273,KOTA BANDUNG,3273180,ANDIR,32.73.05,ANDIR,MOBICELL,JL. SUDIRMAN,107.575878,-6.91697,4 KAKI,15,-,METER,2017
252,32,JAWA BARAT,3273,KOTA BANDUNG,3273180,ANDIR,32.73.05,ANDIR,TELKOMSEL,JL. SUDIRMAN,107.575583,-6.917311,4 KAKI,15,-,METER,2017
253,32,JAWA BARAT,3273,KOTA BANDUNG,3273180,ANDIR,32.73.05,ANDIR,XL AXIATA,GG. RA BARNAS 1 RT 04/06,107.581069,-6.913302,4 KAKI,30,-,METER,2017
254,32,JAWA BARAT,3273,KOTA BANDUNG,3273180,ANDIR,32.73.05,ANDIR,PROTELINDO,JL. CIROYOM NO. 155 RT 01/02,107.579575,-6.908666,POLE ROOFTOP,9,-,METER,2017
255,32,JAWA BARAT,3273,KOTA BANDUNG,3273180,ANDIR,32.73.05,ANDIR,NATRINDO TELEPON SELULER,JL. GARUDA NO. 115,107.578736,-6.908947,3 KAKI,20,-,METER,2017
256,32,JAWA BARAT,3273,KOTA BANDUNG,3273180,ANDIR,32.73.05,ANDIR,DAYA MITRA TELEKOMUNIKASI,JL. CIROYOM (PASAR CIROYOM),107.587172,-6.914056,POLE ROOFTOP,9,-,METER,2017
257,32,JAWA BARAT,3273,KOTA BANDUNG,3273180,ANDIR,32.73.05,ANDIR,TELKOMSEL,JL. SUDIRMAN RT 01/03,107.589785,-6.918962,POLE ROOFTOP,3,-,METER,2017
258,32,JAWA BARAT,3273,KOTA BANDUNG,3273020,BABAKAN CIPARAY,32.73.03,BABAKAN CIPARAY,XL AXIATA,JL. JAMIKA NO. 96,107.585576,-6.922843,3 KAKI,12,-,METER,2017
259,32,JAWA BARAT,3273,KOTA BANDUNG,3273010,BANDUNG KULON,32.73.15,BANDUNG KULON,XL AXIATA,JL. MEKAR INDAH RT 08/08,107.56503,-6.923194,3 KAKI,25,-,METER,2017
260,32,JAWA BARAT,3273,KOTA BANDUNG,3273010,BANDUNG KULON,32.73.15,BANDUNG KULON,TELKOMSEL,JL. MEKAR INDAH NO. 1 RT 08/08,107.565003,-6.923369,MONOPOLE,32,-,METER,2017
261,32,JAWA BARAT,3273,KOTA BANDUNG,3273180,ANDIR,32.73.05,ANDIR,TELKOMSEL,JL. MALEBER BARAT NO. 52,107.571036,-6.907733,POLE ROOFTOP,9,-,METER,2017
262,32,JAWA BARAT,3273,KOTA BANDUNG,3273180,ANDIR,32.73.05,ANDIR,TELKOMSEL,JL. CIBADAK NO. 336,107.592893,-6.919689,3 KAKI,9,-,METER,2017
263,32,JAWA BARAT,3273,KOTA BANDUNG,3273180,ANDIR,32.73.05,ANDIR,TELKOMSEL,JL. JENDRAL SUDIRMAN,107.586235,-6.91879,POLE ROOFTOP,9,-,METER,2017
264,32,JAWA BARAT,3273,KOTA BANDUNG,3273180,ANDIR,32.73.05,ANDIR,INDOSAT,JL. CIBEUREUM,107.568017,-6.908287,POLE ROOFTOP,6,-,METER,2017
265,32,JAWA BARAT,3273,KOTA BANDUNG,3273180,ANDIR,32.73.05,ANDIR,XL AXIATA,JL. CIBEUREUM NO. 14,107.568487,-6.907955,3 KAKI,31,-,METER,2017
266,32,JAWA BARAT,3273,KOTA BANDUNG,3273020,BABAKAN CIPARAY,32.73.03,BABAKAN CIPARAY,DAYA MITRA TELEKOMUNIKASI,JL. CARINGIN BLOK KOPAT,107.57339,-6.943425,POLE ROOFTOP,12,-,METER,2017
267,32,JAWA BARAT,3273,KOTA BANDUNG,3273020,BABAKAN CIPARAY,32.73.03,BABAKAN CIPARAY,TOWER BERSAMA GROUP,JL. CARINGIN NO. 113,107.582082,-6.945399,POLE ROOFTOP,3,-,METER,2017
268,32,JAWA BARAT,3273,KOTA BANDUNG,3273020,BABAKAN CIPARAY,32.73.03,BABAKAN CIPARAY,TRITUNGGAL PUTRA PERKASA,JL. CARINGIN RT 02/05,107.578507,-6.94359,3 KAKI,15,-,METER,2017
269,32,JAWA BARAT,3273,KOTA BANDUNG,3273020,BABAKAN CIPARAY,32.73.03,BABAKAN CIPARAY,XL AXIATA,JL. MAKAN CARINGIN RT 04/02,107.583416,-6.947519,POLE ROOFTOP,6,-,METER,2017
270,32,JAWA BARAT,3273,KOTA BANDUNG,3273020,BABAKAN CIPARAY,32.73.03,BABAKAN CIPARAY,TELKOMSEL,JL. MARGAGJAYA III,107.576116,-6.949438,4 KAKI,52,-,METER,2017
271,32,JAWA BARAT,3273,KOTA BANDUNG,3273020,BABAKAN CIPARAY,32.73.03,BABAKAN CIPARAY,XL AXIATA,JL. MARGAJAYA,107.577473,-6.948699,3 KAKI,32,-,METER,2017
272,32,JAWA BARAT,3273,KOTA BANDUNG,3273020,BABAKAN CIPARAY,32.73.03,BABAKAN CIPARAY,TELKOMSEL,JL. KOPO MAS REGENCY 9D,107.579849,-6.959115,POLE ROOFTOP,15,-,METER,2017
273,32,JAWA BARAT,3273,KOTA BANDUNG,3273020,BABAKAN CIPARAY,32.73.03,BABAKAN CIPARAY,DAYA MITRA TELEKOMUNIKASI,JL. KOPO MAS REGENCY,107.578526,-6.95803,POLE ROOFTOP,6,-,METER,2017
274,32,JAWA BARAT,3273,KOTA BANDUNG,3273020,BABAKAN CIPARAY,32.73.03,BABAKAN CIPARAY,PT. MAS SARANA JAYA,JL. KOPO NO. 599,107.581516,-6.960136,POLE ROOFTOP,3,-,METER,2017
275,32,JAWA BARAT,3273,KOTA BANDUNG,3273020,BABAKAN CIPARAY,32.73.03,BABAKAN CIPARAY,XL AXIATA,JL. CIRANGRANG TIMUR RT 03/02,107.58698,-6.955292,4 KAKI,55,-,METER,2017
276,32,JAWA BARAT,3273,KOTA BANDUNG,3273020,BABAKAN CIPARAY,32.73.03,BABAKAN CIPARAY,TELKOMSEL,JL. KOPO CIRANGRANG NO. 550,107.583183,-6.955487,POLE ROOFTOP,6,-,METER,2017
277,32,JAWA BARAT,3273,KOTA BANDUNG,3273020,BABAKAN CIPARAY,32.73.03,BABAKAN CIPARAY,TELKOMSEL,JL. KOPO NO. 469 RT 02/01,107.585402,-6.952469,3 KAKI,20,-,METER,2017
278,32,JAWA BARAT,3273,KOTA BANDUNG,3273020,BABAKAN CIPARAY,32.73.03,BABAKAN CIPARAY,TELKOMSEL,KOMP. TAMAN SURYA INDAH JL. SOEKARNO HATTA NO. 150,107.581071,-6.938319,3 KAKI,20,-,METER,2017
279,32,JAWA BARAT,3273,KOTA BANDUNG,3273020,BABAKAN CIPARAY,32.73.03,BABAKAN CIPARAY,TOWER BERSAMA GROUP,JL. BABAKAN CIPARAY 108,107.583343,-6.941608,4 KAKI,52,-,METER,2017
280,32,JAWA BARAT,3273,KOTA BANDUNG,3273040,BOJONGLOA KIDUL,32.73.17,BOJONGLOA KIDUL,RADIO RAMA,JL. BLORA SELATAN NO. 37,107.600964,-6.942812,4 KAKI,72,-,METER,2017
281,32,JAWA BARAT,3273,KOTA BANDUNG,3273040,BOJONGLOA KIDUL,32.73.17,BOJONGLOA KIDUL,PROTELINDO,JL. BLORA SARI 1 NO 41 RT 01/02,107.599957,-6.944564,POLE ROOFTOP,3,-,METER,2017
282,32,JAWA BARAT,3273,KOTA BANDUNG,3273040,BOJONGLOA KIDUL,32.73.17,BOJONGLOA KIDUL,SOLUSI TUNAS PRATAMA,JL. KEBON LOYA 2 RT 11/04,107.597119,-6.941062,4 KAKI,42,-,METER,2017
283,32,JAWA BARAT,3273,KOTA BANDUNG,3273040,BOJONGLOA KIDUL,32.73.17,BOJONGLOA KIDUL,XL AXIATA,JL. LEUWI PANJANG KEBON LEGA 2 RT 13/04,107.597544,-6.941596,4 KAKI,32,-,METER,2017
284,32,JAWA BARAT,3273,KOTA BANDUNG,3273030,BOJONGLOA KALER,32.73.04,BOJONGLOA KALER,PROTELINDO,JL. KOPO 178 RT 04/03,107.595814,-6.934473,POLE ROOFTOP,3,-,METER,2017
285,32,JAWA BARAT,3273,KOTA BANDUNG,3273040,BOJONGLOA KIDUL,32.73.17,BOJONGLOA KIDUL,TELKOMSEL,JL. MEKAR WANGI LAKSANA,107.605548,-6.953196,POLE ROOFTOP,6,-,METER,2017
286,32,JAWA BARAT,3273,KOTA BANDUNG,3273040,BOJONGLOA KIDUL,32.73.17,BOJONGLOA KIDUL,XL AXIATA,BABAKAN MUSLIMIN RT 03/06,107.609037,-6.955594,POLE ROOFTOP,6,-,METER,2017
287,32,JAWA BARAT,3273,KOTA BANDUNG,3273040,BOJONGLOA KIDUL,32.73.17,BOJONGLOA KIDUL,TELKOMSEL,JL. SOEKARNO HATTA NO. 378,107.600934,-6.948219,POLE ROOFTOP,9,-,METER,2017
288,32,JAWA BARAT,3273,KOTA BANDUNG,3273040,BOJONGLOA KIDUL,32.73.17,BOJONGLOA KIDUL,TELKOMSEL,JL. PETA,107.597459,-6.937915,4 KAKI,36,-,METER,2017
289,32,JAWA BARAT,3273,KOTA BANDUNG,3273040,BOJONGLOA KIDUL,32.73.17,BOJONGLOA KIDUL,XL AXIATA,JL. SOEKARNO HATTA NO. 162,107.597728,-6.948119,3 KAKI,12,-,METER,2017
290,32,JAWA BARAT,3273,KOTA BANDUNG,3273020,BABAKAN CIPARAY,32.73.03,BABAKAN CIPARAY,DAYA MITRA TELEKOMUNIKASI,JL. SOEKARNO HATTA NO. 162,107.577995,-6.935259,MICROCELL POLE,25,-,METER,2017
291,32,JAWA BARAT,3273,KOTA BANDUNG,3273020,BABAKAN CIPARAY,32.73.03,BABAKAN CIPARAY,XL AXIATA,JL. PAGARSIH BARAT,107.584348,-6.921888,3 KAKI,18,-,METER,2017
292,32,JAWA BARAT,3273,KOTA BANDUNG,3273020,BABAKAN CIPARAY,32.73.03,BABAKAN CIPARAY,TELKOMSEL,JL. TAMAN LILI GARDANIA,107.580812,-6.929174,4 KAKI,62,-,METER,2017
293,32,JAWA BARAT,3273,KOTA BANDUNG,3273180,ANDIR,32.73.05,ANDIR,TELKOMSEL,JL. KEBON JATI NO. 152,107.596126,-6.915755,POLE ROOFTOP,3,-,METER,2017
294,32,JAWA BARAT,3273,KOTA BANDUNG,3273180,ANDIR,32.73.05,ANDIR,DIAN SWASTIKA SENTOSA (DSS),JL. PASIR KALIKI NO 22,107.597961,-6.915299,4 KAKI,15,-,METER,2017
295,32,JAWA BARAT,3273,KOTA BANDUNG,3273060,REGOL,32.73.11,REGOL,SMARTFREN,JL. MOHAMMAD TOHA NO. 380,107.61268,-6.958499,POLE ROOFTOP,15,-,METER,2017
296,32,JAWA BARAT,3273,KOTA BANDUNG,3273060,REGOL,32.73.11,REGOL,TELKOMSEL,JL. MOHAMMAD TOHA,107.61045,-6.951763,POLE ROOFTOP,6,-,METER,2017
297,32,JAWA BARAT,3273,KOTA BANDUNG,3273060,REGOL,32.73.11,REGOL,SMARTFREN,JL. MOHAMMAD TOHA NO. 279,107.610452,-6.951799,4 KAKI,16,-,METER,2017
298,32,JAWA BARAT,3273,KOTA BANDUNG,3273060,REGOL,32.73.11,REGOL,DAYA MITRA TELEKOMUNIKASI,JL. MOHAMMAD TOHA NO. 355 D,107.611846,-6.954718,POLE ROOFTOP,6,-,METER,2017
299,32,JAWA BARAT,3273,KOTA BANDUNG,3273060,REGOL,32.73.11,REGOL,DAYA MITRA TELEKOMUNIKASI,JL. MENGGAR GIRANG 1 NO. 39,107.615906,-6.951856,3 KAKI,15,-,METER,2017
300,32,JAWA BARAT,3273,KOTA BANDUNG,3273060,REGOL,32.73.11,REGOL,XL AXIATA,JL. MENGGER 1 NO. 39,107.616001,-6.951891,POLE ROOFTOP,9,-,METER,2017
301,32,JAWA BARAT,3273,KOTA BANDUNG,3273060,REGOL,32.73.11,REGOL,TOWER BERSAMA GROUP,JL. KUTRA RAYA NO. 2,107.622156,-6.955885,4 KAKI,50,-,METER,2017
302,32,JAWA BARAT,3273,KOTA BANDUNG,3273080,BANDUNG KIDUL,32.73.21,BANDUNG KIDUL,TELKOMSEL,JL. SUKAMANAH NO. 102 RT 03/02,107.622509,-6.956775,4 KAKI,36,-,METER,2017
303,32,JAWA BARAT,3273,KOTA BANDUNG,3273060,REGOL,32.73.11,REGOL,TELKOMSEL,JL. SOEKARNO HATTA NO. 438,107.618777,-6.94928,COMBAT,14,-,METER,2017
304,32,JAWA BARAT,3273,KOTA BANDUNG,3273060,REGOL,32.73.11,REGOL,PROTELINDO,JL. PASIR SALAM RAYA 1 NO. 36,107.619172,-6.945241,MONOPOLE,25,-,METER,2017
305,32,JAWA BARAT,3273,KOTA BANDUNG,3273060,REGOL,32.73.11,REGOL,TOWER BERSAMA GROUP,JL. PASIR SALAM RT 06/09,107.618325,-6.94391,MONOPOLE,30,-,METER,2017
306,32,JAWA BARAT,3273,KOTA BANDUNG,3273060,REGOL,32.73.11,REGOL,PROTELINDO,JL. MOHAMMAD TOHA NO. 49,107.606872,-6.941031,POLE ROOFTOP,8,-,METER,2017
307,32,JAWA BARAT,3273,KOTA BANDUNG,3273060,REGOL,32.73.11,REGOL,SMARTFREN,JL. BABAKAN PRIANGAN III,107.612896,-6.94741,POLE ROOFTOP,6,-,METER,2017
308,32,JAWA BARAT,3273,KOTA BANDUNG,3273030,BOJONGLOA KALER,32.73.04,BOJONGLOA KALER,TELKOMSEL,JL. PAGARSIH NO. 142 RT 10/04,107.591758,-6.922633,3 KAKI,9,-,METER,2017
309,32,JAWA BARAT,3273,KOTA BANDUNG,3273050,ASTANAANYAR,32.73.10,ASTANA ANYAR,XL AXIATA,JL. H. SUPARI NO. 51,107.596637,-6.925184,POLE ROOFTOP,9,-,METER,2017
310,32,JAWA BARAT,3273,KOTA BANDUNG,3273040,BOJONGLOA KIDUL,32.73.17,BOJONGLOA KIDUL,NATRINDO TELEPON SELULER,JL. CIPARAY TENGAH NO. 3 RT 05/01,107.592848,-6.962134,3 KAKI,32,-,METER,2017
311,32,JAWA BARAT,3273,KOTA BANDUNG,3273040,BOJONGLOA KIDUL,32.73.17,BOJONGLOA KIDUL,TELKOMSEL,JL. ANTA BOGA NO. 2,107.595426,-6.959352,MONOPOLE,15,-,METER,2017
312,32,JAWA BARAT,3273,KOTA BANDUNG,3273040,BOJONGLOA KIDUL,32.73.17,BOJONGLOA KIDUL,TELKOMSEL,JL. CIBADUYUT RAYA NO. 142,107.592709,-6.955679,3 KAKI,12,-,METER,2017
313,32,JAWA BARAT,3273,KOTA BANDUNG,3273180,ANDIR,32.73.05,ANDIR,TELKOMSEL,JL. JENDRAL SUDIRMAN NO. 21 A,107.596322,-6.91992,4 KAKI,20,-,METER,2017
314,32,JAWA BARAT,3273,KOTA BANDUNG,3273050,ASTANAANYAR,32.73.10,ASTANA ANYAR,NATRINDO TELEPON SELULER,JL. CIBADAK,107.593837,-6.921409,MONOPOLE,32,-,METER,2017
315,32,JAWA BARAT,3273,KOTA BANDUNG,3273050,ASTANAANYAR,32.73.10,ASTANA ANYAR,TELKOMSEL,JL. ASTANA ANYAR NO.,107.59933,-6.925128,3 KAKI,20,-,METER,2017
316,32,JAWA BARAT,3273,KOTA BANDUNG,3273050,ASTANAANYAR,32.73.10,ASTANA ANYAR,TELKOMSEL,JL. PAJAGALAN NO. 89,107.600554,-6.928283,3 KAKI,20,-,METER,2017
317,32,JAWA BARAT,3273,KOTA BANDUNG,3273050,ASTANAANYAR,32.73.10,ASTANA ANYAR,XL AXIATA,JL. KOPO NO. 38A,107.597536,-6.928882,3 KAKI,15,-,METER,2017
318,32,JAWA BARAT,3273,KOTA BANDUNG,3273050,ASTANAANYAR,32.73.10,ASTANA ANYAR,NATRINDO TELEPON SELULER,JL. KOPO NO.,107.597851,-6.927239,POLE ROOFTOP,3,-,METER,2017
319,32,JAWA BARAT,3273,KOTA BANDUNG,3273050,ASTANAANYAR,32.73.10,ASTANA ANYAR,TELKOMSEL,JL. INHOFTANK NO. 21,107.603118,-6.938996,POLE ROOFTOP,3,-,METER,2017
320,32,JAWA BARAT,3273,KOTA BANDUNG,3273050,ASTANAANYAR,32.73.10,ASTANA ANYAR,SMARTFREN,JL. INHOFTANK NO. 29 M,107.60313,-6.939331,POLE ROOFTOP,9,-,METER,2017
321,32,JAWA BARAT,3273,KOTA BANDUNG,3273060,REGOL,32.73.11,REGOL,SMARTFREN,JL. ANCOL TIMUR 10,107.61727,-6.935759,POLE ROOFTOP,10,-,METER,2017
322,32,JAWA BARAT,3273,KOTA BANDUNG,3273060,REGOL,32.73.11,REGOL,PROTELINDO,JL. SRIMAHI DALAM NO. 289,107.615803,-6.935805,POLE ROOFTOP,7,-,METER,2017
323,32,JAWA BARAT,3273,KOTA BANDUNG,3273060,REGOL,32.73.11,REGOL,RADIO GARUDA FM 105.5,JL. M. RAMDHAN NO. 49A,107.612881,-6.935113,4 KAKI,58,-,METER,2017
324,32,JAWA BARAT,3273,KOTA BANDUNG,3273060,REGOL,32.73.11,REGOL,PROTELINDO,JL. M. RAMDHAN NO. 5,107.614687,-6.932656,POLE ROOFTOP,9,-,METER,2017
325,32,JAWA BARAT,3273,KOTA BANDUNG,3273050,ASTANAANYAR,32.73.10,ASTANA ANYAR,PT MA XL,JL. PUNGKUR NO. 9,107.606295,-6.928183,POLE ROOFTOP,9,-,METER,2017
326,32,JAWA BARAT,3273,KOTA BANDUNG,3273050,ASTANAANYAR,32.73.10,ASTANA ANYAR,PROTELINDO,JL. PUNGKUR NO. 4,107.606325,-6.928839,POLE ROOFTOP,7,-,METER,2017
327,32,JAWA BARAT,3273,KOTA BANDUNG,3273060,REGOL,32.73.11,REGOL,NATRINDO TELEPON SELULER,JL. PUNGKUR (ABDUL MUIS) NO. 49 B,107.605347,-6.927361,3 KAKI,15,-,METER,2017
328,32,JAWA BARAT,3273,KOTA BANDUNG,3273060,REGOL,32.73.11,REGOL,TELKOMSEL,JL. PUNGKUR,107.607002,-6.927542,4 KAKI,20,-,METER,2017
329,32,JAWA BARAT,3273,KOTA BANDUNG,3273050,ASTANAANYAR,32.73.10,ASTANA ANYAR,HUTCHISON CP TELEKOMUNICATION,JL. OTO ISKANDAR DINATA,107.603044,-6.935261,POLE ROOFTOP,9,-,METER,2017
330,32,JAWA BARAT,3273,KOTA BANDUNG,3273060,REGOL,32.73.11,REGOL,NATRINDO TELEPON SELULER,JL. MENGGER GIRANG,107.603036,-6.931232,COMBAT,3,-,METER,2017
331,32,JAWA BARAT,3273,KOTA BANDUNG,3273020,BABAKAN CIPARAY,32.73.03,BABAKAN CIPARAY,NATRINDO TELEPON SELULER,JL. TERUSAN PASIR KOJA,107.588288,-6.9261,MONOPOLE,36,-,METER,2017
332,32,JAWA BARAT,3273,KOTA BANDUNG,3273170,SUMUR BANDUNG,32.73.19,SUMUR BANDUNG,INDOSAT,JL. AHMAD YANI,107.618451,-6.921881,POLE ROOFTOP,15,-,METER,2017
333,32,JAWA BARAT,3273,KOTA BANDUNG,3273070,LENGKONG,32.73.13,LENGKONG,TELKOMSEL,JL. GATOT SUBROTO NO. 9,107.618404,-6.922514,3 KAKI,15,-,METER,2017
334,32,JAWA BARAT,3273,KOTA BANDUNG,3273170,SUMUR BANDUNG,32.73.19,SUMUR BANDUNG,DAYA MITRA TELEKOMUNIKASI,JL. SUNDONO NO. 34 A,107.617828,-6.920148,3 KAKI,15,-,METER,2017
335,32,JAWA BARAT,3273,KOTA BANDUNG,3273170,SUMUR BANDUNG,32.73.19,SUMUR BANDUNG,YOGYA GROUP,JL. SUNDA NO. 83,107.618041,-6.91778,4 KAKI,25,-,METER,2017
336,32,JAWA BARAT,3273,KOTA BANDUNG,3273170,SUMUR BANDUNG,32.73.19,SUMUR BANDUNG,TELKOMSEL,JL. NARIPAN NO. 57-59,107.614107,-6.920434,POLE ROOFTOP,6,-,METER,2017
337,32,JAWA BARAT,3273,KOTA BANDUNG,3273060,REGOL,32.73.11,REGOL,DAYA MITRA TELEKOMUNIKASI,JL. DALEM KAUM NO. 54,107.605886,-6.922394,POLE ROOFTOP,6,-,METER,2017
338,32,JAWA BARAT,3273,KOTA BANDUNG,3273060,REGOL,32.73.11,REGOL,XL AXIATA,JL. DALEM KAUM NO. 54,107.606215,-6.922443,POLE ROOFTOP,6,-,METER,2017
339,32,JAWA BARAT,3273,KOTA BANDUNG,3273060,REGOL,32.73.11,REGOL,XL AXIATA,JL. DEWI SARTIKA,107.60618,-6.923858,MICROCELL POLE,12,-,METER,2017
340,32,JAWA BARAT,3273,KOTA BANDUNG,3273060,REGOL,32.73.11,REGOL,INDOTEK JAYA LESTARI,JL. DALEM KAUM,107.606012,-6.923928,COMBAT,7,-,METER,2017
341,32,JAWA BARAT,3273,KOTA BANDUNG,3273060,REGOL,32.73.11,REGOL,TELKOMSEL,JL. DALEM KAUM,107.6056,-6.923532,POLE ROOFTOP,6,-,METER,2017
342,32,JAWA BARAT,3273,KOTA BANDUNG,3273060,REGOL,32.73.11,REGOL,IBS,JL. DALEM KAUM,107.605021,-6.92213,POLE ROOFTOP,6,-,METER,2017
343,32,JAWA BARAT,3273,KOTA BANDUNG,3273170,SUMUR BANDUNG,32.73.19,SUMUR BANDUNG,TELKOMSEL,JL. ASIA AFRIKA NO. 57-59,107.607506,-6.920673,POLE ROOFTOP,6,-,METER,2017
344,32,JAWA BARAT,3273,KOTA BANDUNG,3273170,SUMUR BANDUNG,32.73.19,SUMUR BANDUNG,INDOSAT,JL. BRAGA,107.609942,-6.91945,POLE ROOFTOP,6,-,METER,2017
345,32,JAWA BARAT,3273,KOTA BANDUNG,3273190,CICENDO,32.73.06,CICENDO,LITA FM,JL. BUDI NO. 42,107.558706,-6.890928,4 KAKI,45,-,METER,2017
346,32,JAWA BARAT,3273,KOTA BANDUNG,3273190,CICENDO,32.73.06,CICENDO,TOWER BERSAMA GROUP,JL. BUMI SUGIH,107.558519,-6.88933,4 KAKI,30,-,METER,2017
347,32,JAWA BARAT,3273,KOTA BANDUNG,3273180,ANDIR,32.73.05,ANDIR,HUTCHISON CP TELEKOMUNICATION,JL. BABAKAN CIANJUR NO. 27 RT 02/07,107.565137,-6.893907,POLE ROOFTOP,8,-,METER,2017
348,32,JAWA BARAT,3273,KOTA BANDUNG,3273190,CICENDO,32.73.06,CICENDO,DAYA MITRA TELEKOMUNIKASI,JL. GUNUNG BATU NO. 201,107.567366,-6.889653,POLE ROOFTOP,12,-,METER,2017
349,32,JAWA BARAT,3273,KOTA BANDUNG,3273190,CICENDO,32.73.06,CICENDO,SMARTFREN,JL. GUNUNG BATU NO. 201,107.56756,-6.889591,POLE ROOFTOP,12,-,METER,2017
350,32,JAWA BARAT,3273,KOTA BANDUNG,3273190,CICENDO,32.73.06,CICENDO,NATRINDO TELEPON SELULER,JL. AGUSTA,107.572872,-6.895116,MONOPOLE,36,-,METER,2017
351,32,JAWA BARAT,3273,KOTA BANDUNG,3273240,SUKAJADI,32.73.07,SUKAJADI,SOLUSI TUNAS PRATAMA,JL. SURYA SUMANTRI KAV. 8 B,107.581215,-6.881535,3 KAKI,15,-,METER,2017
352,32,JAWA BARAT,3273,KOTA BANDUNG,3273240,SUKAJADI,32.73.07,SUKAJADI,XL AXIATA,JL. SURYA SUMATRI NO. 32,107.582177,-6.889228,POLE ROOFTOP,3,-,METER,2017
353,32,JAWA BARAT,3273,KOTA BANDUNG,3273240,SUKAJADI,32.73.07,SUKAJADI,TELKOMSEL,JL. SURYA SUMANTRI,107.580966,-6.885379,POLE ROOFTOP,3,-,METER,2017
354,32,JAWA BARAT,3273,KOTA BANDUNG,3273240,SUKAJADI,32.73.07,SUKAJADI,TIDAK TERIDENTIFIKASI,JL. SURYA SUMANTRI NO. 91,107.580876,-6.883462,POLE ROOFTOP,3,-,METER,2017
355,32,JAWA BARAT,3273,KOTA BANDUNG,3273030,BOJONGLOA KALER,32.73.04,BOJONGLOA KALER,DAYA MITRA TELEKOMUNIKASI,JL. BABAKAN CIPARAY,107.58484,-6.930082,POLE ROOFTOP,3,-,METER,2017
356,32,JAWA BARAT,3273,KOTA BANDUNG,3273190,CICENDO,32.73.06,CICENDO,TIDAK TERIDENTIFIKASI,JL. HUSEIN,107.572285,-6.903236,4 KAKI,36,-,METER,2017
357,32,JAWA BARAT,3273,KOTA BANDUNG,3273180,ANDIR,32.73.05,ANDIR,TELKOMSEL,JL. MALEBER NO. 112 RT 06/06,107.572119,-6.903556,POLE ROOFTOP,5,-,METER,2017
358,32,JAWA BARAT,3273,KOTA BANDUNG,3273180,ANDIR,32.73.05,ANDIR,TELKOMSEL,JL. MALEBER NO.. 12 A,107.576179,-6.906072,POLE ROOFTOP,3,-,METER,2017
359,32,JAWA BARAT,3273,KOTA BANDUNG,3273190,CICENDO,32.73.06,CICENDO,TELKOMSEL,JL. INDOSARI NO. 11 C  RT 11/08,107.591575,-6.913427,MICROCELL POLE,12,-,METER,2017
360,32,JAWA BARAT,3273,KOTA BANDUNG,3273190,CICENDO,32.73.06,CICENDO,TIDAK TERIDENTIFIKASI,JL. PASKAL,107.597552,-6.914505,POLE ROOFTOP,3,-,METER,2017
361,32,JAWA BARAT,3273,KOTA BANDUNG,3273190,CICENDO,32.73.06,CICENDO,SMARTFREN,JL. PASIR KALIKI,107.598013,-6.911272,POLE ROOFTOP,3,-,METER,2017
362,32,JAWA BARAT,3273,KOTA BANDUNG,3273190,CICENDO,32.73.06,CICENDO,TELKOMSEL,JL. PASIR KALIKI,107.597764,-6.910776,4 KAKI,42,-,METER,2017
363,32,JAWA BARAT,3273,KOTA BANDUNG,3273190,CICENDO,32.73.06,CICENDO,TELKOMSEL,JL. SAMIAJI RT 10/05,107.595063,-6.908947,POLE ROOFTOP,5,-,METER,2017
364,32,JAWA BARAT,3273,KOTA BANDUNG,3273190,CICENDO,32.73.06,CICENDO,XL AXIATA,JL. KRESNA NO. 32,107.593603,-6.909399,4 KAKI,15,-,METER,2017
365,32,JAWA BARAT,3273,KOTA BANDUNG,3273190,CICENDO,32.73.06,CICENDO,TELKOMSEL,JL. PAJAGALAN NO. 123 C,107.590548,-6.907159,MICROCELL POLE,15,-,METER,2017
366,32,JAWA BARAT,3273,KOTA BANDUNG,3273190,CICENDO,32.73.06,CICENDO,XL AXIATA,JL. PAJAGALAN NO.,107.589184,-6.906902,POLE ROOFTOP,6,-,METER,2017
367,32,JAWA BARAT,3273,KOTA BANDUNG,3273190,CICENDO,32.73.06,CICENDO,SMARTFREN,JL. PAJAJARAN NO. 94,107.591869,-6.906903,POLE ROOFTOP,3,-,METER,2017
368,32,JAWA BARAT,3273,KOTA BANDUNG,3273190,CICENDO,32.73.06,CICENDO,SMARTFREN,JL. PASIR KALIKI,107.596781,-6.902112,POLE ROOFTOP,6,-,METER,2017
369,32,JAWA BARAT,3273,KOTA BANDUNG,3273190,CICENDO,32.73.06,CICENDO,TELKOMSEL,JL. DR. JUNJUNAN,107.589189,-6.895646,POLE ROOFTOP,3,-,METER,2017
370,32,JAWA BARAT,3273,KOTA BANDUNG,3273040,BOJONGLOA KIDUL,32.73.17,BOJONGLOA KIDUL,XL AXIATA,JL. CIBADUYUT NO. 32 RT 07/07,107.591262,-6.94769,3 KAKI,32,-,METER,2017
371,32,JAWA BARAT,3273,KOTA BANDUNG,3273240,SUKAJADI,32.73.07,SUKAJADI,XL AXIATA,JL. SUKAJADI NO. 16,107.597336,-6.895785,4 KAKI,20,-,METER,2017
372,32,JAWA BARAT,3273,KOTA BANDUNG,3273240,SUKAJADI,32.73.07,SUKAJADI,SOLUSI TUNAS PRATAMA,JL. SUKAJADI,107.59707,-6.894556,POLE ROOFTOP,3,-,METER,2017
373,32,JAWA BARAT,3273,KOTA BANDUNG,3273240,SUKAJADI,32.73.07,SUKAJADI,INDOSAT,JL. SUKAJADI NO. 84,107.597134,-6.892128,POLE ROOFTOP,6,-,METER,2017
374,32,JAWA BARAT,3273,KOTA BANDUNG,3273240,SUKAJADI,32.73.07,SUKAJADI,PROTELINDO,JL. SUKAJADI,107.596872,-6.88519,POLE ROOFTOP,9,-,METER,2017
375,32,JAWA BARAT,3273,KOTA BANDUNG,3273240,SUKAJADI,32.73.07,SUKAJADI,NATRINDO TELEPON SELULER,JL. SUKAJADI,107.596814,-6.885118,POLE ROOFTOP,9,-,METER,2017
376,32,JAWA BARAT,3273,KOTA BANDUNG,3273240,SUKAJADI,32.73.07,SUKAJADI,TELKOMSEL,JL. SUKAJADI NO. 152 C,107.597338,-6.88837,3 KAKI,20,-,METER,2017
377,32,JAWA BARAT,3273,KOTA BANDUNG,3273240,SUKAJADI,32.73.07,SUKAJADI,TELKOMSEL,JL. BABAKAN CARINGIN,107.587598,-6.888278,4 KAKI,42,-,METER,2017
378,32,JAWA BARAT,3273,KOTA BANDUNG,3273240,SUKAJADI,32.73.07,SUKAJADI,PROTELINDO,JL. CIPEDES TENGAH,107.59079,-6.881884,POLE ROOFTOP,3,-,METER,2017
379,32,JAWA BARAT,3273,KOTA BANDUNG,3273240,SUKAJADI,32.73.07,SUKAJADI,TELKOMSEL,JL. SETRA INDAH 3,107.589586,-6.883379,MINARET DI MASJID,30,-,METER,2017
380,32,JAWA BARAT,3273,KOTA BANDUNG,3273240,SUKAJADI,32.73.07,SUKAJADI,MILIK MESJID,JL. CIPEDES TENGAH 1,107.589555,-6.879126,MINARET DI MASJID,25,-,METER,2017
381,32,JAWA BARAT,3273,KOTA BANDUNG,3273240,SUKAJADI,32.73.07,SUKAJADI,PROTELINDO,JL. SUKAJADI NO. 62 RT /10,107.599189,-6.892192,POLE ROOFTOP,8,-,METER,2017
382,32,JAWA BARAT,3273,KOTA BANDUNG,3273190,CICENDO,32.73.06,CICENDO,PWU (PRIMA INDRA UTAMA),JL. PASIR KALIKI,107.596758,-6.906257,POLE ROOFTOP,5,-,METER,2017
383,32,JAWA BARAT,3273,KOTA BANDUNG,3273190,CICENDO,32.73.06,CICENDO,SMARTFREN,JL. PASIR KALIKI ( GEDUNG BLACK BERRY),107.597481,-6.904986,COMBAT,11,-,METER,2017
384,32,JAWA BARAT,3273,KOTA BANDUNG,3273190,CICENDO,32.73.06,CICENDO,IBS,JL.  DR. JUNJUNAN NO. 143-149,107.585378,-6.893451,POLE ROOFTOP,6,-,METER,2017
385,32,JAWA BARAT,3273,KOTA BANDUNG,3273240,SUKAJADI,32.73.07,SUKAJADI,XL AXIATA,JL.  DR. JUNJUNAN NO. 116,107.589521,-6.895594,POLE ROOFTOP,6,-,METER,2017
386,32,JAWA BARAT,3273,KOTA BANDUNG,3273240,SUKAJADI,32.73.07,SUKAJADI,DAYA MITRA TELEKOMUNIKASI,JL.  DR. JUNJUNAN NO. 64,107.593082,-6.897671,POLE ROOFTOP,6,-,METER,2017
387,32,JAWA BARAT,3273,KOTA BANDUNG,3273230,COBLONG,32.73.02,COBLONG,TELKOMSEL,JL. DR. SELAMET NO. 17,107.602946,-6.898251,3 KAKI,13,-,METER,2017
388,32,JAWA BARAT,3273,KOTA BANDUNG,3273230,COBLONG,32.73.02,COBLONG,DAYA MITRA TELEKOMUNIKASI,JL. KEBON BIBIT TENGAH NO. 27,107.606211,-6.897981,POLE ROOFTOP,10,-,METER,2017
389,32,JAWA BARAT,3273,KOTA BANDUNG,3273200,BANDUNG WETAN,32.73.09,BANDUNG WETAN,PT. MAS SARANA JAYA,JL. CIHAMPELAS NO. 82,107.604865,-6.901004,POLE ROOFTOP,5,-,METER,2017
390,32,JAWA BARAT,3273,KOTA BANDUNG,3273190,CICENDO,32.73.06,CICENDO,IBS,JL. DR. RIFAI NO,107.603744,-6.904107,POLE ROOFTOP,12,-,METER,2017
391,32,JAWA BARAT,3273,KOTA BANDUNG,3273190,CICENDO,32.73.06,CICENDO,PT. MAS SARANA JAYA,JL. DR. CIPTO NO. 1,107.59823,-6.906219,POLE ROOFTOP,6,-,METER,2017
392,32,JAWA BARAT,3273,KOTA BANDUNG,3273190,CICENDO,32.73.06,CICENDO,XL AXIATA,JL. PAJAJARAN,107.601262,-6.907019,MONOPOLE,30,-,METER,2017
393,32,JAWA BARAT,3273,KOTA BANDUNG,3273190,CICENDO,32.73.06,CICENDO,SMARTFREN,JL. CICENDO RT 04/05,107.603712,-6.91084,MONOPOLE,21,-,METER,2017
394,32,JAWA BARAT,3273,KOTA BANDUNG,3273190,CICENDO,32.73.06,CICENDO,PT. MAS SARANA JAYA,JL. OTISTA NO. 16,107.603785,-6.913276,POLE ROOFTOP,3,-,METER,2017
395,32,JAWA BARAT,3273,KOTA BANDUNG,3273190,CICENDO,32.73.06,CICENDO,TELKOMSEL,JL. MARJUK NO. 4-6,107.602514,-6.91202,POLE ROOFTOP,6,-,METER,2017
396,32,JAWA BARAT,3273,KOTA BANDUNG,3273190,CICENDO,32.73.06,CICENDO,TOWER BERSAMA GROUP,JL. PASIR KALIKI NO. 36-42,107.598099,-6.911872,POLE ROOFTOP,6,-,METER,2017
397,32,JAWA BARAT,3273,KOTA BANDUNG,3273190,CICENDO,32.73.06,CICENDO,SOLUSI TUNAS PRATAMA,JL. PASIR KALIKI NO.,107.598195,-6.911837,MONOPOLE,30,-,METER,2017
398,32,JAWA BARAT,3273,KOTA BANDUNG,3273250,SUKASARI,32.73.01,SUKASARI,MILIK SEKOLAH,JL. SARI MANIS,107.574027,-6.878226,MONOPOLE,50,-,METER,2017
399,32,JAWA BARAT,3273,KOTA BANDUNG,3273250,SUKASARI,32.73.01,SUKASARI,XL AXIATA,JL. SARI ASIH 4 NO. 16,107.576288,-6.874042,4 KAKI,30,-,METER,2017
400,32,JAWA BARAT,3273,KOTA BANDUNG,3273250,SUKASARI,32.73.01,SUKASARI,IBS,JL. SARI RASA BLOK 1 NO. 27,107.580135,-6.876419,4 KAKI,25,-,METER,2017
401,32,JAWA BARAT,3273,KOTA BANDUNG,3273250,SUKASARI,32.73.01,SUKASARI,PROTELINDO,JL. CILANDAK,107.580709,-6.875633,3 KAKI,25,-,METER,2017
402,32,JAWA BARAT,3273,KOTA BANDUNG,3273250,SUKASARI,32.73.01,SUKASARI,TELKOMSEL,JL. GEGER KALONG HILIR NO. 119,107.585664,-6.868708,POLE ROOFTOP,6,-,METER,2017
403,32,JAWA BARAT,3273,KOTA BANDUNG,3273250,SUKASARI,32.73.01,SUKASARI,TOWER BERSAMA GROUP,JL. PAKGATOT RAYA NO. 80,107.586916,-6.864829,MONOPOLE,30,-,METER,2017
404,32,JAWA BARAT,3273,KOTA BANDUNG,3273250,SUKASARI,32.73.01,SUKASARI,DAYA MITRA TELEKOMUNIKASI,JL. INTERDAN 77,107.586445,-6.866025,MINARET DI MASJID,32,-,METER,2017
405,32,JAWA BARAT,3273,KOTA BANDUNG,3273250,SUKASARI,32.73.01,SUKASARI,NATRINDO TELEPON SELULER,JL. GEGER KALONG GIRANG,107.584433,-6.862132,MONOPOLE,30,-,METER,2017
406,32,JAWA BARAT,3273,KOTA BANDUNG,3273250,SUKASARI,32.73.01,SUKASARI,XL AXIATA,JL. GEGER KALONG,107.589677,-6.863616,MICROCELL POLE,12,-,METER,2017
407,32,JAWA BARAT,3273,KOTA BANDUNG,3273250,SUKASARI,32.73.01,SUKASARI,TELKOMSEL,JL. GEGER KALONG NO. 38,107.589907,-6.863903,POLE ROOFTOP,7,-,METER,2017
408,32,JAWA BARAT,3273,KOTA BANDUNG,3273250,SUKASARI,32.73.01,SUKASARI,INDOSAT,JL. GEGER KALONG GIRANG,107.591326,-6.864494,POLE ROOFTOP,6,-,METER,2017
409,32,JAWA BARAT,3273,KOTA BANDUNG,3273250,SUKASARI,32.73.01,SUKASARI,SMARTFREN,JL. GEGER KALONG RT 05/03,107.592823,-6.864739,POLE ROOFTOP,20,-,METER,2017
410,32,JAWA BARAT,3273,KOTA BANDUNG,3273250,SUKASARI,32.73.01,SUKASARI,TELKOM,JL. GEGER KALONG HILIR NO.55,107.589282,-6.870194,4 KAKI,55,-,METER,2017
411,32,JAWA BARAT,3273,KOTA BANDUNG,3273250,SUKASARI,32.73.01,SUKASARI,TELKOMSEL,JL. CIPEDES ATAS RT 03/07,107.59091,-6.874704,MONOPOLE,25,-,METER,2017
412,32,JAWA BARAT,3273,KOTA BANDUNG,3273250,SUKASARI,32.73.01,SUKASARI,OZ RADIO 103.1 FM,JL. SETRA JATI 11 NO. 14 BANDUNG,107.587901,-6.875838,4 KAKI,42,-,METER,2017
413,32,JAWA BARAT,3273,KOTA BANDUNG,3273250,SUKASARI,32.73.01,SUKASARI,IBS,JL. SETIA BUDI,107.592628,-6.866141,POLE ROOFTOP,6,-,METER,2017
414,32,JAWA BARAT,3273,KOTA BANDUNG,3273250,SUKASARI,32.73.01,SUKASARI,TELKOMSEL,JL. SETIA BUDI 191,107.593035,-6.866779,POLE ROOFTOP,6,-,METER,2017
415,32,JAWA BARAT,3273,KOTA BANDUNG,3273260,CIDADAP,32.73.08,CIDADAP,NATRINDO TELEPON SELULER,JL. SETIA BUDI 49,107.594568,-6.85743,3 KAKI,52,-,METER,2017
416,32,JAWA BARAT,3273,KOTA BANDUNG,3273250,SUKASARI,32.73.01,SUKASARI,TELKOMSEL,JL. SETIA BUDI 269/275,107.594845,-6.85498,POLE ROOFTOP,2,-,METER,2017
417,32,JAWA BARAT,3273,KOTA BANDUNG,3273250,SUKASARI,32.73.01,SUKASARI,HUTCHISON CP TELEKOMUNICATION,JL. SETIA BUDI,107.594232,-6.854537,3 KAKI,18,-,METER,2017
418,32,JAWA BARAT,3273,KOTA BANDUNG,3273260,CIDADAP,32.73.08,CIDADAP,TOWER BERSAMA GROUP,JL. DR. SOMAMUDI KM 10 NO. 8B / 9 RT 03/02,107.602058,-6.846624,4 KAKI,50,-,METER,2017
419,32,JAWA BARAT,3273,KOTA BANDUNG,3273260,CIDADAP,32.73.08,CIDADAP,MENARA POLDA JABAR,JL. SETIA BUDI KM 10,107.599312,-6.847204,4 KAKI,52,-,METER,2017
420,32,JAWA BARAT,3273,KOTA BANDUNG,3273260,CIDADAP,32.73.08,CIDADAP,TELKOMSEL,JL. SETIA BUDI NO. 268A,107.595548,-6.86158,MONOPOLE,30,-,METER,2017
421,32,JAWA BARAT,3273,KOTA BANDUNG,3273260,CIDADAP,32.73.08,CIDADAP,INDOSAT,JL. CIPAKU I NO. 2,107.596143,-6.863507,POLE ROOFTOP,3,-,METER,2017
422,32,JAWA BARAT,3273,KOTA BANDUNG,3273250,SUKASARI,32.73.01,SUKASARI,XL AXIATA,JL. DR. SETIA BUDI NO. 228,107.59431,-6.86487,MICROCELL POLE,15,-,METER,2017
423,32,JAWA BARAT,3273,KOTA BANDUNG,3273260,CIDADAP,32.73.08,CIDADAP,PROTELINDO,JL. CIPAKU INDAH 3 NO. 11 RT. 03/02,107.599552,-6.864108,POLE ROOFTOP,6,-,METER,2017
424,32,JAWA BARAT,3273,KOTA BANDUNG,3273260,CIDADAP,32.73.08,CIDADAP,NATRINDO TELEPON SELULER,JL. KAPTEN. ABD. HAMID,107.5973,-6.866115,MONOPOLE,36,-,METER,2017
425,32,JAWA BARAT,3273,KOTA BANDUNG,3273260,CIDADAP,32.73.08,CIDADAP,TOWER BERSAMA GROUP,JL. HEGARMANAH NO. 152/ RT03/03,107.600886,-6.866391,KAMUFLASE POHON,32,-,METER,2017
426,32,JAWA BARAT,3273,KOTA BANDUNG,3273260,CIDADAP,32.73.08,CIDADAP,SOLUSI TUNAS PRATAMA,JL. SETIA BUDI,107.594686,-6.872192,4 KAKI,25,-,METER,2017
427,32,JAWA BARAT,3273,KOTA BANDUNG,3273260,CIDADAP,32.73.08,CIDADAP,XL AXIATA,JL. SETIA BUDI,107.594577,-6.872302,3 KAKI,25,-,METER,2017
428,32,JAWA BARAT,3273,KOTA BANDUNG,3273260,CIDADAP,32.73.08,CIDADAP,"SINDO TRIJAYA 91,3 FM",JL. SETIA BUDI NO. 170 B1,107.594737,-6.872723,4 KAKI,25,-,METER,2017
429,32,JAWA BARAT,3273,KOTA BANDUNG,3273260,CIDADAP,32.73.08,CIDADAP,TELKOMSEL,JL. SETIA BUDI,107.596029,-6.87358,MONOPOLE,36,-,METER,2017
430,32,JAWA BARAT,3273,KOTA BANDUNG,3273260,CIDADAP,32.73.08,CIDADAP,INDOSAT,JL. SETIA BUDI,107.597135,-6.874827,COMBAT,2,-,METER,2017
431,32,JAWA BARAT,3273,KOTA BANDUNG,3273030,BOJONGLOA KALER,32.73.04,BOJONGLOA KALER,XL AXIATA,JL. PETA,107.588296,-6.92995,4 KAKI,25,-,METER,2017
432,32,JAWA BARAT,3273,KOTA BANDUNG,3273260,CIDADAP,32.73.08,CIDADAP,PEMANCAR RADIO RRT,JL. CIUMBULEUIT ATAS (PUNCLUT),107.613186,-6.851769,4 KAKI,30,-,METER,2017
433,32,JAWA BARAT,3273,KOTA BANDUNG,3273260,CIDADAP,32.73.08,CIDADAP,XL AXIATA,JL. CIMAJA RT 02/10,107.611868,-6.855277,4 KAKI,25,-,METER,2017
434,32,JAWA BARAT,3273,KOTA BANDUNG,3273260,CIDADAP,32.73.08,CIDADAP,SOLUSI TUNAS PRATAMA,JL. CIUMBULEUIT ATAS,107.606265,-6.86256,3 KAKI,35,-,METER,2017
435,32,JAWA BARAT,3273,KOTA BANDUNG,3273260,CIDADAP,32.73.08,CIDADAP,SMARTFREN,JL. CIUMBULEUIT 152,107.606487,-6.867695,POLE ROOFTOP,3,-,METER,2017
436,32,JAWA BARAT,3273,KOTA BANDUNG,3273230,COBLONG,32.73.02,COBLONG,TELKOMSEL,JL. CIHAMPELAS NO. 326,107.604702,-6.88481,MICROCELL POLE,12,-,METER,2017
437,32,JAWA BARAT,3273,KOTA BANDUNG,3273230,COBLONG,32.73.02,COBLONG,TELKOMSEL,JL. PELESIRAN NO. 61 RT 06/06,107.60632,-5.895322,POLE ROOFTOP,6,-,METER,2017
438,32,JAWA BARAT,3273,KOTA BANDUNG,3273200,BANDUNG WETAN,32.73.09,BANDUNG WETAN,TIDAK TERIDENTIFIKASI,JL. TAMAN SARI,107.608474,-6.893787,MICROCELL POLE,26,-,METER,2017
439,32,JAWA BARAT,3273,KOTA BANDUNG,3273230,COBLONG,32.73.02,COBLONG,XL AXIATA,JL. TAMAN SARI,107.608283,-6.890322,4 KAKI,55,-,METER,2017
440,32,JAWA BARAT,3273,KOTA BANDUNG,3273230,COBLONG,32.73.02,COBLONG,TELKOMSEL,JL. GANESA,107.610121,-6.888286,POLE ROOFTOP,6,-,METER,2017
441,32,JAWA BARAT,3273,KOTA BANDUNG,3273230,COBLONG,32.73.02,COBLONG,INDOSAT,JL. GANESA,107.611069,-6.89054,POLE ROOFTOP,12,-,METER,2017
442,32,JAWA BARAT,3273,KOTA BANDUNG,3273230,COBLONG,32.73.02,COBLONG,TELKOMSEL,JL. SABUGA,107.608533,-6.886019,POLE ROOFTOP,3,-,METER,2017
443,32,JAWA BARAT,3273,KOTA BANDUNG,3273230,COBLONG,32.73.02,COBLONG,XL AXIATA,JL. SABUGA,107.608477,-6.8858,POLE ROOFTOP,3,-,METER,2017
444,32,JAWA BARAT,3273,KOTA BANDUNG,3273260,CIDADAP,32.73.08,CIDADAP,TIDAK TERIDENTIFIKASI,JL. CIUMBULEUIT,107.604853,-6.880982,POLE ROOFTOP,3,-,METER,2017
445,32,JAWA BARAT,3273,KOTA BANDUNG,3273260,CIDADAP,32.73.08,CIDADAP,RASE FM,JL. SETIABUDI NO.,107.602727,-6.883298,4 KAKI,80,-,METER,2017
446,32,JAWA BARAT,3273,KOTA BANDUNG,3273230,COBLONG,32.73.02,COBLONG,XL AXIATA,JL. CIHAMPELAS NO. 225-229,107.604134,-6.885329,POLE ROOFTOP,6,-,METER,2017
447,32,JAWA BARAT,3273,KOTA BANDUNG,3273230,COBLONG,32.73.02,COBLONG,TOWER BERSAMA GROUP,JL. CIHAMPELAS NO. 264,107.603743,-6.887854,POLE ROOFTOP,6,-,METER,2017
448,32,JAWA BARAT,3273,KOTA BANDUNG,3273230,COBLONG,32.73.02,COBLONG,SMARTFREN,JL. CIHAMPELAS,107.603514,-6.888538,POLE ROOFTOP,6,-,METER,2017
449,32,JAWA BARAT,3273,KOTA BANDUNG,3273230,COBLONG,32.73.02,COBLONG,PT. MAS SARANA JAYA,JL. CIHAMPELAS,107.603057,-6.892174,POLE ROOFTOP,6,-,METER,2017
450,32,JAWA BARAT,3273,KOTA BANDUNG,3273230,COBLONG,32.73.02,COBLONG,TELKOMSEL,JL. CIHAMPELAS NO. 182,107.604202,-6.893611,3 KAKI,20,-,METER,2017
451,32,JAWA BARAT,3273,KOTA BANDUNG,3273230,COBLONG,32.73.02,COBLONG,RETOWER ASIA,JL. CIHAMPELAS NO. 112,107.604496,-6.898165,POLE ROOFTOP,6,-,METER,2017
452,32,JAWA BARAT,3273,KOTA BANDUNG,3273230,COBLONG,32.73.02,COBLONG,TELKOMSEL,JL. CIHAMPELAS NO. 129,107.603304,-6.895941,4 KAKI,20,-,METER,2017
453,32,JAWA BARAT,3273,KOTA BANDUNG,3273230,COBLONG,32.73.02,COBLONG,PT. MAS SARANA JAYA,JL. CIHAMPELAS,107.603635,-6.896779,POLE ROOFTOP,6,-,METER,2017
454,32,JAWA BARAT,3273,KOTA BANDUNG,3273200,BANDUNG WETAN,32.73.09,BANDUNG WETAN,SMARTFREN,JL. TAMAN SARI,107.608372,-6.904839,POLE ROOFTOP,12,-,METER,2017
455,32,JAWA BARAT,3273,KOTA BANDUNG,3273200,BANDUNG WETAN,32.73.09,BANDUNG WETAN,PT. MAS SARANA JAYA,JL. TAMAN SARI NO. 7,107.607965,-6.902748,POLE ROOFTOP,3,-,METER,2017
456,32,JAWA BARAT,3273,KOTA BANDUNG,3273200,BANDUNG WETAN,32.73.09,BANDUNG WETAN,XL AXIATA,JL. RE MARTADINATA NO. 7,107.609489,-6.906171,4 KAKI,55,-,METER,2017
457,32,JAWA BARAT,3273,KOTA BANDUNG,3273200,BANDUNG WETAN,32.73.09,BANDUNG WETAN,SOLUSI TUNAS PRATAMA,JL. IR. H. JUANDA NO. 33,107.610507,-6.90422,POLE ROOFTOP,6,-,METER,2017
458,32,JAWA BARAT,3273,KOTA BANDUNG,3273200,BANDUNG WETAN,32.73.09,BANDUNG WETAN,CAMSLINDO,JL. IR. H. JUANDA NO. 33,107.610488,-6.904274,POLE ROOFTOP,6,-,METER,2017
459,32,JAWA BARAT,3273,KOTA BANDUNG,3273230,COBLONG,32.73.02,COBLONG,KIN (KOMET INFRA NUSANTARA),JL. GANESA 7,107.611044,-6.894038,4 KAKI,36,-,METER,2017
460,32,JAWA BARAT,3273,KOTA BANDUNG,3273230,COBLONG,32.73.02,COBLONG,DIAN SWASTIKA SENTOSA (DSS),JL. GANESA 7,107.611004,-6.894391,POLE ROOFTOP,15,-,METER,2017
461,32,JAWA BARAT,3273,KOTA BANDUNG,3273230,COBLONG,32.73.02,COBLONG,XL AXIATA,JL. GANESA 7,107.610984,-6.894392,POLE ROOFTOP,10,-,METER,2017
462,32,JAWA BARAT,3273,KOTA BANDUNG,3273230,COBLONG,32.73.02,COBLONG,TELKOMSEL,JL. IR.H. JUANDA,107.612982,-6.893496,MICROCELL POLE,10,-,METER,2017
463,32,JAWA BARAT,3273,KOTA BANDUNG,3273230,COBLONG,32.73.02,COBLONG,SMARTFREN,JL. IR.H. JUANDA NO. 151,107.613236,-6.888721,POLE ROOFTOP,6,-,METER,2017
464,32,JAWA BARAT,3273,KOTA BANDUNG,3273230,COBLONG,32.73.02,COBLONG,TELKOMSEL,JL. IR.H. JUANDA DAGO,107.613504,-6.885413,MICROCELL POLE,10,-,METER,2017
465,32,JAWA BARAT,3273,KOTA BANDUNG,3273230,COBLONG,32.73.02,COBLONG,RADIO ZORA FM,JL. SUMUR BANDUNG NO. 13,107.612898,-6.886279,4 KAKI,80,-,METER,2017
466,32,JAWA BARAT,3273,KOTA BANDUNG,3273230,COBLONG,32.73.02,COBLONG,TELKOMSEL,JL. SILIWANGI,107.612824,-6.885215,MONOPOLE,15,-,METER,2017
467,32,JAWA BARAT,3273,KOTA BANDUNG,3273230,COBLONG,32.73.02,COBLONG,PT. MAS SARANA JAYA,JL. IR.H. JUANDA NO. 181,107.613236,-6.884752,POLE ROOFTOP,3,-,METER,2017
468,32,JAWA BARAT,3273,KOTA BANDUNG,3273230,COBLONG,32.73.02,COBLONG,TELKOMSEL,JL. SANGKURIANG NO. 33 RT 02/14,107.608311,-6.881939,POLE ROOFTOP,6,-,METER,2017
469,32,JAWA BARAT,3273,KOTA BANDUNG,3273230,COBLONG,32.73.02,COBLONG,TELKOMSEL,JL. CISITU LAMA RT 07/12,107.611182,-6.878284,3 KAKI,43,-,METER,2017
470,32,JAWA BARAT,3273,KOTA BANDUNG,3273230,COBLONG,32.73.02,COBLONG,DAYA MITRA TELEKOMUNIKASI,JL. CISITU INDAH 4 NO. 45 RT 04/05,107.614206,-6.876754,MICROCELL POLE,25,-,METER,2017
471,32,JAWA BARAT,3273,KOTA BANDUNG,3273230,COBLONG,32.73.02,COBLONG,IBS,JL. IR.H. JUANDA NO. 381A,107.619111,-6.870704,POLE ROOFTOP,6,-,METER,2017
472,32,JAWA BARAT,3273,KOTA BANDUNG,3273230,COBLONG,32.73.02,COBLONG,INDOSAT,JL. IR.H. JUANDA NO. 381A,107.619699,-6.871034,POLE ROOFTOP,6,-,METER,2017
473,32,JAWA BARAT,3273,KOTA BANDUNG,3273230,COBLONG,32.73.02,COBLONG,DAYA MITRA TELEKOMUNIKASI,JL. IR.H. JUANDA NO. 381A,107.619693,-6.87101,POLE ROOFTOP,6,-,METER,2017
474,32,JAWA BARAT,3273,KOTA BANDUNG,3273230,COBLONG,32.73.02,COBLONG,XL AXIATA,JL. IR.H. JUANDA NO. 381A,107.619694,-6.871007,POLE ROOFTOP,6,-,METER,2017
475,32,JAWA BARAT,3273,KOTA BANDUNG,3273210,CIBEUNYING KIDUL,32.73.14,CIBEUNYING KIDUL,TELKOMSEL,JL. CIGADUNG RAYA BARU,107.623974,-6.86769,4 KAKI,42,-,METER,2017
476,32,JAWA BARAT,3273,KOTA BANDUNG,3273210,CIBEUNYING KIDUL,32.73.14,CIBEUNYING KIDUL,NATRINDO TELEPON SELULER,JL. CIGADUNG RAYA BARAT,107.624004,-6.868447,3 KAKI,45,-,METER,2017
477,32,JAWA BARAT,3273,KOTA BANDUNG,3273210,CIBEUNYING KIDUL,32.73.14,CIBEUNYING KIDUL,XL AXIATA,JL. CIGADUNG RAYA BARAT,107.623973,-6.868625,MONOPOLE,36,-,METER,2017
478,32,JAWA BARAT,3273,KOTA BANDUNG,3273220,CIBEUNYING KALER,32.73.18,CIBEUNYING KALER,TELKOMSEL,JL. TUBAGUS ISMAIL VII NO. 60,107.62171,-6.880003,4 KAKI,55,-,METER,2017
479,32,JAWA BARAT,3273,KOTA BANDUNG,3273220,CIBEUNYING KALER,32.73.18,CIBEUNYING KALER,TELKOMSEL,JL. BANGBAYONG,107.617029,-6.88167,POLE ROOFTOP,9,-,METER,2017
480,32,JAWA BARAT,3273,KOTA BANDUNG,3273230,COBLONG,32.73.02,COBLONG,TELKOMSEL,JL. TAMAN SARI 21 C,107.608869,-6.900497,4 KAKI,15,-,METER,2017
481,32,JAWA BARAT,3273,KOTA BANDUNG,3273230,COBLONG,32.73.02,COBLONG,TELKOMSEL,JL. IR.H. JUANDA,107.61582,-6.882751,4 KAKI,60,-,METER,2017
482,32,JAWA BARAT,3273,KOTA BANDUNG,3273230,COBLONG,32.73.02,COBLONG,PRIMA INDO,JL. IR.H. JUANDA NO. 234,107.614859,-6.883175,POLE ROOFTOP,6,-,METER,2017
483,32,JAWA BARAT,3273,KOTA BANDUNG,3273220,CIBEUNYING KALER,32.73.18,CIBEUNYING KALER,DAYA MITRA TELEKOMUNIKASI,JL. CUKANG KAWUNG NO.28 RT 08/13,107.633464,-6.890693,MICROCELL POLE,15,-,METER,2017
484,32,JAWA BARAT,3273,KOTA BANDUNG,3273220,CIBEUNYING KALER,32.73.18,CIBEUNYING KALER,XL AXIATA,JL. CINDULANG BARU NO. 53 RT 04/11,107.61948,-6.886021,4 KAKI,51,-,METER,2017
485,32,JAWA BARAT,3273,KOTA BANDUNG,3273220,CIBEUNYING KALER,32.73.18,CIBEUNYING KALER,NATRINDO TELEPON SELULER,JL. CINDULANG BARU RT 04/11,107.619759,-6.885787,4 KAKI,42,-,METER,2017
486,32,JAWA BARAT,3273,KOTA BANDUNG,3273230,COBLONG,32.73.02,COBLONG,TELKOM,JL. SADANG SARI,107.626471,-6.889632,4 KAKI,52,-,METER,2017
487,32,JAWA BARAT,3273,KOTA BANDUNG,3273220,CIBEUNYING KALER,32.73.18,CIBEUNYING KALER,NATRINDO TELEPON SELULER,JL. GAGAK NO. 36 RT 01/03,107.625071,-6.897172,3 KAKI,52,-,METER,2017
488,32,JAWA BARAT,3273,KOTA BANDUNG,3273230,COBLONG,32.73.02,COBLONG,KIN (KOMET INFRA NUSANTARA),JL. DIPATIUKUR NO. 40,107.616466,-6.89614,4 KAKI,25,-,METER,2017
489,32,JAWA BARAT,3273,KOTA BANDUNG,3273230,COBLONG,32.73.02,COBLONG,TELKOMSEL,JL. SEKELOA RT 05/03,107.619369,-6.890116,4 KAKI,32,-,METER,2017
490,32,JAWA BARAT,3273,KOTA BANDUNG,3273230,COBLONG,32.73.02,COBLONG,XL AXIATA,JL. DIPATIUKUR NO. 138,107.614737,-6.885665,MICROCELL POLE,25,-,METER,2017
491,32,JAWA BARAT,3273,KOTA BANDUNG,3273230,COBLONG,32.73.02,COBLONG,TELKOMSEL,JL. DIPATIUKUR,107.615019,-6.886689,MICROCELL POLE,25,-,METER,2017
492,32,JAWA BARAT,3273,KOTA BANDUNG,3273230,COBLONG,32.73.02,COBLONG,TELKOMSEL,JL. DIPATIUKUR,107.616433,-6.890179,MICROCELL POLE,25,-,METER,2017
493,32,JAWA BARAT,3273,KOTA BANDUNG,3273220,CIBEUNYING KALER,32.73.18,CIBEUNYING KALER,TELKOMSEL,JL. BRIGJEND KATAMSO NO. 3-5,107.632659,-6.902681,POLE ROOFTOP,36,-,METER,2017
494,32,JAWA BARAT,3273,KOTA BANDUNG,3273220,CIBEUNYING KALER,32.73.18,CIBEUNYING KALER,TELKOMSEL,JL. CIKUTRA NO. 312,107.638002,-6.893616,POLE ROOFTOP,6,-,METER,2017
495,32,JAWA BARAT,3273,KOTA BANDUNG,3273220,CIBEUNYING KALER,32.73.18,CIBEUNYING KALER,INDOSAT,JL.. CIKUTRA BARU IV,107.640379,-6.895803,4 KAKI,42,-,METER,2017
496,32,JAWA BARAT,3273,KOTA BANDUNG,3273230,COBLONG,32.73.02,COBLONG,PERTAMINA,JL. RAYA DIPONEGORO,107.617873,-6.89905,4 KAKI,25,-,METER,2017
497,32,JAWA BARAT,3273,KOTA BANDUNG,3273230,COBLONG,32.73.02,COBLONG,TELKOM,JL. JAPATI NO. 1,107.618702,-6.89837,POLE ROOFTOP,3,-,METER,2017
498,32,JAWA BARAT,3273,KOTA BANDUNG,3273230,COBLONG,32.73.02,COBLONG,SMARTFREN,JL. SURAPATI NO. 233,107.632927,-6.898104,4 KAKI,62,-,METER,2017
499,32,JAWA BARAT,3273,KOTA BANDUNG,3273210,CIBEUNYING KIDUL,32.73.14,CIBEUNYING KIDUL,TOWER BERSAMA GROUP,JL. CIKUTRA RAYA NO. 168 C,107.643243,-6.899624,POLE ROOFTOP,9,-,METER,2017
500,32,JAWA BARAT,3273,KOTA BANDUNG,3273210,CIBEUNYING KIDUL,32.73.14,CIBEUNYING KIDUL,TELKOMSEL,JL. P.H.H. MUSTOFA,107.641731,-6.899701,POLE ROOFTOP,3,-,METER,2017
501,32,JAWA BARAT,3273,KOTA BANDUNG,3273220,CIBEUNYING KALER,32.73.18,CIBEUNYING KALER,PROTELINDO,JL. SURAPATI NO. 68,107.628291,-6.900135,POLE ROOFTOP,6,-,METER,2017
502,32,JAWA BARAT,3273,KOTA BANDUNG,3273220,CIBEUNYING KALER,32.73.18,CIBEUNYING KALER,SMARTFREN,JL. SURAPATI NO. 68 RT 02/04,107.62837,-6.900126,3 KAKI,20,-,METER,2017
503,32,JAWA BARAT,3273,KOTA BANDUNG,3273220,CIBEUNYING KALER,32.73.18,CIBEUNYING KALER,TELKOMSEL,JL. SURAPATI,107.633876,-6.89765,MICROCELL POLE,8,-,METER,2017
504,32,JAWA BARAT,3273,KOTA BANDUNG,3273220,CIBEUNYING KALER,32.73.18,CIBEUNYING KALER,SMARTFREN,JL. PAHLAWAN SUKALUYU 1 NO. 15,107.632944,-6.900537,POLE ROOFTOP,3,-,METER,2017
505,32,JAWA BARAT,3273,KOTA BANDUNG,3273210,CIBEUNYING KIDUL,32.73.14,CIBEUNYING KIDUL,PT. SINAR HARAPAN DIRGA TERDEPAN,JL. YUDHA WATSU PRAMUKA KIDUL,107.634222,-6.90417,MONOPOLE,26,-,METER,2017
506,32,JAWA BARAT,3273,KOTA BANDUNG,3273200,BANDUNG WETAN,32.73.09,BANDUNG WETAN,TELKOMSEL,JL. ANGGREK NO. 60,107.630386,-6.910615,MICROCELL POLE,20,-,METER,2017
507,32,JAWA BARAT,3273,KOTA BANDUNG,3273170,SUMUR BANDUNG,32.73.19,SUMUR BANDUNG,XL AXIATA,JL. R.E. MARTADINATA NO. 142,107.628062,-6.912429,MONOPOLE,25,-,METER,2017
508,32,JAWA BARAT,3273,KOTA BANDUNG,3273170,SUMUR BANDUNG,32.73.19,SUMUR BANDUNG,IBS,JL. GUDANG UTARA NO. 28,107.623115,-6.916281,4 KAKI,30,-,METER,2017
509,32,JAWA BARAT,3273,KOTA BANDUNG,3273170,SUMUR BANDUNG,32.73.19,SUMUR BANDUNG,TELKOMSEL,JL. SRIGADING NO. 8,107.623614,-6.915185,MONOPOLE,30,-,METER,2017
510,32,JAWA BARAT,3273,KOTA BANDUNG,3273170,SUMUR BANDUNG,32.73.19,SUMUR BANDUNG,XL AXIATA,JL. MENADO NO. 8,107.620404,-6.912464,3 KAKI,25,-,METER,2017
511,32,JAWA BARAT,3273,KOTA BANDUNG,3273200,BANDUNG WETAN,32.73.09,BANDUNG WETAN,IBS,JL. CILIWUNG NO. 4,107.622556,-6.905683,MONOPOLE,15,-,METER,2017
512,32,JAWA BARAT,3273,KOTA BANDUNG,3273200,BANDUNG WETAN,32.73.09,BANDUNG WETAN,TELKOMSEL,JL. TAMAN PRAMUKA NO. 159 A RT 01/02,107.626074,-6.90942,POLE ROOFTOP,12,-,METER,2017
513,32,JAWA BARAT,3273,KOTA BANDUNG,3273220,CIBEUNYING KALER,32.73.18,CIBEUNYING KALER,RADIO RRI,JL. DIPONEGORO NO. 6,107.624668,-6.900702,4 KAKI,25,-,METER,2017
514,32,JAWA BARAT,3273,KOTA BANDUNG,3273200,BANDUNG WETAN,32.73.09,BANDUNG WETAN,IBS,JL. SULTAN TIRTAYASA NO. 36,107.614145,-6.903198,POLE ROOFTOP,9,-,METER,2017
515,32,JAWA BARAT,3273,KOTA BANDUNG,3273200,BANDUNG WETAN,32.73.09,BANDUNG WETAN,PROTELINDO,JL. WIRANGUNANGUN,107.614278,-6.904529,POLE ROOFTOP,12,-,METER,2017
516,32,JAWA BARAT,3273,KOTA BANDUNG,3273170,SUMUR BANDUNG,32.73.19,SUMUR BANDUNG,PROTELINDO,JL. ACEH NO. 28,107.607983,-6.910905,KAMUFLASE POHON,42,-,METER,2017
517,32,JAWA BARAT,3273,KOTA BANDUNG,3273200,BANDUNG WETAN,32.73.09,BANDUNG WETAN,XL AXIATA,JL. RIAU-MARTADINATA NO. 56,107.619922,-6.906398,POLE ROOFTOP,9,-,METER,2017
518,32,JAWA BARAT,3273,KOTA BANDUNG,3273200,BANDUNG WETAN,32.73.09,BANDUNG WETAN,TELKOMSEL,JL. RIAU-MARTADINATA NO. 56,107.619911,-6.90634,3 KAKI,15,-,METER,2017
519,32,JAWA BARAT,3273,KOTA BANDUNG,3273170,SUMUR BANDUNG,32.73.19,SUMUR BANDUNG,XL AXIATA,JL. MERDEKA,107.610577,-6.909747,MICROCELL POLE,9,-,METER,2017
520,32,JAWA BARAT,3273,KOTA BANDUNG,3273170,SUMUR BANDUNG,32.73.19,SUMUR BANDUNG,DAYA MITRA TELEKOMUNIKASI,JL. ASIA AFRIKA DEPAN KANTOR POS,107.606197,-6.920984,MICROCELL POLE,10,-,METER,2017
521,32,JAWA BARAT,3273,KOTA BANDUNG,3273170,SUMUR BANDUNG,32.73.19,SUMUR BANDUNG,TELKOMSEL,JL. BELITUNG NO. 3,107.617126,-6.911246,POLE ROOFTOP,6,-,METER,2017
522,32,JAWA BARAT,3273,KOTA BANDUNG,3273170,SUMUR BANDUNG,32.73.19,SUMUR BANDUNG,TELKOMSEL,JL. KALIMANTAN NO. 8,107.615165,-6.912591,MICROCELL POLE,20,-,METER,2017
523,32,JAWA BARAT,3273,KOTA BANDUNG,3273170,SUMUR BANDUNG,32.73.19,SUMUR BANDUNG,XL AXIATA,JL. KALIMANTAN NO. 12,107.616046,-6.914557,4 KAKI,42,-,METER,2017
524,32,JAWA BARAT,3273,KOTA BANDUNG,3273170,SUMUR BANDUNG,32.73.19,SUMUR BANDUNG,TELKOMSEL,JL. KALIMANTAN,107.61403,-6.910517,MICROCELL POLE,25,-,METER,2017
525,32,JAWA BARAT,3273,KOTA BANDUNG,3273170,SUMUR BANDUNG,32.73.19,SUMUR BANDUNG,TNI AD,JL. SUMATRA,107.612078,-6.910989,4 KAKI,32,-,METER,2017
526,32,JAWA BARAT,3273,KOTA BANDUNG,3273230,COBLONG,32.73.02,COBLONG,XL AXIATA,JL. IR. H. JUANDA NO. 90,107.613095,-6.896226,MICROCELL POLE,15,-,METER,2017
527,32,JAWA BARAT,3273,KOTA BANDUNG,3273200,BANDUNG WETAN,32.73.09,BANDUNG WETAN,PROTELINDO,JL. CITARUM,107.622797,-6.904381,POLE ROOFTOP,6,-,METER,2017
528,32,JAWA BARAT,3273,KOTA BANDUNG,3273200,BANDUNG WETAN,32.73.09,BANDUNG WETAN,TELKOMSEL,JL. CITARUM,107.622759,-6.904404,POLE ROOFTOP,6,-,METER,2017
529,32,JAWA BARAT,3273,KOTA BANDUNG,3273200,BANDUNG WETAN,32.73.09,BANDUNG WETAN,HUTCHISON CP TELEKOMUNICATION,JL. R.E. MARTADINATA,107.615708,-6.906565,POLE ROOFTOP,15,-,METER,2017
530,32,JAWA BARAT,3273,KOTA BANDUNG,3273170,SUMUR BANDUNG,32.73.19,SUMUR BANDUNG,SOLUSI TUNAS PRATAMA,JL. PERINTIS KEMERDEKAAN (VINDUCT),107.607581,-6.914763,4 KAKI,25,-,METER,2017
531,32,JAWA BARAT,3273,KOTA BANDUNG,3273170,SUMUR BANDUNG,32.73.19,SUMUR BANDUNG,TELKOMSEL,JL. R.E. MARTADINATA NO. 15,107.611997,-6.906407,3 KAKI,15,-,METER,2017
532,32,JAWA BARAT,3273,KOTA BANDUNG,3273200,BANDUNG WETAN,32.73.09,BANDUNG WETAN,TELKOMSEL,JL. MERDEKA,107.610529,-6.907894,POLE ROOFTOP,6,-,METER,2017
533,32,JAWA BARAT,3273,KOTA BANDUNG,3273200,BANDUNG WETAN,32.73.09,BANDUNG WETAN,HUTCHISON CP TELEKOMUNICATION,JL. MERDEKA,107.610621,-6.907828,POLE ROOFTOP,6,-,METER,2017
534,32,JAWA BARAT,3273,KOTA BANDUNG,3273200,BANDUNG WETAN,32.73.09,BANDUNG WETAN,TELKOMSEL,JL. MERDEKA,107.610467,-6.907086,MICROCELL POLE,12,-,METER,2017
535,32,JAWA BARAT,3273,KOTA BANDUNG,3273170,SUMUR BANDUNG,32.73.19,SUMUR BANDUNG,TELKOMSEL,JL. BANCEUY,107.606616,-6.919049,POLE ROOFTOP,6,-,METER,2017
536,32,JAWA BARAT,3273,KOTA BANDUNG,3273200,BANDUNG WETAN,32.73.09,BANDUNG WETAN,TELKOMSEL,JL. R.E. MARTADINATA,107.621548,-6.905983,MICROCELL POLE,15,-,METER,2017
537,32,JAWA BARAT,3273,KOTA BANDUNG,3273220,CIBEUNYING KALER,32.73.18,CIBEUNYING KALER,DAYA MITRA TELEKOMUNIKASI,JL. SENTOT ALI BASYAH NO. 4,107.620298,-6.900301,MONOPOLE,21,-,METER,2017
538,32,JAWA BARAT,3273,KOTA BANDUNG,3273200,BANDUNG WETAN,32.73.09,BANDUNG WETAN,TELKOMSEL,JL. R.E. MARTADINATA,107.616539,-6.906188,MICROCELL POLE,15,-,METER,2017
539,32,JAWA BARAT,3273,KOTA BANDUNG,3273180,ANDIR,32.73.05,ANDIR,SMARTFREN,JL. JEND. SUDIRMAN,107.601178,-6.920408,POLE ROOFTOP,6,-,METER,2017
540,32,JAWA BARAT,3273,KOTA BANDUNG,3273170,SUMUR BANDUNG,32.73.19,SUMUR BANDUNG,XL AXIATA,JL. OTTO ISKANDAR DINATA,107.604755,-6.915553,POLE ROOFTOP,3,-,METER,2017
541,32,JAWA BARAT,3273,KOTA BANDUNG,3273170,SUMUR BANDUNG,32.73.19,SUMUR BANDUNG,TELKOMSEL,JL. OTTO ISKANDAR DINATA,107.604728,-6.915528,POLE ROOFTOP,3,-,METER,2017
542,32,JAWA BARAT,3273,KOTA BANDUNG,3273170,SUMUR BANDUNG,32.73.19,SUMUR BANDUNG,INDOSAT,JL. OTTO ISKANDAR DINATA,107.604725,-6.915519,POLE ROOFTOP,3,-,METER,2017
543,32,JAWA BARAT,3273,KOTA BANDUNG,3273190,CICENDO,32.73.06,CICENDO,PT BUANA KONIDOR,JL. PAJAJARAN BELAKANG,107.60254,-6.907756,POLE ROOFTOP,9,-,METER,2017
544,32,JAWA BARAT,3273,KOTA BANDUNG,3273190,CICENDO,32.73.06,CICENDO,TELKOMSEL,JL. PASTEUR,107.59969,-6.900588,MONOPOLE,25,-,METER,2017
545,32,JAWA BARAT,3273,KOTA BANDUNG,3273010,BANDUNG KULON,32.73.15,BANDUNG KULON,TELKOMSEL,JL. SURYANI INDAH RT 02/10,107.576767,-6.922406,POLE ROOFTOP,6,-,METER,2017
546,32,JAWA BARAT,3273,KOTA BANDUNG,3273010,BANDUNG KULON,32.73.15,BANDUNG KULON,TELKOMSEL,JL. CIGONDEWAH KIDUL NO. 12 RT 04/04,107.566441,-6.940984,MONOPOLE,42,-,METER,2017
547,32,JAWA BARAT,3273,KOTA BANDUNG,3273010,BANDUNG KULON,32.73.15,BANDUNG KULON,SMARTFREN,JL. CIGONDEWAH KIDUL,107.566413,-6.940973,POLE ROOFTOP,6,-,METER,2017
548,32,JAWA BARAT,3273,KOTA BANDUNG,3273030,BOJONGLOA KALER,32.73.04,BOJONGLOA KALER,TELKOMSEL,JL. SOEKARNO HATTA NO. 70 I,107.590198,-6.946097,4 KAKI,20,-,METER,2017
549,32,JAWA BARAT,3273,KOTA BANDUNG,3273200,BANDUNG WETAN,32.73.09,BANDUNG WETAN,TELKOMSEL,JL. ASIA AFRIKA,107.615452,-6.922092,4 KAKI,20,-,METER,2017
550,32,JAWA BARAT,3273,KOTA BANDUNG,3273200,BANDUNG WETAN,32.73.09,BANDUNG WETAN,INDOSAT,JL. ASIA AFRIKA,107.616389,-6.922312,4 KAKI,20,-,METER,2017
551,32,JAWA BARAT,3273,KOTA BANDUNG,3273200,BANDUNG WETAN,32.73.09,BANDUNG WETAN,XL AXIATA,JL. ASIA AFRIKA,107.616122,-6.922178,COMBAT,3,-,METER,2017
552,32,JAWA BARAT,3273,KOTA BANDUNG,3273060,REGOL,32.73.11,REGOL,INDOSAT,JL. MOCH. TOHA,107.60616,-6.939367,POLE ROOFTOP,6,-,METER,2017
553,32,JAWA BARAT,3273,KOTA BANDUNG,3273060,REGOL,32.73.11,REGOL,TELKOMSEL,JL. MOCH. TOHA,107.606251,-6.938738,3 KAKI,9,-,METER,2017
554,32,JAWA BARAT,3273,KOTA BANDUNG,3273060,REGOL,32.73.11,REGOL,HUBDAM,JL. MOCH. TOHA,107.60676,-6.934844,4 KAKI,52,-,METER,2017
555,32,JAWA BARAT,3273,KOTA BANDUNG,3273170,SUMUR BANDUNG,32.73.19,SUMUR BANDUNG,XL AXIATA,JL. BANCEUY NO. 32,107.606368,-6.918079,POLE ROOFTOP,3,-,METER,2017
556,32,JAWA BARAT,3273,KOTA BANDUNG,3273170,SUMUR BANDUNG,32.73.19,SUMUR BANDUNG,NATRINDO TELEPON SELULER,JL. OTISTA NO. 43,107.604322,-6.916429,3 KAKI,20,-,METER,2017
557,32,JAWA BARAT,3273,KOTA BANDUNG,3273170,SUMUR BANDUNG,32.73.19,SUMUR BANDUNG,GOR SILIWANGI/KODAM SILIWANGI,JL. SILIWANGI,107.618786,-6.911005,4 KAKI,45,-,METER,2017
558,32,JAWA BARAT,3273,KOTA BANDUNG,3273170,SUMUR BANDUNG,32.73.19,SUMUR BANDUNG,KODAM SILIWANGI,JL. SILIWANGI,107.619844,-6.91121,4 KAKI,45,-,METER,2017
559,32,JAWA BARAT,3273,KOTA BANDUNG,3273170,SUMUR BANDUNG,32.73.19,SUMUR BANDUNG,XL AXIATA,JL. PUNAWARMAN NO. 13-15,107.609042,-6.907655,POLE ROOFTOP,3,-,METER,2017
560,32,JAWA BARAT,3273,KOTA BANDUNG,3273170,SUMUR BANDUNG,32.73.19,SUMUR BANDUNG,TELKOMSEL,JL. PUNAWARMAN NO. 13-15,107.608806,-6.908204,POLE ROOFTOP,6,-,METER,2017
561,32,JAWA BARAT,3273,KOTA BANDUNG,3273170,SUMUR BANDUNG,32.73.19,SUMUR BANDUNG,IBS,JL. PUNAWARMAN NO. 13-15,107.608733,-6.908089,POLE ROOFTOP,6,-,METER,2017
562,32,JAWA BARAT,3273,KOTA BANDUNG,3273170,SUMUR BANDUNG,32.73.19,SUMUR BANDUNG,HUTCHISON CP TELEKOMUNICATION,JL. PUNAWARMAN NO. 13-15,107.608724,-6.908071,POLE ROOFTOP,6,-,METER,2017
563,32,JAWA BARAT,3273,KOTA BANDUNG,3273190,CICENDO,32.73.06,CICENDO,INDOSAT,JL. PASIRKALIKI,107.608879,-6.907946,POLE ROOFTOP,6,-,METER,2017
564,32,JAWA BARAT,3273,KOTA BANDUNG,3273170,SUMUR BANDUNG,32.73.19,SUMUR BANDUNG,POLRESTABES BANDUNG,JL. JAWA NO. 1,107.612022,-6.914252,4 KAKI,62,-,METER,2017
565,32,JAWA BARAT,3273,KOTA BANDUNG,3273130,ARCAMANIK,32.73.24,ARCAMANIK,BAKRIE TELEKOM,JL. PARAKAAN SAAT,107.668228,-6.934056,POLE ROOFTOP,0,-,METER,2017
566,32,JAWA BARAT,3273,KOTA BANDUNG,3273230,COBLONG,32.73.02,COBLONG,TELKOMSEL,JL. IR. H. DJUANDA,107.619178,-6.874449,MICROCELL POLE,15,-,METER,2017
567,32,JAWA BARAT,3273,KOTA BANDUNG,3273230,COBLONG,32.73.02,COBLONG,TELKOMSEL,JL. IR. H. DJUANDA,107.613588,-6.889206,POLE ROOFTOP,3,-,METER,2017
568,32,JAWA BARAT,3273,KOTA BANDUNG,3273230,COBLONG,32.73.02,COBLONG,INDOSAT,JL. IR. H. DJUANDA,107.613132,-6.893412,POLE ROOFTOP,3,-,METER,2017
569,32,JAWA BARAT,3273,KOTA BANDUNG,3273200,BANDUNG WETAN,32.73.09,BANDUNG WETAN,DAYA MITRA TELEKOMUNIKASI,JL. DIPONEGORO,107.612934,-6.900305,POLE ROOFTOP,6,-,METER,2017
570,32,JAWA BARAT,3273,KOTA BANDUNG,3273230,COBLONG,32.73.02,COBLONG,TELKOMSEL,JL. IR. H. DJUANDA,107.619357,-6.874077,POLE ROOFTOP,3,-,METER,2017
571,32,JAWA BARAT,3273,KOTA BANDUNG,3273230,COBLONG,32.73.02,COBLONG,TOWER BERSAMA GROUP,JL. TUBAGUS ISMAIL,107.620332,-6.885129,POLE ROOFTOP,9,-,METER,2017
572,32,JAWA BARAT,3273,KOTA BANDUNG,3273220,CIBEUNYING KALER,32.73.18,CIBEUNYING KALER,IBS,JL. CIKUTRA BARU,107.637583,-6.896516,MICROCELL POLE,15,-,METER,2017
573,32,JAWA BARAT,3273,KOTA BANDUNG,3273060,REGOL,32.73.11,REGOL,TELKOMSEL,JL. SUKARNO HATTA,107.619936,-6.949003,MICROCELL POLE,12,-,METER,2017
574,32,JAWA BARAT,3273,KOTA BANDUNG,3273050,ASTANAANYAR,32.73.10,ASTANA ANYAR,XL AXIATA,JL. IBU INGGIT GARNASIH,107.602664,-6.931159,POLE ROOFTOP,6,-,METER,2017
575,32,JAWA BARAT,3273,KOTA BANDUNG,3273180,ANDIR,32.73.05,ANDIR,PROTELINDO,JL. JENDRAL SUDIRMAN,107.601701,-6.9205,3 KAKI,15,-,METER,2017
576,32,JAWA BARAT,3273,KOTA BANDUNG,3273260,CIDADAP,32.73.08,CIDADAP,TELKOMSEL,JL. DAGO GIRI,107.624112,-6.853428,4 KAKI,42,-,METER,2017
577,32,JAWA BARAT,3273,KOTA BANDUNG,3273230,COBLONG,32.73.02,COBLONG,TOWER BERSAMA GROUP,JL. IR. H. DJUANDA NO 4 A/163 E,107.620111,-6.866429,4 KAKI,32,-,METER,2017
578,32,JAWA BARAT,3273,KOTA BANDUNG,3273170,SUMUR BANDUNG,32.73.19,SUMUR BANDUNG,INDOSAT,JL. LEMBANG,107.6104,-6.916705,POLE ROOFTOP,6,-,METER,2017
579,32,JAWA BARAT,3273,KOTA BANDUNG,3273010,BANDUNG KULON,32.73.15,BANDUNG KULON,XL AXIATA,JL. JENDRAL SUDIRMAN,107.571551,-6.914824,MICROCELL POLE,15,-,METER,2017
580,32,JAWA BARAT,3273,KOTA BANDUNG,3273020,BABAKAN CIPARAY,32.73.03,BABAKAN CIPARAY,DAYA MITRA TELEKOMUNIKASI,JL. AKSANA,107.581072,-6.920026,POLE ROOFTOP,9,-,METER,2017
581,32,JAWA BARAT,3273,KOTA BANDUNG,3273230,COBLONG,32.73.02,COBLONG,SMARTFREN,JL. SILIWANGI,107.608618,-6.885023,MICROCELL POLE,15,-,METER,2017
582,32,JAWA BARAT,3273,KOTA BANDUNG,3273180,ANDIR,32.73.05,ANDIR,NATRINDO TELEPON SELULER,JL. GARUDA,107.578565,-6.909219,POLE ROOFTOP,15,-,METER,2017
583,32,JAWA BARAT,3273,KOTA BANDUNG,3273240,SUKAJADI,32.73.07,SUKAJADI,TELKOMSEL,JL. SURYA SUMANTRI,107.581304,-6.886093,POLE ROOFTOP,0,-,METER,2017
584,32,JAWA BARAT,3273,KOTA BANDUNG,3273240,SUKAJADI,32.73.07,SUKAJADI,TELKOMSEL,JL. SURYA SUMANTRI,107.581368,-6.886021,POLE ROOFTOP,0,-,METER,2017
585,32,JAWA BARAT,3273,KOTA BANDUNG,3273240,SUKAJADI,32.73.07,SUKAJADI,TELKOMSEL,JL. LEMAH NEUNDEUT,107.581042,-6.882517,POLE ROOFTOP,6,-,METER,2017
586,32,JAWA BARAT,3273,KOTA BANDUNG,3273240,SUKAJADI,32.73.07,SUKAJADI,TELKOMSEL,JL. BOSCHA,107.600972,-6.889843,MICROCELL POLE,12,-,METER,2017
587,32,JAWA BARAT,3273,KOTA BANDUNG,3273240,SUKAJADI,32.73.07,SUKAJADI,TELKOMSEL,JL. MUKTI,107.598917,-6.89092,POLE ROOFTOP,12,-,METER,2017
588,32,JAWA BARAT,3273,KOTA BANDUNG,3273240,SUKAJADI,32.73.07,SUKAJADI,PROTELINDO,JL. SUKA JADI GANG MARNOL RT 01 RW 04,107.59684,-6.893438,POLE ROOFTOP,12,-,METER,2017
589,32,JAWA BARAT,3273,KOTA BANDUNG,3273230,COBLONG,32.73.02,COBLONG,TELKOMSEL,JL. BAPAK HUSEIN,107.604014,-6.891574,POLE ROOFTOP,0,-,METER,2017
590,32,JAWA BARAT,3273,KOTA BANDUNG,3273230,COBLONG,32.73.02,COBLONG,TELKOMSEL,JL. CIHAMPELAS,107.604054,-6.898577,POLE ROOFTOP,18,-,METER,2017
591,32,JAWA BARAT,3273,KOTA BANDUNG,3273200,BANDUNG WETAN,32.73.09,BANDUNG WETAN,TELKOMSEL,JL. PELESIRAN GG. MUDIONO RT 08 RW 08,107.608262,-6.897095,POLE ROOFTOP,9,-,METER,2017
592,32,JAWA BARAT,3273,KOTA BANDUNG,3273200,BANDUNG WETAN,32.73.09,BANDUNG WETAN,TELKOMSEL,JL. H. DJUANDA,107.611928,-6.901491,MICROCELL POLE,15,-,METER,2017
593,32,JAWA BARAT,3273,KOTA BANDUNG,3273170,SUMUR BANDUNG,32.73.19,SUMUR BANDUNG,TELKOMSEL,JL. TAMBLONG,107.612164,-6.920477,POLE ROOFTOP,6,-,METER,2017
594,32,JAWA BARAT,3273,KOTA BANDUNG,3273170,SUMUR BANDUNG,32.73.19,SUMUR BANDUNG,HUTCHISON CP TELEKOMUNICATION,JL. TAMBLONG,107.612165,-6.920496,POLE ROOFTOP,6,-,METER,2017
595,32,JAWA BARAT,3273,KOTA BANDUNG,3273170,SUMUR BANDUNG,32.73.19,SUMUR BANDUNG,TELKOMSEL,JL. FLORES,107.618096,-6.908336,POLE ROOFTOP,6,-,METER,2017
596,32,JAWA BARAT,3273,KOTA BANDUNG,3273230,COBLONG,32.73.02,COBLONG,TELKOMSEL,JL. DIPATI UKUR,107.618141,-6.893067,4 KAKI,0,-,METER,2017
597,32,JAWA BARAT,3273,KOTA BANDUNG,3273190,CICENDO,32.73.06,CICENDO,XL AXIATA,JL. CICENDO,107.604302,-6.909788,POLE ROOFTOP,6,-,METER,2017
598,32,JAWA BARAT,3273,KOTA BANDUNG,3273130,ARCAMANIK,32.73.24,ARCAMANIK,TELKOMSEL,JL. TERUSAN PESANTREN,107.680135,-6.911364,MONOPOLE,55,-,METER,2017
599,32,JAWA BARAT,3273,KOTA BANDUNG,3273130,ARCAMANIK,32.73.24,ARCAMANIK,TOWER RADIO KOMINFO,JL. PURBASARI,107.679767,-6.914798,4 KAKI,62,-,METER,2017
600,32,JAWA BARAT,3273,KOTA BANDUNG,3273030,BOJONGLOA KALER,32.73.04,BOJONGLOA KALER,INDOSAT,JL. PETA,107.593831,-6.936318,POLE ROOFTOP,2,-,METER,2017
601,32,JAWA BARAT,3273,KOTA BANDUNG,3273040,BOJONGLOA KIDUL,32.73.17,BOJONGLOA KIDUL,TELKOMSEL,JL. PETA NO. 123,107.595281,-6.937215,3 KAKI,20,-,METER,2017
602,32,JAWA BARAT,3273,KOTA BANDUNG,3273040,BOJONGLOA KIDUL,32.73.17,BOJONGLOA KIDUL,PROTELINDO,JL. CIBADUYUT LAMA,107.593644,-6.950763,POLE ROOFTOP,6,-,METER,2017
603,32,JAWA BARAT,3273,KOTA BANDUNG,3273170,SUMUR BANDUNG,32.73.19,SUMUR BANDUNG,XL AXIATA,JL. AHMAD YANI,107.626628,-6.917622,POLE ROOFTOP,9,-,METER,2017
604,32,JAWA BARAT,3273,KOTA BANDUNG,3273040,BOJONGLOA KIDUL,32.73.17,BOJONGLOA KIDUL,XL AXIATA,JL. DEWI WARMAN,107.595555,-6.955566,3 KAKI,32,-,METER,2017
605,32,JAWA BARAT,3273,KOTA BANDUNG,3273020,BABAKAN CIPARAY,32.73.03,BABAKAN CIPARAY,TELKOMSEL,JL. MIANA,107.57698,-6.949576,4 KAKI,32,-,METER,2017
606,32,JAWA BARAT,3273,KOTA BANDUNG,3273010,BANDUNG KULON,32.73.15,BANDUNG KULON,TELKOMSEL,JL. TERUSAN PASIR KOJA,107.571246,-6.930952,4 KAKI,72,-,METER,2017
607,32,JAWA BARAT,3273,KOTA BANDUNG,3273260,CIDADAP,32.73.08,CIDADAP,XL AXIATA,JL. SETIA BUDI,107.594895,-6.8598574,MICROCELL POLE,15,-,METER,2017
608,32,JAWA BARAT,3273,KOTA BANDUNG,3273040,BOJONGLOA KIDUL,32.73.17,BOJONGLOA KIDUL,INDOSAT,JL. PAKASIH,107.58799,-6.950259,4 KAKI,42,-,METER,2017
609,32,JAWA BARAT,3273,KOTA BANDUNG,3273070,LENGKONG,32.73.13,LENGKONG,MET RADIO,JL. BUAH BATU NO. 5,107.616875,-6.930133,4 KAKI,50,-,METER,2017
610,32,JAWA BARAT,3273,KOTA BANDUNG,3273110,CIBIRU,32.73.25,CIBIRU,TELKOMSEL,JL.CILENGKRANG 2 KP. GANDOL RT 05/05,107.720919,-6.915996,4 KAKI,42,-,METER,2017
611,32,JAWA BARAT,3273,KOTA BANDUNG,3273110,CIBIRU,32.73.25,CIBIRU,XL AXIATA,KP. MEKAR SARI RT 05/ 09,107.724231,-6.921862,4 KAKI,30,-,METER,2017
612,32,JAWA BARAT,3273,KOTA BANDUNG,3273220,CIBEUNYING KALER,32.73.18,CIBEUNYING KALER,TELKOMSEL,JL. P.H.H MUSTOFA,107.639283,-6.898936,MICROCELL POLE,15,-,METER,2017
613,32,JAWA BARAT,3273,KOTA BANDUNG,3273030,BOJONGLOA KALER,32.73.04,BOJONGLOA KALER,TELKOMSEL,JL. KOPO,107.589228,-6.939012,4 KAKI,62,-,METER,2017
614,32,JAWA BARAT,3273,KOTA BANDUNG,3273010,BANDUNG KULON,32.73.15,BANDUNG KULON,NATRINDO TELEPON SELULER,JL. HOLIS,107.573008,-6.930752,3 KAKI,52,-,METER,2017
615,32,JAWA BARAT,3273,KOTA BANDUNG,3273141,ANTAPANI,32.73.20,ANTAPANI,TELKOMSEL,JL. ANTAPANI MAS II,107.662013,-6.928703,POLE ROOFTOP,16,-,METER,2017
616,32,JAWA BARAT,3273,KOTA BANDUNG,3273210,CIBEUNYING KIDUL,32.73.14,CIBEUNYING KIDUL,XL AXIATA,JL. CIKUTRA,107.643807,-6.906813,POLE ROOFTOP,6,-,METER,2017
617,32,JAWA BARAT,3273,KOTA BANDUNG,3273120,UJUNG BERUNG,32.73.26,UJUNGBERUNG,TELKOMSEL,JL. VIJAYAKUSUMA,107.69418,-6.904663,4 KAKI,62,-,METER,2017
618,32,JAWA BARAT,3273,KOTA BANDUNG,3273160,BATUNUNGGAL,32.73.12,BATUNUNGGAL,TELKOMSEL,JL. JENDRAL GATOT SUBROTO,107.637204,-6.925313,POLE ROOFTOP,10,-,METER,2017
619,32,JAWA BARAT,3273,KOTA BANDUNG,3273150,KIARACONDONG,32.73.16,KIARACONDONG,XL AXIATA,JL. MANDALA,107.644572,-6.942857,3 KAKI,25,-,METER,2017
620,32,JAWA BARAT,3273,KOTA BANDUNG,3273160,BATUNUNGGAL,32.73.12,BATUNUNGGAL,TELKOMSEL,JL. SURADHARMA,107.635538,-6.951784,MONOPOLE,32,-,METER,2017
621,32,JAWA BARAT,3273,KOTA BANDUNG,3273100,RANCASARI,32.73.23,RANCASARI,TELKOMSEL,JL. TERUSAN SALUYU,107.67829,-6.950355,MONOPOLE,25,-,METER,2017
622,32,JAWA BARAT,3273,KOTA BANDUNG,3273070,LENGKONG,32.73.13,LENGKONG,TELKOMSEL,JL. BKR,107.60736,-6.937694,3 KAKI,0,-,METER,2017
623,32,JAWA BARAT,3273,KOTA BANDUNG,3273060,REGOL,32.73.11,REGOL,IBS,JL. MOHAMMAD RAMDAN,107.610979,-6.936282,4 KAKI,0,-,METER,2017
624,32,JAWA BARAT,3273,KOTA BANDUNG,3273230,COBLONG,32.73.02,COBLONG,PROTELINDO,JL. CISITU INDAH VL NO.181 RT.001/004,107.61395,-6.8729,POLE ROOFTOP,12,ROOFTOP TOWER,METER,2017
625,32,JAWA BARAT,3273,KOTA BANDUNG,3273040,BOJONGLOA KIDUL,32.73.17,BOJONGLOA KIDUL,PROTELINDO,JALAN TOL MOH TOHA,107.60316,-6.96213,MONOPOLE,27,GREENFIELD,METER,2017
626,32,JAWA BARAT,3273,KOTA BANDUNG,3273180,ANDIR,32.73.05,ANDIR,PROTELINDO,JL. GARDU JATI NO. 81-83 RT.02/07 . KING GARDEN HOTEL,107.59788,-6.9174,POLE ROOFTOP,6,ROOFTOP TOWER,METER,2017
627,32,JAWA BARAT,3273,KOTA BANDUNG,3273220,CIBEUNYING KALER,32.73.18,CIBEUNYING KALER,PROTELINDO,GG. MASJID AL-IKHLAS RT. 02 RW. 08,107.62675,-6.88318,POLE ROOFTOP,6,ROOFTOP TOWER,METER,2017
628,32,JAWA BARAT,3273,KOTA BANDUNG,3273070,LENGKONG,32.73.13,LENGKONG,PROTELINDO,JL. BUAH BATU NO.148 RT.01/01,107.62482,-6.93938,POLE ROOFTOP,6,ROOFTOP TOWER,METER,2017
629,32,JAWA BARAT,3273,KOTA BANDUNG,3273080,BANDUNG KIDUL,32.73.21,BANDUNG KIDUL,PROTELINDO,"KOMPLEK BUAH BATU REGENSI A1 KAV NO.9, RT.09, RW.07",107.63999,-6.96126,POLE ROOFTOP,6,ROOFTOP TOWER,METER,2017
630,32,JAWA BARAT,3273,KOTA BANDUNG,3273070,LENGKONG,32.73.13,LENGKONG,PROTELINDO,JL. SUKARNO Ã HATTA NO. 505,107.62836,-6.94801,MONOPOLE,18,GREENFIELD,METER,2017
631,32,JAWA BARAT,3273,KOTA BANDUNG,3273040,BOJONGLOA KIDUL,32.73.17,BOJONGLOA KIDUL,PROTELINDO,JL. KARASAK BARAT MEKAR MAS KAV. 5E. KOMPLEK PERTOKOAN ISTANA MEKARWANGI,107.602202,-6.9488793,POLE ROOFTOP,6,ROOFTOP TOWER,METER,2017
632,32,JAWA BARAT,3273,KOTA BANDUNG,3273040,BOJONGLOA KIDUL,32.73.17,BOJONGLOA KIDUL,PROTELINDO,"JL. LEUWI PANJANG GG. H. SAMSUDIN, RT.009, RW.004",107.5939561,-6.9450234,POLE ROOFTOP,6,ROOFTOP TOWER,METER,2017
633,32,JAWA BARAT,3273,KOTA BANDUNG,3273020,BABAKAN CIPARAY,32.73.03,BABAKAN CIPARAY,PROTELINDO,JL. BABAKAN CIPARAY GG AIR MANCUR RT.006/003,107.5831,-6.92996,POLE ROOFTOP,9,ROOFTOP TOWER,METER,2017
634,32,JAWA BARAT,3273,KOTA BANDUNG,3273080,BANDUNG KIDUL,32.73.21,BANDUNG KIDUL,SMARTFREN,JL. BATU NUNGGAL INDAH RAYA II,107.628661,-6.956171,POLE ROOFTOP,6,ROOFTOP TOWER,METER,2017
635,32,JAWA BARAT,3273,KOTA BANDUNG,3273230,COBLONG,32.73.02,COBLONG,SMARTFREN,JL. IR. H. DJUANDA,107.613588,-6.889206,POLE ROOFTOP,3,-,METER,2017
636,32,JAWA BARAT,3273,KOTA BANDUNG,3273141,ANTAPANI,32.73.20,ANTAPANI,TELKOMSEL,JL. TERUSAN JAKARTA,107.6648,-6.9147,POLE ROOFTOP,3,ROOFTOP TOWER,METER,2017
637,32,JAWA BARAT,3273,KOTA BANDUNG,3273080,BANDUNG KIDUL,32.73.21,BANDUNG KIDUL,TELKOMSEL,JL. PARAKAN PERMAI,107.6311406,-6.9492728,POLE ROOFTOP,3,ROOFTOP TOWER,METER,2017
638,32,JAWA BARAT,3273,KOTA BANDUNG,3273010,BANDUNG KULON,32.73.15,BANDUNG KULON,SMARTFREN,TAMAN HOLIS,107.5618976,-6.9373755,4 KAKI,30,GREENFIELD,METER,2017
639,32,JAWA BARAT,3273,KOTA BANDUNG,3273200,BANDUNG WETAN,32.73.09,BANDUNG WETAN,DAYA MITRA TELEKOMUNIKASI,JL. WASTUKENCANA GANG NANGKASUNI BANDUNG,107.6059,-6.9058602,POLE ROOFTOP,3,ROOFTOP TOWER,METER,2017
640,32,JAWA BARAT,3273,KOTA BANDUNG,3273210,CIBEUNYING KIDUL,32.73.14,CIBEUNYING KIDUL,DAYA MITRA TELEKOMUNIKASI,JL. BOJONG KONENG NO. 12 RT 04 RW 12,107.6437193,-6.89435,POLE ROOFTOP,6,ROOFTOP TOWER,METER,2017
641,32,JAWA BARAT,3273,KOTA BANDUNG,3273150,KIARACONDONG,32.73.16,KIARACONDONG,DAYA MITRA TELEKOMUNIKASI,JL. IBRAHIM ADJIE NO. 373 RT. 003 RW. 006,107.64259,-6.93409,POLE ROOFTOP,12,ROOFTOP TOWER,METER,2017
642,32,JAWA BARAT,3273,KOTA BANDUNG,3273210,CIBEUNYING KIDUL,32.73.14,CIBEUNYING KIDUL,DAYA MITRA TELEKOMUNIKASI,"JL. JAKARTA NO 73 RT 5 RW 3, BANDUNG, JAWA BARAT",107.64258,-6.91365,POLE ROOFTOP,12,ROOFTOP TOWER,METER,2017
643,32,JAWA BARAT,3273,KOTA BANDUNG,3273250,SUKASARI,32.73.01,SUKASARI,DAYA MITRA TELEKOMUNIKASI,"MASJID TA'AWUN GANG SARIMANAH IV BLOK 10, PERUM SARIJADI RT/RW. 003/004",107.577552,-6.87852,POLE ROOFTOP,9,ROOFTOP TOWER,METER,2017
644,32,JAWA BARAT,3273,KOTA BANDUNG,3273170,SUMUR BANDUNG,32.73.19,SUMUR BANDUNG,DAYA MITRA TELEKOMUNIKASI,HOTEL DAFAM RIO JL. RE. MARTADINATA (RIAU) NO. 160,107.62913,-6.91422,POLE ROOFTOP,9,ROOFTOP TOWER,METER,2017
645,32,JAWA BARAT,3273,KOTA BANDUNG,3273070,LENGKONG,32.73.13,LENGKONG,DAYA MITRA TELEKOMUNIKASI,JL. MELONG KIDUL RT.01 / RW.02,107.613863,-6.929901,POLE ROOFTOP,12,ROOFTOP TOWER,METER,2017
646,32,JAWA BARAT,3273,KOTA BANDUNG,3273220,CIBEUNYING KALER,32.73.18,CIBEUNYING KALER,DAYA MITRA TELEKOMUNIKASI,JL. FARMAKOLOGI NO. 1â  RT. 02 RW. 07,107.623264,-6.882719,MICROCELL POLE,20,GREENFIELD,METER,2017
647,32,JAWA BARAT,3273,KOTA BANDUNG,3273180,ANDIR,32.73.05,ANDIR,DAYA MITRA TELEKOMUNIKASI,JALAN STASIUN SELATAN NO.25,107.59898,-6.91365,MONOPOLE,30,GREENFIELD,METER,2017
648,32,JAWA BARAT,3273,KOTA BANDUNG,3273230,COBLONG,32.73.02,COBLONG,DAYA MITRA TELEKOMUNIKASI,JL. CIHAMPELAS NO.121B,107.603816,-6.89643,MICROCELL POLE,9,GREENFIELD,METER,2017
649,32,JAWA BARAT,3273,KOTA BANDUNG,3273170,SUMUR BANDUNG,32.73.19,SUMUR BANDUNG,DAYA MITRA TELEKOMUNIKASI,JL. OTTO ISKANDAR DINATA NO.99,107.60435,-6.91808,MICROCELL POLE,9,GREENFIELD,METER,2017
650,32,JAWA BARAT,3273,KOTA BANDUNG,3273240,SUKAJADI,32.73.07,SUKAJADI,DAYA MITRA TELEKOMUNIKASI,MASJID AL MURABY. JL. HEGARMANAH NO.10,107.5823777,-6.8811867,POLE ROOFTOP,9,ROOFTOP TOWER,METER,2017
651,32,JAWA BARAT,3273,KOTA BANDUNG,3273020,BABAKAN CIPARAY,32.73.03,BABAKAN CIPARAY,DAYA MITRA TELEKOMUNIKASI,JL. TERS. SURYANI GG. ABADI RT.03 RW.02,107.57957,-6.92615,MONOPOLE,30,GREENFIELD,METER,2017
652,32,JAWA BARAT,3273,KOTA BANDUNG,3273080,BANDUNG KIDUL,32.73.21,BANDUNG KIDUL,DAYA MITRA TELEKOMUNIKASI,JL. SOEKARNO HATTA NO. 468. KANTOR PKK PROPINSI JAWA BARAT.,107.62754,-6.94972,MICROCELL POLE,9,GREENFIELD,METER,2017
653,32,JAWA BARAT,3273,KOTA BANDUNG,3273240,SUKAJADI,32.73.07,SUKAJADI,INDOSAT,JL. DR. JUNJUNAN NO. 116,107.589722,-6.895,POLE ROOFTOP,3,ROOFTOP TOWER,METER,2017
654,32,JAWA BARAT,3273,KOTA BANDUNG,3273060,REGOL,32.73.11,REGOL,INDOSAT,JL. BKR /PT INTI,107.607222,-6.938333,POLE ROOFTOP,3,ROOFTOP TOWER,METER,2017
655,32,JAWA BARAT,3273,KOTA BANDUNG,3273121,CINAMBO,32.73.29,CINAMBO,KIN (KOMET INFRA NUSANTARA),JL BTR RAYA,107.69586,-6.91606,MONOPOLE,9,ROOFTOP TOWER,METER,2017
656,32,JAWA BARAT,3273,KOTA BANDUNG,3273180,ANDIR,32.73.05,ANDIR,RETOWER ASIA,PASAR BARU BANDUNG,107.603333,-6.9174,POLE ROOFTOP,3,ROOFTOP TOWER,METER,2017
657,32,JAWA BARAT,3273,KOTA BANDUNG,3273120,UJUNG BERUNG,32.73.26,UJUNGBERUNG,SOLUSI TUNAS PRATAMA,JL. CIHAREGEM,107.70371,-6.90237,4 KAKI,32,GREENFIELD,METER,2017
658,32,JAWA BARAT,3273,KOTA BANDUNG,3273070,LENGKONG,32.73.13,LENGKONG,IBS,JL. SEKAR MANIS,107.62675,-6.939614,POLE ROOFTOP,3,ROOFTOP TOWER,METER,2017
659,32,JAWA BARAT,3273,KOTA BANDUNG,3273050,ASTANAANYAR,32.73.10,ASTANA ANYAR,IBS,JL. PELINDUNG HEWAN,107.604538,-6.941373,POLE ROOFTOP,3,ROOFTOP TOWER,METER,2017
660,32,JAWA BARAT,3273,KOTA BANDUNG,3273010,BANDUNG KULON,32.73.15,BANDUNG KULON,IBS,JL. H ALPI,107.57155,-6.92246,4 KAKI,25,GREENFIELD,METER,2017
661,32,JAWA BARAT,3273,KOTA BANDUNG,3273240,SUKAJADI,32.73.07,SUKAJADI,DAYA MITRA TELEKOMUNIKASI,JL. SARIMADU,107.57487,-6.88395,POLE ROOFTOP,3,ROOFTOP TOWER,METER,2017
662,32,JAWA BARAT,3273,KOTA BANDUNG,3273120,UJUNG BERUNG,32.73.26,UJUNGBERUNG,IBS,JL. PASIRMALAKA,107.70103,-6.9010747,4 KAKI,25,GREENFIELD,METER,2017
663,32,JAWA BARAT,3273,KOTA BANDUNG,3273040,BOJONGLOA KIDUL,32.73.17,BOJONGLOA KIDUL,DAYA MITRA TELEKOMUNIKASI,JL. LEUWISARI RAYA NO. 32 RT 001 RW 008,107.59773,-6.94526,MICROCELL POLE,20,GREENFIELD,METER,2017
664,32,JAWA BARAT,3273,KOTA BANDUNG,3273090,BUAHBATU,32.73.22,BUAHBATU,DAYA MITRA TELEKOMUNIKASI,GG. NEGLASARI V NO.47 RT.05 RW.08,107.65601,-6.9589,MICROCELL POLE,20,GREENFIELD,METER,2017
665,32,JAWA BARAT,3273,KOTA BANDUNG,3273130,ARCAMANIK,32.73.24,ARCAMANIK,DAYA MITRA TELEKOMUNIKASI,JL. BANJARSARI INDAH A-IF RT.03/RW.015,107.667069,-6.919414,POLE ROOFTOP,6,ROOFTOP TOWER,METER,2017
666,32,JAWA BARAT,3273,KOTA BANDUNG,3273210,CIBEUNYING KIDUL,32.73.14,CIBEUNYING KIDUL,DAYA MITRA TELEKOMUNIKASI,JL. SIRNA GALIH NO. 22 RT/RW. 05/04,107.657,-6.89526,MICROCELL POLE,20,GREENFIELD,METER,2017
667,32,JAWA BARAT,3273,KOTA BANDUNG,3273210,CIBEUNYING KIDUL,32.73.14,CIBEUNYING KIDUL,DAYA MITRA TELEKOMUNIKASI,JL. MEKAR II PASIR HONJE RT 02 RW 01,107.66429,-6.886046,4 KAKI,20,ROOFTOP TOWER,METER,2017
668,32,JAWA BARAT,3273,KOTA BANDUNG,3273150,KIARACONDONG,32.73.16,KIARACONDONG,"PT. PROTELINDO, TBK",JL. BABAKAN SARI,107.64486,-6.92192,ROOFTOP MT,28,-,METER,2018
669,32,JAWA BARAT,3273,KOTA BANDUNG,3273200,BANDUNG WETAN,32.73.09,BANDUNG WETAN,"PT. PROTELINDO, TBK",JL. PROGO NO. 6,107.61746,-6.90516,MONOPOLE,42,-,METER,2018
670,32,JAWA BARAT,3273,KOTA BANDUNG,3273070,LENGKONG,32.73.13,LENGKONG,"PT. PROTELINDO, TBK",JL. SOEKARNO -HATTA NO. 489-491,107.62531,-6.94917,SST,42,-,METER,2018
671,32,JAWA BARAT,3273,KOTA BANDUNG,3273160,BATUNUNGGAL,32.73.12,BATUNUNGGAL,"PT. PROTELINDO, TBK",JL. JEND. A YANI NO. 358 RT. 003/07 KODEPOS 40271,107.63664,-6.91247,ROOFTOP MT,40,-,METER,2018
672,32,JAWA BARAT,3273,KOTA BANDUNG,3273210,CIBEUNYING KIDUL,32.73.14,CIBEUNYING KIDUL,"PT. PROTELINDO, TBK",JL. CIKUTRA NO. 31 RT. 01 RW. 10,107.64369,-6.90508,ROOFTOP MT,20,-,METER,2018
673,32,JAWA BARAT,3273,KOTA BANDUNG,3273200,BANDUNG WETAN,32.73.09,BANDUNG WETAN,"PT. PROTELINDO, TBK",JL. PAJAJARAN NO. 28 RT. 06 RW. 18,107.60527,-6.90693,ROOFTOP MT,25,-,METER,2018
674,32,JAWA BARAT,3273,KOTA BANDUNG,3273230,COBLONG,32.73.02,COBLONG,"PT. PROTELINDO, TBK",JL. GANESHA NO. 7 RT. 03 RW. 04,107.61098,-6.89422,POLE,12,-,METER,2018
675,32,JAWA BARAT,3273,KOTA BANDUNG,3273220,CIBEUNYING KALER,32.73.18,CIBEUNYING KALER,"PT. PROTELINDO, TBK",JL. SURAPATI NO. 68 RT. 02 RW. 04 APOTIK LIA FARMA,107.62832,-6.90008,POLE,6,-,METER,2018
676,32,JAWA BARAT,3273,KOTA BANDUNG,3273090,BUAHBATU,32.73.22,BUAHBATU,"PT. PROTELINDO, TBK",JL. CIJAWURA GIRANG RAYA RT. 01 RW. 014,107.64861,-6.9442,SST,30,-,METER,2018
677,32,JAWA BARAT,3273,KOTA BANDUNG,3273210,CIBEUNYING KIDUL,32.73.14,CIBEUNYING KIDUL,"PT. PROTELINDO, TBK",JL. JEND. AHMAD YANI NO. 535 A RT. 01 RW. 01,107.64167,-6.90932,ROOFTOP MT,20,-,METER,2018
678,32,JAWA BARAT,3273,KOTA BANDUNG,3273240,SUKAJADI,32.73.07,SUKAJADI,"PT. PROTELINDO, TBK",JL. SUKAGALIH NO. 70 RT. 03 RW. 07,107.59229,-6.89227,POLE,12,-,METER,2018
679,32,JAWA BARAT,3273,KOTA BANDUNG,3273250,SUKASARI,32.73.01,SUKASARI,"PT. PROTELINDO, TBK",JL. BUNGUR NO. 41,107.59396,-6.87837,SST,42,-,METER,2018
680,32,JAWA BARAT,3273,KOTA BANDUNG,3273210,CIBEUNYING KIDUL,32.73.14,CIBEUNYING KIDUL,"PT. PROTELINDO, TBK",JL. JEND. AHMAD YANI NO. 435 RT. 01 RW. 02,107.63926,-6.91061,POLE,12,-,METER,2018
681,32,JAWA BARAT,3273,KOTA BANDUNG,3273130,ARCAMANIK,32.73.24,ARCAMANIK,"PT. PROTELINDO, TBK",JL. KOMP. CISARANTEN INDAH NO. 46/170 RT. 03 RW. 01,107.6843,-6.91926,MONOPOLE,25,-,METER,2018
682,32,JAWA BARAT,3273,KOTA BANDUNG,3273040,BOJONGLOA KIDUL,32.73.17,BOJONGLOA KIDUL,"PT. PROTELINDO, TBK",JL. CIBADUYUT RAYA NO. 85-87,107.5941,-6.95068,POLE,6,-,METER,2018
683,32,JAWA BARAT,3273,KOTA BANDUNG,3273190,CICENDO,32.73.06,CICENDO,"PT. PROTELINDO, TBK",KOMPLEK ISTANA PASTEUR REGENCY RT. 05 RW. 06,107.57563,-6.89108,POLE,12,-,METER,2018
684,32,JAWA BARAT,3273,KOTA BANDUNG,3273040,BOJONGLOA KIDUL,32.73.17,BOJONGLOA KIDUL,"PT. PROTELINDO, TBK",JL. KARASAK BARAT NO. 5B RT. 01 RW. 09,107.60233,-6.94882,POLE,9,-,METER,2018
685,32,JAWA BARAT,3273,KOTA BANDUNG,3273200,BANDUNG WETAN,32.73.09,BANDUNG WETAN,"PT. PROTELINDO, TBK",JL. CITARUM NO. 16 RT. 001 RW. 003,107.62306,-6.90441,POLE,6,-,METER,2018
686,32,JAWA BARAT,3273,KOTA BANDUNG,3273120,UJUNG BERUNG,32.73.26,UJUNGBERUNG,"PT. PROTELINDO, TBK",JL. KP. SEKEBURUY,107.70932,-6.89748,SST,30,-,METER,2018
687,32,JAWA BARAT,3273,KOTA BANDUNG,3273100,RANCASARI,32.73.23,RANCASARI,"PT. PROTELINDO, TBK",JL. MERKURI TENGAH X NO. 2 RT. 07 RW. 08,107.66717,-6.9462,POLE,12,-,METER,2018
688,32,JAWA BARAT,3273,KOTA BANDUNG,3273120,UJUNG BERUNG,32.73.26,UJUNGBERUNG,"PT. PROTELINDO, TBK",GG. KP. BABAKAN TEUREUP RT. 04 RW. 10,107.71071,-6.9042,SST,25,-,METER,2018
689,32,JAWA BARAT,3273,KOTA BANDUNG,3273070,LENGKONG,32.73.13,LENGKONG,"PT. PROTELINDO, TBK",JL. BUAHBATU 184 RT. 001 RW. 001,107.62486,-6.93944,POLE,12,-,METER,2018
690,32,JAWA BARAT,3273,KOTA BANDUNG,3273100,RANCASARI,32.73.23,RANCASARI,"PT. PROTELINDO, TBK",JL. SATURNUS TENGAH NO. 2 RT. 004 RW. 015,107.66541,-6.95243,POLE,12,-,METER,2018
691,32,JAWA BARAT,3273,KOTA BANDUNG,3273200,BANDUNG WETAN,32.73.09,BANDUNG WETAN,"PT. PROTELINDO, TBK",JL. CIHAMPELAS NO. 76A RT. 002 RW. 009,107.60431,-6.90114,ROOFTOP MT,20,-,METER,2018
692,32,JAWA BARAT,3273,KOTA BANDUNG,3273260,CIDADAP,32.73.08,CIDADAP,"PT. PROTELINDO, TBK",JL. CIPAKU INDAH 3 NO. 11,107.59969,-6.86406,POLE,6,-,METER,2018
693,32,JAWA BARAT,3273,KOTA BANDUNG,3273180,ANDIR,32.73.05,ANDIR,"PT. PROTELINDO, TBK",JL. BABAKAN CIANJUR GG. SEDAP MALAM II RT. 03 RW. 07,107.56534,-6.89375,MONOPOLE,18,-,METER,2018
694,32,JAWA BARAT,3273,KOTA BANDUNG,3273100,RANCASARI,32.73.23,RANCASARI,"PT. PROTELINDO, TBK",JL. MERKURI RAYA BLOK Q 40-42 MARGAHAYU RAYA METRO,107.66845,-6.94578,CAMOUFLAGE,6,-,METER,2018
695,32,JAWA BARAT,3273,KOTA BANDUNG,3273120,UJUNG BERUNG,32.73.26,UJUNGBERUNG,"PT. PROTELINDO, TBK",JL. EGLASARI I NO. 17 RT. 04 RW. 04,107.70779,-6.91611,MONOPOLE,18,-,METER,2018
696,32,JAWA BARAT,3273,KOTA BANDUNG,3273090,BUAHBATU,32.73.22,BUAHBATU,"PT. PROTELINDO, TBK",JL. MARGACINTA NO. 52 A RT. 01 RW. 04,107.64299,-6.95494,CAMOUFLAGE,6,-,METER,2018
697,32,JAWA BARAT,3273,KOTA BANDUNG,3273142,MANDALAJATI,32.73.30,MANDALAJATI,"PT. PROTELINDO, TBK",JL. PASIR IMPUN RT. 01/RW. 12,107.67628,-6.89659,SST,42,-,METER,2018
698,32,JAWA BARAT,3273,KOTA BANDUNG,3273200,BANDUNG WETAN,32.73.09,BANDUNG WETAN,"PT. PROTELINDO, TBK",JL. CIHAMPELAS NO. 70 RT. 02 RW. 09,107.60459,-6.90158,ROOFTOP MT,20,-,METER,2018
699,32,JAWA BARAT,3273,KOTA BANDUNG,3273040,BOJONGLOA KIDUL,32.73.17,BOJONGLOA KIDUL,"PT. PROTELINDO, TBK",JL. KOMPLEK MEKAR WANGI RT. 3 RW. 3,107.59968,-6.95328,SST,42,-,METER,2018
700,32,JAWA BARAT,3273,KOTA BANDUNG,0,-,0,-,"PT. PROTELINDO, TBK",GG. BANYU BIRU,107.66438,-6.9652,SST,42,-,METER,2018
701,32,JAWA BARAT,3273,KOTA BANDUNG,3273050,ASTANAANYAR,32.73.10,ASTANA ANYAR,"PT. PROTELINDO, TBK",JL. PAGARSIH NO. 21,107.59714,-6.92325,4 KAKI,30,-,METER,2018
702,32,JAWA BARAT,3273,KOTA BANDUNG,3273240,SUKAJADI,32.73.07,SUKAJADI,"PT. PROTELINDO, TBK",JL. DR. DJUNJUNAN,107.59528,-6.89931,3 KAKI,30,-,METER,2018
703,32,JAWA BARAT,3273,KOTA BANDUNG,3273190,CICENDO,32.73.06,CICENDO,"PT. PROTELINDO, TBK",JL. DR. ABDUL RIVAI NO. 1,107.60364,-6.90461,3 KAKI,25,-,METER,2018
704,32,JAWA BARAT,3273,KOTA BANDUNG,3273090,BUAHBATU,32.73.22,BUAHBATU,"PT. PROTELINDO, TBK",JL. SOEKARNO -HATTA NO. 689,107.65855,-6.93917,4 KAKI,42,-,METER,2018
705,32,JAWA BARAT,3273,KOTA BANDUNG,3273150,KIARACONDONG,32.73.16,KIARACONDONG,"PT. PROTELINDO, TBK",JL. SANGGAR KENCANA III RT. 05 RW. 09,107.66752,-6.93489,3 KAKI,36,-,METER,2018
706,32,JAWA BARAT,3273,KOTA BANDUNG,3273150,KIARACONDONG,32.73.16,KIARACONDONG,"PT. PROTELINDO, TBK",JL. TERUSAN JAKARTA,107.64974,-6.91339,3 KAKI,35,-,METER,2018
707,32,JAWA BARAT,3273,KOTA BANDUNG,3273210,CIBEUNYING KIDUL,32.73.14,CIBEUNYING KIDUL,"PT. PROTELINDO, TBK",TERUSAN JL. JAKARTA RT. 03 RW. 07 KODE POS 40291,107.66006,-6.91344,3 KAKI,35,-,METER,2018
708,32,JAWA BARAT,3273,KOTA BANDUNG,3273210,CIBEUNYING KIDUL,32.73.14,CIBEUNYING KIDUL,"PT. PROTELINDO, TBK",JL. CIBODAS BARU RT. 002 RW. 022  KODE POS 40291,107.66467,-6.92014,3 KAKI,30,-,METER,2018
709,32,JAWA BARAT,3273,KOTA BANDUNG,3273130,ARCAMANIK,32.73.24,ARCAMANIK,"PT. PROTELINDO, TBK",JL. CISANTERN BARU  RT. /RW. 06/01 KODE POS 40293,107.67975,-6.91872,3 KAKI,45,-,METER,2018
710,32,JAWA BARAT,3273,KOTA BANDUNG,3273020,BABAKAN CIPARAY,32.73.03,BABAKAN CIPARAY,"PT. PROTELINDO, TBK",JL. PESANTREN RT. 5 RW. 4 KODE POS 40277,107.586,-6.95806,3 KAKI,30,-,METER,2018
711,32,JAWA BARAT,3273,KOTA BANDUNG,3273120,UJUNG BERUNG,32.73.26,UJUNGBERUNG,"PT. PROTELINDO, TBK",JL. RUMAH SAKIT NO. 163 RT. 001 RW. 007,107.69311,-6.934,3 KAKI,45,-,METER,2018
712,32,JAWA BARAT,3273,KOTA BANDUNG,3273020,BABAKAN CIPARAY,32.73.03,BABAKAN CIPARAY,"PT. PROTELINDO, TBK",JL. CIBOLERANG NO. 219 RT. 002 RW. 008 KODE POS 40224,107.56964,-6.9496,3 KAKI,46,-,METER,2018
713,32,JAWA BARAT,3273,KOTA BANDUNG,3273100,RANCASARI,32.73.23,RANCASARI,"PT. PROTELINDO, TBK",JL. GEDEBAGE SELATAN NO. 189 RT. 005/02 KODE POS 40295,107.68672,-6.95539,3 KAKI,45,-,METER,2018
714,32,JAWA BARAT,3273,KOTA BANDUNG,3273150,KIARACONDONG,32.73.16,KIARACONDONG,"PT. PROTELINDO, TBK",GANG SEKOLAH II RT. 03 RW. 02 KODE POS 40283,107.64558,-6.91872,3 KAKI,35,-,METER,2018
715,32,JAWA BARAT,3273,KOTA BANDUNG,3273030,BOJONGLOA KALER,32.73.04,BOJONGLOA KALER,"PT. PROTELINDO, TBK",JL. AMD 10 NO. 17 A RT. 006 RW. 007 KODE POS 40232,107.59183,-6.93055,3 KAKI,35,-,METER,2018
716,32,JAWA BARAT,3273,KOTA BANDUNG,3273020,BABAKAN CIPARAY,32.73.03,BABAKAN CIPARAY,"PT. PROTELINDO, TBK",JL. SOEKARNO HATTA /H. HASAN II NO. 17 RT. 01/07 KODEPOS 40223,107.57758,-6.93847,3 KAKI,35,-,METER,2018
717,32,JAWA BARAT,3273,KOTA BANDUNG,3273040,BOJONGLOA KIDUL,32.73.17,BOJONGLOA KIDUL,"PT. PROTELINDO, TBK",JL. CIBADUYUT RAYA NO. 55A RT. 01 RW. 10,107.59406,-6.94964,3 KAKI,20,-,METER,2018
718,32,JAWA BARAT,3273,KOTA BANDUNG,3273060,REGOL,32.73.11,REGOL,"PT. PROTELINDO, TBK",JL. DENKI SELATAN V NO. 38 RT. 05/02 KODEPOS 40255,107.61175,-6.94728,3 KAKI,35,-,METER,2018
719,32,JAWA BARAT,3273,KOTA BANDUNG,3273120,UJUNG BERUNG,32.73.26,UJUNGBERUNG,"PT. PROTELINDO, TBK",JL. A.H. NASUTION NO. 1 KM 9 RT. 01 RW. 01 KOD.POS 40619,107.68728,-6.90725,3 KAKI,35,-,METER,2018
720,32,JAWA BARAT,3273,KOTA BANDUNG,3273110,CIBIRU,32.73.25,CIBIRU,"PT. PROTELINDO, TBK",JL. MANISI,107.72021,-6.92799,3 KAKI,36,-,METER,2018
721,32,JAWA BARAT,3273,KOTA BANDUNG,3273230,COBLONG,32.73.02,COBLONG,"PT. PROTELINDO, TBK",KOMPLEK PONDOK PESANTREN MIFTAHUL KHOIR DAGO,107.6218,-6.87995,3 KAKI,46,-,METER,2018
722,32,JAWA BARAT,3273,KOTA BANDUNG,3273090,BUAHBATU,32.73.22,BUAHBATU,"PT. PROTELINDO, TBK",JL. RANCABOLANG NO. 16,107.66242,-6.94628,4 KAKI,35,-,METER,2018
723,32,JAWA BARAT,3273,KOTA BANDUNG,3273240,SUKAJADI,32.73.07,SUKAJADI,"PT. PROTELINDO, TBK",JL. CIPEDES TENGAH NO. 15,107.59047,-6.88853,3 KAKI,45,-,METER,2018
724,32,JAWA BARAT,3273,KOTA BANDUNG,3273110,CIBIRU,32.73.25,CIBIRU,"PT. PROTELINDO, TBK",JL. SINDANGSARI RT. 03 RW. 04 KOD.POS 40614,107.7028,-6.91755,3 KAKI,35,-,METER,2018
725,32,JAWA BARAT,3273,KOTA BANDUNG,3273100,RANCASARI,32.73.23,RANCASARI,"PT. PROTELINDO, TBK",JL. GANG CIWASTRA RT. 02 RW. 06,107.66931,-6.9624,3 KAKI,38,-,METER,2018
726,32,JAWA BARAT,3273,KOTA BANDUNG,3273150,KIARACONDONG,32.73.16,KIARACONDONG,"PT. PROTELINDO, TBK",JL. JEND. AHMAD YANI,107.65456,-6.90306,POLE,12,-,METER,2018
727,32,JAWA BARAT,3273,KOTA BANDUNG,3273060,REGOL,32.73.11,REGOL,"PT. PROTELINDO, TBK",JL. MOCHAMAD RAMDHAN NO. 90 RT. 07/03 KODEPOS 40252,107.61061,-6.93603,4 KAKI,60,-,METER,2018
728,32,JAWA BARAT,3273,KOTA BANDUNG,3273130,ARCAMANIK,32.73.24,ARCAMANIK,"PT. PROTELINDO, TBK",JL. CINGISED RAYA GANG ULIL ALBAB NO. 1 RT. 03 RW. 16 KODE POS 40293,107.67297,-6.92879,3 KAKI,30,-,METER,2018
729,32,JAWA BARAT,3273,KOTA BANDUNG,3273150,KIARACONDONG,32.73.16,KIARACONDONG,"PT. PROTELINDO, TBK",JL. LEMAH KHEGAR TIMUR RT. 004 RW. 04 NO.. KODE POS 40285,107.65436,-6.93048,4 KAKI,36,-,METER,2018
730,32,JAWA BARAT,3273,KOTA BANDUNG,3273200,BANDUNG WETAN,32.73.09,BANDUNG WETAN,"PT. PROTELINDO, TBK",JL. IR. H. JUANDA NO. 61-63,107.61165,-6.90074,POLE,25,-,METER,2018
731,32,JAWA BARAT,3273,KOTA BANDUNG,3273090,BUAHBATU,32.73.22,BUAHBATU,"PT. PROTELINDO, TBK",JL. CIDURIAN BARU 17 RT. 04 RW. 05 NO.. KODE POS 40286,107.65452,-6.9397,3 KAKI,35,-,METER,2018
732,32,JAWA BARAT,3273,KOTA BANDUNG,3273020,BABAKAN CIPARAY,32.73.03,BABAKAN CIPARAY,"PT. PROTELINDO, TBK",JL. JAMIKA NO. 118 RT. 05 RW. 06 KODE POS 40221,107.5855,-6.92375,3 KAKI,23,-,METER,2018
733,32,JAWA BARAT,3273,KOTA BANDUNG,3273030,BOJONGLOA KALER,32.73.04,BOJONGLOA KALER,"PT. PROTELINDO, TBK",JL. BABAKAN CIPARAY  NO. 195 RT. 07 RW. 07 KODE POS 40233,107.58497,-6.93266,3 KAKI,35,-,METER,2018
734,32,JAWA BARAT,3273,KOTA BANDUNG,3273040,BOJONGLOA KIDUL,32.73.17,BOJONGLOA KIDUL,"PT. PROTELINDO, TBK",JL. K.H WAHID HASIM NO. 235 RT. 02 RW. 06 KODE POS 40234,107.59364,-6.93964,3 KAKI,20,-,METER,2018
735,32,JAWA BARAT,3273,KOTA BANDUNG,3273030,BOJONGLOA KALER,32.73.04,BOJONGLOA KALER,"PT. PROTELINDO, TBK",JL. PUSRI RT. 04 RW. 11 NO. KODE POS 40233,107.58635,-6.94245,3 KAKI,35,-,METER,2018
736,32,JAWA BARAT,3273,KOTA BANDUNG,3273050,ASTANAANYAR,32.73.10,ASTANA ANYAR,"PT. PROTELINDO, TBK",KOMPLEK KURDI REGENCY NO. 40 B RT. 02 RW. 06 BANDUNG KODE POS 40243,107.60352,-6.94173,3 KAKI,20,-,METER,2018
737,32,JAWA BARAT,3273,KOTA BANDUNG,3273070,LENGKONG,32.73.13,LENGKONG,"PT. PROTELINDO, TBK",JL. BUAH BATU NO. 47A RT. 04 RW. 11 KODE POS 40262,107.61891,-6.93257,3 KAKI,23,-,METER,2018
738,32,JAWA BARAT,3273,KOTA BANDUNG,3273050,ASTANAANYAR,32.73.10,ASTANA ANYAR,"PT. PROTELINDO, TBK",JL. OTO ISKANDARDINATA,107.60378,-6.92269,3 KAKI,25,-,METER,2018
739,32,JAWA BARAT,3273,KOTA BANDUNG,3273100,RANCASARI,32.73.23,RANCASARI,"PT. PROTELINDO, TBK",JL. CIPAMOKOLAN NO. 38 RT. 04 RW. 08 KODE POS 40292,107.67685,-6.94867,3 KAKI,35,-,METER,2018
740,32,JAWA BARAT,3273,KOTA BANDUNG,3273090,BUAHBATU,32.73.22,BUAHBATU,"PT. PROTELINDO, TBK",KP. MARGALUYU,107.6511,-6.95275,3 KAKI,45,-,METER,2018
741,32,JAWA BARAT,3273,KOTA BANDUNG,3273070,LENGKONG,32.73.13,LENGKONG,"PT. PROTELINDO, TBK",JL. JEND. AHMAD YANI,107.62222,-6.92009,4 KAKI,25,-,METER,2018
742,32,JAWA BARAT,3273,KOTA BANDUNG,3273010,BANDUNG KULON,32.73.15,BANDUNG KULON,"PT. PROTELINDO, TBK",JL. HOLIS NO. 4 RT. 04 RW. 03,107.57602,-6.91787,3 KAKI,20,-,METER,2018
743,32,JAWA BARAT,3273,KOTA BANDUNG,3273080,BANDUNG KIDUL,32.73.21,BANDUNG KIDUL,"PT. PROTELINDO, TBK",JL. CIPARAY,107.64347,-6.95979,3 KAKI,36,-,METER,2018
744,32,JAWA BARAT,3273,KOTA BANDUNG,3273210,CIBEUNYING KIDUL,32.73.14,CIBEUNYING KIDUL,"PT. PROTELINDO, TBK",JL. CITAMIANG  NO. 55 RT. 01 RW. 07,107.63478,-6.9078,4 KAKI,18,-,METER,2018
745,32,JAWA BARAT,3273,KOTA BANDUNG,3273240,SUKAJADI,32.73.07,SUKAJADI,"PT. PROTELINDO, TBK",JL. SEDERHANA 67,107.59908,-6.89214,POLE,12,-,METER,2018
746,32,JAWA BARAT,3273,KOTA BANDUNG,3273010,BANDUNG KULON,32.73.15,BANDUNG KULON,"PT. PROTELINDO, TBK",JL. KP. BLOK JAMBANGAN RT. 02 RW. 10,107.56168,-6.9373,3 KAKI,36,-,METER,2018
747,32,JAWA BARAT,3273,KOTA BANDUNG,3273150,KIARACONDONG,32.73.16,KIARACONDONG,"PT. PROTELINDO, TBK",JL. SETRAWANGI RAYA NO. 10 RT. 04 RW. 15,107.65269,-6.91863,4 KAKI,15,-,METER,2018
748,32,JAWA BARAT,3273,KOTA BANDUNG,3273250,SUKASARI,32.73.01,SUKASARI,"PT. PROTELINDO, TBK",JL. EGLA UTARA RT. 05 RW. 04,107.59413,-6.85457,4 KAKI,25,-,METER,2018
749,32,JAWA BARAT,3273,KOTA BANDUNG,3273090,BUAHBATU,32.73.22,BUAHBATU,"PT. PROTELINDO, TBK",JL. KAWALUYAAN RT. 006 RW. 006,107.66224,-6.93728,4 KAKI,25,-,METER,2018
750,32,JAWA BARAT,3273,KOTA BANDUNG,3273250,SUKASARI,32.73.01,SUKASARI,"PT. PROTELINDO, TBK",JL. CILANDAK RT. 04 RW. 05,107.58093,-6.8757,3 KAKI,22,-,METER,2018
751,32,JAWA BARAT,3273,KOTA BANDUNG,3273240,SUKAJADI,32.73.07,SUKAJADI,"PT. PROTELINDO, TBK",JL. SUKAJADI NO. 140 RT. 01 RW. 06,107.59732,-6.88949,4 KAKI,15,-,METER,2018
752,32,JAWA BARAT,3273,KOTA BANDUNG,3273110,CIBIRU,32.73.25,CIBIRU,"PT. PROTELINDO, TBK",JL. CILENGKRANG RT. 04 RW. 05,107.71944,-6.91299,3 KAKI,53,-,METER,2018
753,32,JAWA BARAT,3273,KOTA BANDUNG,3273220,CIBEUNYING KALER,32.73.18,CIBEUNYING KALER,"PT. PROTELINDO, TBK",JL. GAGAK NO. 126 RT. 001 RW. 004,107.62787,-6.89575,4 KAKI,25,-,METER,2018
754,32,JAWA BARAT,3273,KOTA BANDUNG,3273142,MANDALAJATI,32.73.30,MANDALAJATI,"PT. PROTELINDO, TBK",JL. SIRNAGALIH B-15 RT. 01 RW. 08,107.65751,-6.8968,POLE,15,-,METER,2018
755,32,JAWA BARAT,3273,KOTA BANDUNG,3273040,BOJONGLOA KIDUL,32.73.17,BOJONGLOA KIDUL,"PT. PROTELINDO, TBK",JL. CIBADUYUT RAYA NO. 142 RT. 001 RW. 005,107.59255,-6.95623,3 KAKI,30,-,METER,2018
756,32,JAWA BARAT,3273,KOTA BANDUNG,3273101,GEDEBAGE,32.73.27,GEDEBAGE,"PT. PROTELINDO, TBK",JL. RANCANUMPANG RT. 03 RW. 02,107.70626,-6.95754,3 KAKI,40,-,METER,2018
757,32,JAWA BARAT,3273,KOTA BANDUNG,3273260,CIDADAP,32.73.08,CIDADAP,"PT. PROTELINDO, TBK",JL. KP. CIKADU RT. 01 RW. 11,107.60169,-6.85761,3 KAKI,30,-,METER,2018
758,32,JAWA BARAT,3273,KOTA BANDUNG,3273200,BANDUNG WETAN,32.73.09,BANDUNG WETAN,"PT. PROTELINDO, TBK",JL. R.E MARTADINATA NO. 28 RT. 02 RW. 01,107.61574,-6.90665,POLE,12,-,METER,2018
759,32,JAWA BARAT,3273,KOTA BANDUNG,3273220,CIBEUNYING KALER,32.73.18,CIBEUNYING KALER,"PT. PROTELINDO, TBK",JL. CIBEUNYING PERMAI RAYA NO. 38 RT. 004/RW. 011 MASJID AL-MUSLIM,107.62822,-6.88768,POLE,6,-,METER,2018
760,32,JAWA BARAT,3273,KOTA BANDUNG,3273111,PANYILEUKAN,32.73.28,PANYILEUKAN,"PT. PROTELINDO, TBK",JL. ANYELIR I NO. 22 RT. 04 RW. 12,107.70866,-6.94345,3 KAKI,35,-,METER,2018
761,32,JAWA BARAT,3273,KOTA BANDUNG,3273040,BOJONGLOA KIDUL,32.73.17,BOJONGLOA KIDUL,"PT. PROTELINDO, TBK",GG. GAGAK HANDOKO NO. 66/198 B RT. 04 RW. 01,107.5976,-6.93353,4 KAKI,25,-,METER,2018
762,32,JAWA BARAT,3273,KOTA BANDUNG,3273020,BABAKAN CIPARAY,32.73.03,BABAKAN CIPARAY,"PT. PROTELINDO, TBK",JL. CIBOLERANG KAWASAN 45 RT. 04 RW. 07,107.57399,-6.95266,3 KAKI,30,-,METER,2018
763,32,JAWA BARAT,3273,KOTA BANDUNG,3273121,CINAMBO,32.73.29,CINAMBO,"PT. PROTELINDO, TBK",JL. CISARANTEN WETAN RT. 01 RW. 04,107.68661,-6.93136,3 KAKI,30,-,METER,2018
764,32,JAWA BARAT,3273,KOTA BANDUNG,3273150,KIARACONDONG,32.73.16,KIARACONDONG,"PT. PROTELINDO, TBK",JL. KIARACONDONG 176 RT. 07 RW. 04,107.64432,-6.92684,3 KAKI,25,-,METER,2018
765,32,JAWA BARAT,3273,KOTA BANDUNG,3273060,REGOL,32.73.11,REGOL,"PT. PROTELINDO, TBK",JL. MOCHAMAD TOHA - ITC KEBON KELAPA,107.60635,-6.92887,POLE,9,-,METER,2018
766,32,JAWA BARAT,3273,KOTA BANDUNG,3273121,CINAMBO,32.73.29,CINAMBO,"PT. PROTELINDO, TBK",JL. KOMP. CINAMBO INDAH RT. 05 RW. 05,107.6902,-6.92817,3 KAKI,30,-,METER,2018
767,32,JAWA BARAT,3273,KOTA BANDUNG,3273070,LENGKONG,32.73.13,LENGKONG,"PT. PROTELINDO, TBK",JL. SITUSARI II NO. 15A RT. 04 RW. 07,107.62974,-6.94656,POLE,12,-,METER,2018
768,32,JAWA BARAT,3273,KOTA BANDUNG,3273230,COBLONG,32.73.02,COBLONG,"PT. PROTELINDO, TBK",JL. KOMP. BANGBAYANG KAV. B NO. 1 RT. 01 RW. 07,107.61748,-6.88033,POLE,12,-,METER,2018
769,32,JAWA BARAT,3273,KOTA BANDUNG,3273090,BUAHBATU,32.73.22,BUAHBATU,"PT. PROTELINDO, TBK",JL. CIJAWURA GIRANG II/3 RT. 02 RW. 14,107.64632,-6.94745,POLE,12,-,METER,2018
770,32,JAWA BARAT,3273,KOTA BANDUNG,3273210,CIBEUNYING KIDUL,32.73.14,CIBEUNYING KIDUL,"PT. PROTELINDO, TBK",JL. PROF. DRG. SURYA SUMANTRI NO. 60 B RT. 01 RW. 01,107.58173,-6.88732,4 KAKI,20,-,METER,2018
771,32,JAWA BARAT,3273,KOTA BANDUNG,3273210,CIBEUNYING KIDUL,32.73.14,CIBEUNYING KIDUL,"PT. PROTELINDO, TBK",JL. P.H.H MUSTOPA NO. 85 RT. 07 RW. 02,107.6452,-6.90016,POLE,20,-,METER,2018
772,32,JAWA BARAT,3273,KOTA BANDUNG,3273230,COBLONG,32.73.02,COBLONG,"PT. PROTELINDO, TBK",JL. ISTANA DAGO ASRI RUKO NO. 2A RT. 06 RW. 09,107.61562,-6.87839,POLE,12,-,METER,2018
773,32,JAWA BARAT,3273,KOTA BANDUNG,3273170,SUMUR BANDUNG,32.73.19,SUMUR BANDUNG,"PT. PROTELINDO, TBK",JL. BANCEUY GG. SUNIARAJA NO. 21 RT. 02 RW. 02,107.60561,-6.91774,POLE,12,-,METER,2018
774,32,JAWA BARAT,3273,KOTA BANDUNG,3273111,PANYILEUKAN,32.73.28,PANYILEUKAN,"PT. PROTELINDO, TBK",JL. SUKAMAJU RT. 03 RW. 05,107.7058,-6.92349,4 KAKI,25,-,METER,2018
775,32,JAWA BARAT,3273,KOTA BANDUNG,3273180,ANDIR,32.73.05,ANDIR,"PT. PROTELINDO, TBK",JL. CIROYOM RT. 01 RW. 02,107.57959,-6.90861,POLE,12,-,METER,2018
776,32,JAWA BARAT,3273,KOTA BANDUNG,3273060,REGOL,32.73.11,REGOL,"PT. PROTELINDO, TBK",JL. PUNGKUR NO. 94 RT. 05 RW. 03,107.60925,-6.92864,POLE,12,-,METER,2018
777,32,JAWA BARAT,3273,KOTA BANDUNG,3273010,BANDUNG KULON,32.73.15,BANDUNG KULON,"PT. PROTELINDO, TBK",JL. CICUKANG NO. 26 RT. 01 RW. 08,107.56768,-6.93655,3 KAKI,30,-,METER,2018
778,32,JAWA BARAT,3273,KOTA BANDUNG,3273180,ANDIR,32.73.05,ANDIR,"PT. PROTELINDO, TBK",JL. KEBONJATI NO. 254 RT. 01 RW. 03,107.59197,-6.91633,POLE,12,-,METER,2018
779,32,JAWA BARAT,3273,KOTA BANDUNG,3273160,BATUNUNGGAL,32.73.12,BATUNUNGGAL,"PT. PROTELINDO, TBK",JL. SUKABUMI DALAM NO. 14B/123 RT. 008/006,107.63674,-6.91762,POLE,15,-,METER,2018
780,32,JAWA BARAT,3273,KOTA BANDUNG,3273090,BUAHBATU,32.73.22,BUAHBATU,"PT. PROTELINDO, TBK",JL. PERMATA KAWALUYAAN D-6 RT. 003 RW. 004,107.66301,-6.9313,POLE,21,-,METER,2018
781,32,JAWA BARAT,3273,KOTA BANDUNG,3273230,COBLONG,32.73.02,COBLONG,"PT. PROTELINDO, TBK",JL. DIPATIUKUR NO. 26 E RT. 04 RW. 08,107.61574,-6.89705,POLE,15,-,METER,2018
782,32,JAWA BARAT,3273,KOTA BANDUNG,3273240,SUKAJADI,32.73.07,SUKAJADI,"PT. PROTELINDO, TBK",HOTEL NAVAL JL.  SUKAJADI NO. 180 RT. 08 RW. 02,107.59686,-6.88489,POLE,6,-,METER,2018
783,32,JAWA BARAT,3273,KOTA BANDUNG,3273060,REGOL,32.73.11,REGOL,"PT. PROTELINDO, TBK",JL. MOCH. RAMDHAN NO. 5 RT. 01 / 03,107.61491,-6.93301,POLE,12,-,METER,2018
784,32,JAWA BARAT,3273,KOTA BANDUNG,3273090,BUAHBATU,32.73.22,BUAHBATU,"PT. PROTELINDO, TBK",JL. MARGASARI NO. 221A RT. 04 RW. 10,107.65995,-6.95783,3 KAKI,43,-,METER,2018
785,32,JAWA BARAT,3273,KOTA BANDUNG,3273190,CICENDO,32.73.06,CICENDO,"PT. PROTELINDO, TBK",JL. CICENDO NO. 19 A RT. 04 RW. 05,107.60359,-6.91075,4 KAKI,28,-,METER,2018
786,32,JAWA BARAT,3273,KOTA BANDUNG,3273040,BOJONGLOA KIDUL,32.73.17,BOJONGLOA KIDUL,"PT. PROTELINDO, TBK",JL. LEUWISARI X NO. 28 RT. 01 RW. 08,107.59833,-6.94594,POLE,12,-,METER,2018
787,32,JAWA BARAT,3273,KOTA BANDUNG,3273020,BABAKAN CIPARAY,32.73.03,BABAKAN CIPARAY,"PT. PROTELINDO, TBK",JL. TERUSAN PASIRKOJA RT. 01 RW. 07,107.57702,-6.93034,POLE,12,-,METER,2018
788,32,JAWA BARAT,3273,KOTA BANDUNG,3273010,BANDUNG KULON,32.73.15,BANDUNG KULON,"PT. PROTELINDO, TBK",JL. TERUSAN SURYANI NO. 30 RT. 001 RW. 003,107.57973,-6.92372,POLE,12,-,METER,2018
789,32,JAWA BARAT,3273,KOTA BANDUNG,3273190,CICENDO,32.73.06,CICENDO,"PT. PROTELINDO, TBK",JL. ARJUNA NO. 15 RT. 002 RW. 008,107.59084,-6.91009,POLE,15,-,METER,2018
790,32,JAWA BARAT,3273,KOTA BANDUNG,3273230,COBLONG,32.73.02,COBLONG,"PT. PROTELINDO, TBK",GG. GAGAK DALAM / KP. KARANG ASIH RT. 02 RW. 13,107.62276,-6.8947,POLE,12,-,METER,2018
791,32,JAWA BARAT,3273,KOTA BANDUNG,3273030,BOJONGLOA KALER,32.73.04,BOJONGLOA KALER,"PT. PROTELINDO, TBK",JL. K. H. WAHID HASYIM / KOPO NO. 218 RT. 01 RW. 04,107.59516,-6.93653,4 KAKI,25,-,METER,2018
792,32,JAWA BARAT,3273,KOTA BANDUNG,3273060,REGOL,32.73.11,REGOL,"PT. PROTELINDO, TBK",JL. BBK. CISEUREUH TIMUR (CIBURUY) RT. 003 RW. 007,107.61343,-6.9565,POLE,12,-,METER,2018
793,32,JAWA BARAT,3273,KOTA BANDUNG,3273230,COBLONG,32.73.02,COBLONG,"PT. PROTELINDO, TBK",JL. CISITU LAMA I NO. 4 RT. 06 RW. 11,107.61214,-6.88232,POLE,15,-,METER,2018
794,32,JAWA BARAT,3273,KOTA BANDUNG,3273080,BANDUNG KIDUL,32.73.21,BANDUNG KIDUL,"PT. PROTELINDO, TBK",JL. TERS BUAHBATU NO. 275 RT. 007 RW. 006,107.63864,-6.96293,4 KAKI,25,-,METER,2018
795,32,JAWA BARAT,3273,KOTA BANDUNG,3273010,BANDUNG KULON,32.73.15,BANDUNG KULON,"PT. PROTELINDO, TBK",JL. KOMP. TAMAN HOLIS INDAH (BLOK KASUR) RT. 03 RW. 05,107.56031,-6.94297,POLE,28,-,METER,2018
796,32,JAWA BARAT,3273,KOTA BANDUNG,3273130,ARCAMANIK,32.73.24,ARCAMANIK,"PT. PROTELINDO, TBK",JL. PASAR SINDANGLAYA II RT. 01 RW. 01,107.68029,-6.90543,POLE,30,-,METER,2018
797,32,JAWA BARAT,3273,KOTA BANDUNG,3273060,REGOL,32.73.11,REGOL,"PT. PROTELINDO, TBK",JL. MOCH. TOHA NO. 38,107.60644,-6.93146,POLE,12,-,METER,2018
798,32,JAWA BARAT,3273,KOTA BANDUNG,3273050,ASTANAANYAR,32.73.10,ASTANA ANYAR,"PT. PROTELINDO, TBK",JL. MOH. TOHA NO. 96A RT. 06 RW. 09,107.60632,-6.93975,POLE,12,-,METER,2018
799,32,JAWA BARAT,3273,KOTA BANDUNG,3273110,CIBIRU,32.73.25,CIBIRU,"PT. PROTELINDO, TBK",JL. CIGAGAK RT. 006 RW. 014,107.71799,-6.9208,4 KAKI,25,-,METER,2018
800,32,JAWA BARAT,3273,KOTA BANDUNG,3273090,BUAHBATU,32.73.22,BUAHBATU,"PT. PROTELINDO, TBK",JL. CIJAWURA HILIR (GG. 3) RT. 006 RW. 012,107.65709,-6.96332,4 KAKI,20,-,METER,2018
801,32,JAWA BARAT,3273,KOTA BANDUNG,3273010,BANDUNG KULON,32.73.15,BANDUNG KULON,"PT. PROTELINDO, TBK",JL. CIGONDEWAH (GEMPOL) RT. 002 RW. 001,107.5574,-6.9404,3 KAKI,30,-,METER,2018
802,32,JAWA BARAT,3273,KOTA BANDUNG,3273040,BOJONGLOA KIDUL,32.73.17,BOJONGLOA KIDUL,"PT. PROTELINDO, TBK",JL. KOPO NO. 367 RT. 001 RW. 007,107.58945,-6.9466,POLE,12,-,METER,2018
803,32,JAWA BARAT,3273,KOTA BANDUNG,3273190,CICENDO,32.73.06,CICENDO,"PT. PROTELINDO, TBK",JL. H. MESRI NO. 36A/68 RT. 004 RW. 06,107.60066,-6.90915,POLE,12,-,METER,2018
804,32,JAWA BARAT,3273,KOTA BANDUNG,3273230,COBLONG,32.73.02,COBLONG,"PT. PROTELINDO, TBK",GG. SEKELOA TIMUR NO. 66/52B RT. 003 RW. 003,107.6215,-6.8909,POLE,12,-,METER,2018
805,32,JAWA BARAT,3273,KOTA BANDUNG,3273110,CIBIRU,32.73.25,CIBIRU,"PT. PROTELINDO, TBK",JL. DESA CIPADUNG NO. 166,107.71609,-6.92779,4 KAKI,26,-,METER,2018
806,32,JAWA BARAT,3273,KOTA BANDUNG,3273142,MANDALAJATI,32.73.30,MANDALAJATI,"PT. PROTELINDO, TBK",JL. CIKADUT NO. 8,107.66976,-6.89692,3 KAKI,40,-,METER,2018
807,32,JAWA BARAT,3273,KOTA BANDUNG,3273080,BANDUNG KIDUL,32.73.21,BANDUNG KIDUL,"PT. PROTELINDO, TBK",JL. BATUNUNGGAL PERMAI I NO. 87 RT. 008 RW. 001,107.6305,-6.957,POLE,12,-,METER,2018
808,32,JAWA BARAT,3273,KOTA BANDUNG,3273040,BOJONGLOA KIDUL,32.73.17,BOJONGLOA KIDUL,"PT. PROTELINDO, TBK",JL. SAUYUNAN MAS V NO. 1,107.58988,-6.95126,POLE,12,-,METER,2018
809,32,JAWA BARAT,3273,KOTA BANDUNG,3273090,BUAHBATU,32.73.22,BUAHBATU,"PT. PROTELINDO, TBK",JL. SANGGAR KENCANA UTAMA,107.66679,-6.93847,POLE,12,-,METER,2018
810,32,JAWA BARAT,3273,KOTA BANDUNG,3273050,ASTANAANYAR,32.73.10,ASTANA ANYAR,"PT. PROTELINDO, TBK",JL. PETA NO. 52 RT. 006 RW. 001,107.60011,-6.93705,4 KAKI,25,-,METER,2018
811,32,JAWA BARAT,3273,KOTA BANDUNG,3273142,MANDALAJATI,32.73.30,MANDALAJATI,"PT. PROTELINDO, TBK",JL. MANDALA VIII NO. 153,107.66612,-6.8915,3 KAKI,40,-,METER,2018
812,32,JAWA BARAT,3273,KOTA BANDUNG,3273240,SUKAJADI,32.73.07,SUKAJADI,"PT. PROTELINDO, TBK",JL. GANG SUKABAKTI,107.59482,-6.89353,POLE,12,-,METER,2018
813,32,JAWA BARAT,3273,KOTA BANDUNG,3273210,CIBEUNYING KIDUL,32.73.14,CIBEUNYING KIDUL,"PT. PROTELINDO, TBK",JL. SUKASENANG NO. 3 RT. 6 RW. 15,107.63746,-6.89885,POLE,12,-,METER,2018
814,32,JAWA BARAT,3273,KOTA BANDUNG,3273160,BATUNUNGGAL,32.73.12,BATUNUNGGAL,"PT. PROTELINDO, TBK",JL. BABAKAN JATI II RT. 004 RW. 008,107.64069,-6.94193,POLE,12,-,METER,2018
815,32,JAWA BARAT,3273,KOTA BANDUNG,3273060,REGOL,32.73.11,REGOL,"PT. PROTELINDO, TBK",JL. SUKAATI PERMAI I NO. 7,107.62018,-6.9532,POLE,12,-,METER,2018
816,32,JAWA BARAT,3273,KOTA BANDUNG,3273121,CINAMBO,32.73.29,CINAMBO,"PT. PROTELINDO, TBK",JL. RUMAH SAKIT NO. 118 RT. 02 RW. 07,107.69214,-6.93183,3 KAKI,30,-,METER,2018
817,32,JAWA BARAT,3273,KOTA BANDUNG,3273260,CIDADAP,32.73.08,CIDADAP,"PT. PROTELINDO, TBK",JL. BUKIT JARIAN DALAM IV RT. 05 RW. 11,107.60674,-6.87814,POLE,12,-,METER,2018
818,32,JAWA BARAT,3273,KOTA BANDUNG,3273060,REGOL,32.73.11,REGOL,"PT. PROTELINDO, TBK",JL. SRIMAHI III NO. 1 RT. 06 RW. 01,107.61436,-6.93717,POLE,12,-,METER,2018
819,32,JAWA BARAT,3273,KOTA BANDUNG,3273010,BANDUNG KULON,32.73.15,BANDUNG KULON,"PT. PROTELINDO, TBK",JL. GG. AMBIA,107.56764,-6.92168,3 KAKI,31,-,METER,2018
820,32,JAWA BARAT,3273,KOTA BANDUNG,3273240,SUKAJADI,32.73.07,SUKAJADI,"PT. PROTELINDO, TBK",BABAKAN CARINGIN RT. 004 / RW. 004,107.58604,-6.88906,POLE,12,-,METER,2018
821,32,JAWA BARAT,3273,KOTA BANDUNG,3273230,COBLONG,32.73.02,COBLONG,"PT. PROTELINDO, TBK",JL. CISITU INDAH VL NO. 181 RT. 001/004,107.61395,-6.8729,POLE,12,-,METER,2018
822,32,JAWA BARAT,3273,KOTA BANDUNG,3273260,CIDADAP,32.73.08,CIDADAP,"PT. PROTELINDO, TBK",JL. SERSAN SURIP NO. 38/169A,107.59555,-6.85872,POLE,12,-,METER,2018
823,32,JAWA BARAT,3273,KOTA BANDUNG,3273230,COBLONG,32.73.02,COBLONG,"PT. PROTELINDO, TBK",JL. CISITU INDAH IV RT. 004 RW. 004,107.61417,-6.87676,POLE,31,-,METER,2018
824,32,JAWA BARAT,3273,KOTA BANDUNG,3273230,COBLONG,32.73.02,COBLONG,"PT. PROTELINDO, TBK",JL. SILIWANGI NO. 37,107.60661,-6.88497,4 KAKI,25,-,METER,2018
825,32,JAWA BARAT,3273,KOTA BANDUNG,3273110,CIBIRU,32.73.25,CIBIRU,"PT. PROTELINDO, TBK",JL. MEKARJATI RT. 03 RW. 005,107.72392,-6.92932,3 KAKI,31,-,METER,2018
826,32,JAWA BARAT,3273,KOTA BANDUNG,3273220,CIBEUNYING KALER,32.73.18,CIBEUNYING KALER,"PT. PROTELINDO, TBK",JL. CUKANG KAWUNG NO. 70 RT. 01 RW. 14,107.63407,-6.88846,POLE,12,-,METER,2018
827,32,JAWA BARAT,3273,KOTA BANDUNG,3273080,BANDUNG KIDUL,32.73.21,BANDUNG KIDUL,"PT. PROTELINDO, TBK",JL. BUANASARI IV RT. 08 RW. 04,107.64287,-6.96509,3 KAKI,41,-,METER,2018
828,32,JAWA BARAT,3273,KOTA BANDUNG,3273142,MANDALAJATI,32.73.30,MANDALAJATI,"PT. PROTELINDO, TBK",JL. A. H. NASUTION NO. 87 RT. 004 RW. 006,107.67254,-6.90456,POLE,12,-,METER,2018
829,32,JAWA BARAT,3273,KOTA BANDUNG,3273220,CIBEUNYING KALER,32.73.18,CIBEUNYING KALER,"PT. PROTELINDO, TBK",JL. CIGADUNG RAYA TENGAH NO. 66 RT. 002 RW. 006,107.62769,-6.88212,POLE,12,-,METER,2018
830,32,JAWA BARAT,3273,KOTA BANDUNG,3273160,BATUNUNGGAL,32.73.12,BATUNUNGGAL,"PT. PROTELINDO, TBK",JL. KAREES NO. 36/118 D RT. 001 RW. 004,107.62814,-6.92327,POLE,12,-,METER,2018
831,32,JAWA BARAT,3273,KOTA BANDUNG,3273120,UJUNG BERUNG,32.73.26,UJUNGBERUNG,"PT. PROTELINDO, TBK",JL. EGLASARI NO. 2 RT. 002 RW. 003,107.70612,-6.91699,POLE,12,-,METER,2018
832,32,JAWA BARAT,3273,KOTA BANDUNG,3273230,COBLONG,32.73.02,COBLONG,"PT. PROTELINDO, TBK",JL. TITIRAN NO. 19,107.61954,-6.89603,4 KAKI,25,-,METER,2018
833,32,JAWA BARAT,3273,KOTA BANDUNG,3273040,BOJONGLOA KIDUL,32.73.17,BOJONGLOA KIDUL,"PT. PROTELINDO, TBK",JL. LEUWI ANYAR I NO. 33,107.59479,-6.94386,POLE,12,-,METER,2018
834,32,JAWA BARAT,3273,KOTA BANDUNG,3273200,BANDUNG WETAN,32.73.09,BANDUNG WETAN,"PT. PROTELINDO, TBK",JL. WIRA ANGUN ANGUN NO. 15 RT. 02 RW. 02,107.61452,-6.90447,POLE,12,-,METER,2018
835,32,JAWA BARAT,3273,KOTA BANDUNG,3273070,LENGKONG,32.73.13,LENGKONG,"PT. PROTELINDO, TBK",JL. K. H. ACHMAD DAHLAN NO. 56 RT. 02 RW. 010,107.62127,-6.9326,POLE,12,-,METER,2018
836,32,JAWA BARAT,3273,KOTA BANDUNG,3273200,BANDUNG WETAN,32.73.09,BANDUNG WETAN,"PT. PROTELINDO, TBK",JL. PURNAWARMAN NO. 59,107.60905,-6.90329,POLE,15,-,METER,2018
837,32,JAWA BARAT,3273,KOTA BANDUNG,3273090,BUAHBATU,32.73.22,BUAHBATU,"PT. PROTELINDO, TBK",JL. MARGAHAYU RAYA BLOK L2 NO. 125A,107.65762,-6.95005,4 KAKI,27,-,METER,2018
838,32,JAWA BARAT,3273,KOTA BANDUNG,3273220,CIBEUNYING KALER,32.73.18,CIBEUNYING KALER,"PT. PROTELINDO, TBK",JL. RANCAKENDAL 1B RT. 005 RW. 001,107.62807,-6.87586,3 KAKI,40,-,METER,2018
839,32,JAWA BARAT,3273,KOTA BANDUNG,3273180,ANDIR,32.73.05,ANDIR,"PT. PROTELINDO, TBK",JL. GG. H. SAID NO. 29,107.56268,-6.89798,POLE,12,-,METER,2018
840,32,JAWA BARAT,3273,KOTA BANDUNG,3273070,LENGKONG,32.73.13,LENGKONG,"PT. PROTELINDO, TBK",JL. CIJAGRA NO. 19 RT. 004 RW. 003,107.62715,-6.94445,POLE,12,-,METER,2018
841,32,JAWA BARAT,3273,KOTA BANDUNG,3273120,UJUNG BERUNG,32.73.26,UJUNGBERUNG,"PT. PROTELINDO, TBK",JL. KP. BUKA TANAH RT. 001 RT. 007,107.7056,-6.89927,4 KAKI,25,-,METER,2018
842,32,JAWA BARAT,3273,KOTA BANDUNG,3273240,SUKAJADI,32.73.07,SUKAJADI,"PT. PROTELINDO, TBK",JL. CIBOGO ATAS NO. 136 RT. 003 RW. 003,107.57743,-6.88381,POLE,12,-,METER,2018
843,32,JAWA BARAT,3273,KOTA BANDUNG,3273260,CIDADAP,32.73.08,CIDADAP,"PT. PROTELINDO, TBK",JL. CIUMBULEUIT NO. 133B,107.60358,-6.87825,POLE,12,-,METER,2018
844,32,JAWA BARAT,3273,KOTA BANDUNG,3273040,BOJONGLOA KIDUL,32.73.17,BOJONGLOA KIDUL,"PT. PROTELINDO, TBK",JL. MEKAR AGUNG NO. 1-3 RT. 02 RW. 04,107.60651,-6.95562,POLE,12,-,METER,2018
845,32,JAWA BARAT,3273,KOTA BANDUNG,3273220,CIBEUNYING KALER,32.73.18,CIBEUNYING KALER,"PT. PROTELINDO, TBK",JL. SIDOMUKTI NO. 58 RT. 02 RW. 07,107.63112,-6.89357,POLE,12,-,METER,2018
846,32,JAWA BARAT,3273,KOTA BANDUNG,3273120,UJUNG BERUNG,32.73.26,UJUNGBERUNG,"PT. PROTELINDO, TBK",KP. SUKAGALIH RT. 001 RW. 006,107.70621,-6.91394,POLE,12,-,METER,2018
847,32,JAWA BARAT,3273,KOTA BANDUNG,3273230,COBLONG,32.73.02,COBLONG,"PT. PROTELINDO, TBK",JL. PASTEUR BANDUNG,107.60316,-6.96213,POLE,27,-,METER,2018
848,32,JAWA BARAT,3273,KOTA BANDUNG,3273030,BOJONGLOA KALER,32.73.04,BOJONGLOA KALER,"PT. PROTELINDO, TBK",JL. LUNA IV NO. 8 RT. 015 RW. 004,107.59215,-6.92061,POLE,12,-,METER,2018
849,32,JAWA BARAT,3273,KOTA BANDUNG,3273190,CICENDO,32.73.06,CICENDO,"PT. PROTELINDO, TBK",JL. GUNUNG BATU NO. 135,107.5648,-6.88866,4 KAKI,23,-,METER,2018
850,32,JAWA BARAT,3273,KOTA BANDUNG,3273141,ANTAPANI,32.73.20,ANTAPANI,"PT. PROTELINDO, TBK",JL. SINDANG SARI III NO. 5A,107.66393,-6.91036,4 KAKI,18,-,METER,2018
851,32,JAWA BARAT,3273,KOTA BANDUNG,3273220,CIBEUNYING KALER,32.73.18,CIBEUNYING KALER,"PT. PROTELINDO, TBK",JL. MANTERON NO. 1B RT. 06 RW. 11,107.63069,-6.89638,POLE,9,-,METER,2018
852,32,JAWA BARAT,3273,KOTA BANDUNG,3273060,REGOL,32.73.11,REGOL,"PT. PROTELINDO, TBK",JL. OTTO ISKANDARDINATA NO. 419,107.60369,-6.92836,4 KAKI,15,-,METER,2018
853,32,JAWA BARAT,3273,KOTA BANDUNG,3273180,ANDIR,32.73.05,ANDIR,"PT. PROTELINDO, TBK",JL. GARDU JATI NO. 81-83 RT. 02/07 - KING GARDEN HOTEL,107.59788,-6.9174,POLE,6,-,METER,2018
854,32,JAWA BARAT,3273,KOTA BANDUNG,3273080,BANDUNG KIDUL,32.73.21,BANDUNG KIDUL,"PT. PROTELINDO, TBK",JL. BATU NUNGGAL,107.63765,-6.95675,4 KAKI,30,-,METER,2018
855,32,JAWA BARAT,3273,KOTA BANDUNG,3273050,ASTANAANYAR,32.73.10,ASTANA ANYAR,"PT. PROTELINDO, TBK",JL. BAPA SUHAYA RT. 04 RW. 06,107.60035,-6.93451,3 KAKI,31,-,METER,2018
856,32,JAWA BARAT,3273,KOTA BANDUNG,3273240,SUKAJADI,32.73.07,SUKAJADI,"PT. PROTELINDO, TBK",GG. CAMPAKA JL. CIPEDES TENGAH RT. 03 RW. 01,107.59067,-6.88201,POLE,6,-,METER,2018
857,32,JAWA BARAT,3273,KOTA BANDUNG,3273141,ANTAPANI,32.73.20,ANTAPANI,"PT. PROTELINDO, TBK",JL. CIBODAS NO. 7 RT. 06 RW. 08,107.66277,-6.91985,POLE,18,-,METER,2018
858,32,JAWA BARAT,3273,KOTA BANDUNG,3273220,CIBEUNYING KALER,32.73.18,CIBEUNYING KALER,"PT. PROTELINDO, TBK",GG. MASJID AL-IKHLAS RT. 02 RW. 08,107.62675,-6.88318,POLE,6,-,METER,2018
859,32,JAWA BARAT,3273,KOTA BANDUNG,3273070,LENGKONG,32.73.13,LENGKONG,"PT. PROTELINDO, TBK",JL. BUAH BATU NO. 148 RT. 01/01,107.62482,-6.93938,POLE,6,-,METER,2018
860,32,JAWA BARAT,3273,KOTA BANDUNG,3273141,ANTAPANI,32.73.20,ANTAPANI,"PT. PROTELINDO, TBK",JL. TERUSAN JAKARTA NO. 184 RT. 01/14,107.66167,-6.91433,POLE,6,-,METER,2018
861,32,JAWA BARAT,3273,KOTA BANDUNG,3273111,PANYILEUKAN,32.73.28,PANYILEUKAN,"PT. PROTELINDO, TBK",JL. KOMP. BUMI PANYILEUKAN BLOK AB6 NO. 9 RT. 03 RW. 13,107.7138,-6.94027,POLE,18,-,METER,2018
862,32,JAWA BARAT,3273,KOTA BANDUNG,3273120,UJUNG BERUNG,32.73.26,UJUNGBERUNG,"PT. PROTELINDO, TBK",JL. SOEKARNO HATTA NO. 752 RT. 07 RW. 01,107.70992,-6.93647,POLE,6,-,METER,2018
863,32,JAWA BARAT,3273,KOTA BANDUNG,3273120,UJUNG BERUNG,32.73.26,UJUNGBERUNG,"PT. PROTELINDO, TBK",JL. TERITORIAL RT. 04 RW. 09,107.70288,-6.90854,POLE,18,-,METER,2018
864,32,JAWA BARAT,3273,KOTA BANDUNG,3273120,UJUNG BERUNG,32.73.26,UJUNGBERUNG,"PT. PROTELINDO, TBK",JL. UJUNG BERUNG INDAH,107.69743,-6.90855,POLE,18,-,METER,2018
865,32,JAWA BARAT,3273,KOTA BANDUNG,3273130,ARCAMANIK,32.73.24,ARCAMANIK,"PT. PROTELINDO, TBK",JL. PESANTREN RT. 001 RW. 011,107.6785,-6.90915,POLE,6,-,METER,2018
866,32,JAWA BARAT,3273,KOTA BANDUNG,3273150,KIARACONDONG,32.73.16,KIARACONDONG,"PT. PROTELINDO, TBK",JL. JEND. AHMAD YANI NO. 1033,107.65988,-6.9021,POLE,6,-,METER,2018
867,32,JAWA BARAT,3273,KOTA BANDUNG,3273080,BANDUNG KIDUL,32.73.21,BANDUNG KIDUL,"PT. PROTELINDO, TBK",KOMPLEK BUAH BATU REGENSI A1 KAV NO. 9 RT. 09 RW. 07,107.63999,-6.96126,POLE,6,-,METER,2018
868,32,JAWA BARAT,3273,KOTA BANDUNG,3273100,RANCASARI,32.73.23,RANCASARI,"PT. PROTELINDO, TBK",JL. MANJAH LEGA RT. 004 RW. 013,107.67012,-6.95224,3 KAKI,20,-,METER,2018
869,32,JAWA BARAT,3273,KOTA BANDUNG,3273060,REGOL,32.73.11,REGOL,"PT. PROTELINDO, TBK",JL. PASIR SALAM RAYA NO. 36 RT. 007 RW. 05,107.61931,-6.94551,POLE,15,-,METER,2018
870,32,JAWA BARAT,3273,KOTA BANDUNG,3273070,LENGKONG,32.73.13,LENGKONG,"PT. PROTELINDO, TBK",JL. SUKARNO â HATTA NO. 505,107.62836,-6.94801,POLE,18,-,METER,2018
871,32,JAWA BARAT,3273,KOTA BANDUNG,3273060,REGOL,32.73.11,REGOL,"PT. PROTELINDO, TBK",JL. MOH. TOHA NO. 119 A RT. 002 RW. 04,107.6072,-6.94102,POLE,9,-,METER,2018
872,32,JAWA BARAT,3273,KOTA BANDUNG,3273040,BOJONGLOA KIDUL,32.73.17,BOJONGLOA KIDUL,"PT. PROTELINDO, TBK",JL. KARASAK BARAT MEKAR MAS KAV. 5E - KOMPLEK PERTOKOAN ISTANA MERKARWANGI,107.60221,-6.94889,POLE,6,-,METER,2018
873,32,JAWA BARAT,3273,KOTA BANDUNG,3273060,REGOL,32.73.11,REGOL,"PT. PROTELINDO, TBK",JL. SRIMAHI DALAM I NO. 23 â 24 RT. 02 RW. 01,107.61572,-6.93586,POLE,9,-,METER,2018
874,32,JAWA BARAT,3273,KOTA BANDUNG,3273040,BOJONGLOA KIDUL,32.73.17,BOJONGLOA KIDUL,"PT. PROTELINDO, TBK",JL. MUARASARI I NO. 41 RT. 02 RW. 11,107.59996,-6.94457,POLE,6,-,METER,2018
875,32,JAWA BARAT,3273,KOTA BANDUNG,3273030,BOJONGLOA KALER,32.73.04,BOJONGLOA KALER,"PT. PROTELINDO, TBK",JL. KOPO NO. 178 RT. 04 RW. 03,107.59575,-6.9344,POLE,6,-,METER,2018
876,32,JAWA BARAT,3273,KOTA BANDUNG,3273080,BANDUNG KIDUL,32.73.21,BANDUNG KIDUL,"PT. PROTELINDO, TBK",JL. BUANA SARI IV RT. 08 RW. 04,107.6428,-6.965,POLE,18,-,METER,2018
877,32,JAWA BARAT,3273,KOTA BANDUNG,3273040,BOJONGLOA KIDUL,32.73.17,BOJONGLOA KIDUL,"PT. PROTELINDO, TBK",JL. LEUWI PANJANG GG. H. SAMSUDIN RT. 009 RW. 004,107.59394,-6.94505,POLE,6,-,METER,2018
878,32,JAWA BARAT,3273,KOTA BANDUNG,3273101,GEDEBAGE,32.73.27,GEDEBAGE,"PT. PROTELINDO, TBK",JL. RIUNG SEKAR III NO. 13,107.67994,-6.94241,POLE,9,-,METER,2018
879,32,JAWA BARAT,3273,KOTA BANDUNG,3273010,BANDUNG KULON,32.73.15,BANDUNG KULON,"PT. PROTELINDO, TBK",KP. RENGGAS RT. 04 RW. 06,107.54964,-6.93032,3 KAKI,31,-,METER,2018
880,32,JAWA BARAT,3273,KOTA BANDUNG,3273050,ASTANAANYAR,32.73.10,ASTANA ANYAR,"PT. PROTELINDO, TBK",JL. SOEKARNO HATTA 421 RT. 03 RW. 04,107.6084,-6.94788,POLE,31,-,METER,2018
881,32,JAWA BARAT,3273,KOTA BANDUNG,3273050,ASTANAANYAR,32.73.10,ASTANA ANYAR,"PT. PROTELINDO, TBK",JL. INHOFTANK KAV.37B - 38A RT. 02 RW. 06,107.60355,-6.94162,3 KAKI,20,-,METER,2018
882,32,JAWA BARAT,3273,KOTA BANDUNG,3273150,KIARACONDONG,32.73.16,KIARACONDONG,"PT. PROTELINDO, TBK",JL. TERUSAN PSM RT. 07 RW. 06,107.65268,-6.93091,3 KAKI,31,-,METER,2018
883,32,JAWA BARAT,3273,KOTA BANDUNG,3273080,BANDUNG KIDUL,32.73.21,BANDUNG KIDUL,"PT. PROTELINDO, TBK",JL. SOEKARNO HATTA RT. 04 RW. 01,107.62372,-6.94994,POLE,5,-,METER,2018
884,32,JAWA BARAT,3273,KOTA BANDUNG,3273230,COBLONG,32.73.02,COBLONG,"PT. PROTELINDO, TBK",JL. DIPATIUKUR NO. 26,107.61588,-6.89713,4 KAKI,21,-,METER,2018
885,32,JAWA BARAT,3273,KOTA BANDUNG,3273020,BABAKAN CIPARAY,32.73.03,BABAKAN CIPARAY,"PT. PROTELINDO, TBK",JL. TERUSAN PASIR KOJA BLOK. 8,107.57694,-6.92966,3 KAKI,15,-,METER,2018
886,32,JAWA BARAT,3273,KOTA BANDUNG,3273141,ANTAPANI,32.73.20,ANTAPANI,"PT. PROTELINDO, TBK",JL. CIBODAS,107.66462,-6.92447,4 KAKI,30,-,METER,2018
887,32,JAWA BARAT,3273,KOTA BANDUNG,3273170,SUMUR BANDUNG,32.73.19,SUMUR BANDUNG,"PT. PROTELINDO, TBK",JL. BABAKAN CIAMIS RT. 05 RW. 03,107.60789,-6.91086,POLE,36,-,METER,2018
888,32,JAWA BARAT,3273,KOTA BANDUNG,3273190,CICENDO,32.73.06,CICENDO,"PT. PROTELINDO, TBK",JL. BUNISUGIH RT. 03 RW. 04,107.55842,-6.88916,3 KAKI,32,-,METER,2018
889,32,JAWA BARAT,3273,KOTA BANDUNG,3273190,CICENDO,32.73.06,CICENDO,"PT. PROTELINDO, TBK",JL. DR. DJUNJUNGAN DALAM NO. 8A RT. 001 RW. 03 KODE POS 40173,107.58747,-6.89621,3 KAKI,25,-,METER,2018
890,32,JAWA BARAT,3273,KOTA BANDUNG,3273180,ANDIR,32.73.05,ANDIR,"PT. PROTELINDO, TBK",JL. DULATIP NO. 1B,107.602,-6.92027,3 KAKI,20,-,METER,2018
891,32,JAWA BARAT,3273,KOTA BANDUNG,3273250,SUKASARI,32.73.01,SUKASARI,"PT. PROTELINDO, TBK",JL. . PADASALUYU 10 RT. 03/RW. 03,107.59447,-6.85088,3 KAKI,42,-,METER,2018
892,32,JAWA BARAT,3273,KOTA BANDUNG,3273220,CIBEUNYING KALER,32.73.18,CIBEUNYING KALER,"PT. PROTELINDO, TBK",JL. RANCA KENDAL,107.62811,-6.87568,3 KAKI,42,-,METER,2018
893,32,JAWA BARAT,3273,KOTA BANDUNG,3273130,ARCAMANIK,32.73.24,ARCAMANIK,"PT. PROTELINDO, TBK",JL. ATLETIK II NO. 27 RT. 03 RW. 13 KODE POS 40293,107.67219,-6.91924,3 KAKI,42,-,METER,2018
894,32,JAWA BARAT,3273,KOTA BANDUNG,3273090,BUAHBATU,32.73.22,BUAHBATU,"PT. PROTELINDO, TBK",JL. JEND IBRAHIM ADJIE RT. 04 RW. 01,107.64215,-6.94749,4 KAKI,31,-,METER,2018
895,32,JAWA BARAT,3273,KOTA BANDUNG,3273130,ARCAMANIK,32.73.24,ARCAMANIK,"PT. PROTELINDO, TBK",JL. TERUSAN JAKARTA NO. 280,107.66743,-6.91604,4 KAKI,31,-,METER,2018
896,32,JAWA BARAT,3273,KOTA BANDUNG,3273020,BABAKAN CIPARAY,32.73.03,BABAKAN CIPARAY,"PT. PROTELINDO, TBK",JL. BABAKAN CIPARAY RT. 01 RW. 09,107.5841,-6.93593,3 KAKI,31,-,METER,2018
897,32,JAWA BARAT,3273,KOTA BANDUNG,3273100,RANCASARI,32.73.23,RANCASARI,"PT. PROTELINDO, TBK",JL. RAYA GEDEBAGE,107.68862,-6.94783,4 KAKI,31,-,METER,2018
898,32,JAWA BARAT,3273,KOTA BANDUNG,3273110,CIBIRU,32.73.25,CIBIRU,"PT. PROTELINDO, TBK",JL. GEMPOL NO. 2,107.70503,-6.93037,3 KAKI,31,-,METER,2018
899,32,JAWA BARAT,3273,KOTA BANDUNG,3273040,BOJONGLOA KIDUL,32.73.17,BOJONGLOA KIDUL,"PT. PROTELINDO, TBK",JL. ANGGACARANGRT. 01/004,107.603,-6.9571,3 KAKI,31,-,METER,2018
900,32,JAWA BARAT,3273,KOTA BANDUNG,3273220,CIBEUNYING KALER,32.73.18,CIBEUNYING KALER,"PT. PROTELINDO, TBK",JL. SUPRATMAN  NO. 90,107.62762,-6.90275,4 KAKI,30,-,METER,2018
901,32,JAWA BARAT,3273,KOTA BANDUNG,3273180,ANDIR,32.73.05,ANDIR,"PT. PROTELINDO, TBK",TERMINAL CIROYOM,107.58797,-6.91424,3 KAKI,26,-,METER,2018
902,32,JAWA BARAT,3273,KOTA BANDUNG,3273050,ASTANAANYAR,32.73.10,ASTANA ANYAR,"PT. PROTELINDO, TBK",JL. ASTANA ANYAR NO. 330 RT. 02 RW. 03,107.60247,-6.93498,3 KAKI,25,-,METER,2018
903,32,JAWA BARAT,3273,KOTA BANDUNG,3273260,CIDADAP,32.73.08,CIDADAP,"PT. PROTELINDO, TBK",JL. CIUMBULEUIT NO. 179 RT. 01/RW. 07 KODE POS 40142,107.60548,-6.87049,POLE,36,-,METER,2018
904,32,JAWA BARAT,3273,KOTA BANDUNG,3273020,BABAKAN CIPARAY,32.73.03,BABAKAN CIPARAY,"PT. PROTELINDO, TBK",JL. MAKAM CARINGIN NO. 93 B RT. 01 RW. 02 KODE POS 40224,107.58079,-6.95194,3 KAKI,42,-,METER,2018
905,32,JAWA BARAT,3273,KOTA BANDUNG,3273240,SUKAJADI,32.73.07,SUKAJADI,"PT. PROTELINDO, TBK",JL. MULYASARI SELATAN RT. 2 RW. 4,107.5887,-6.89141,3 KAKI,42,-,METER,2018
906,32,JAWA BARAT,3273,KOTA BANDUNG,3273170,SUMUR BANDUNG,32.73.19,SUMUR BANDUNG,"PT. PROTELINDO, TBK",JL. MERDEKA NO. 62A BANDUNG,107.61091,-6.90783,4 KAKI,21,-,METER,2018
907,32,JAWA BARAT,3273,KOTA BANDUNG,3273020,BABAKAN CIPARAY,32.73.03,BABAKAN CIPARAY,"PT. PROTELINDO, TBK",JL. BABAKAN CIPARAY GG AIR MANCUR RT. 006/003,107.5831,-6.92996,POLE,9,-,METER,2018
908,32,JAWA BARAT,3273,KOTA BANDUNG,3273020,BABAKAN CIPARAY,32.73.03,BABAKAN CIPARAY,"PT. PROTELINDO, TBK",JL. BABAKAN CIPARAY RT. 7 RW. 05,107.5812,-6.94166,4 KAKI,30,-,METER,2018
909,32,JAWA BARAT,3273,KOTA BANDUNG,3273180,ANDIR,32.73.05,ANDIR,"PT. PROTELINDO, TBK",RAJAWALI PLAZA JL. RAJAWALI TIMUR NO. 52 RT. / RW. 05,107.58836,-6.91585,4 KAKI,30,-,METER,2018
910,32,JAWA BARAT,3273,KOTA BANDUNG,3273030,BOJONGLOA KALER,32.73.04,BOJONGLOA KALER,"PT. PROTELINDO, TBK",GG PESANTREN/JL. PETA RT. 01/RW. 03,107.59227,-6.93454,3 KAKI,31,-,METER,2018
911,32,JAWA BARAT,3273,KOTA BANDUNG,3273100,RANCASARI,32.73.23,RANCASARI,"PT. PROTELINDO, TBK",JL. PARAKAN SAAT RT. 01 RW. 01,107.6723,-6.93932,3 KAKI,31,-,METER,2018
912,32,JAWA BARAT,3273,KOTA BANDUNG,3273240,SUKAJADI,32.73.07,SUKAJADI,"PT. PROTELINDO, TBK",JL. CIBOGO BAWAH NO. 23-25 - REDDOORZ,107.57898,-6.88982,POLE,6,-,METER,2018
913,32,JAWA BARAT,3273,KOTA BANDUNG,3273250,SUKASARI,32.73.01,SUKASARI,DAYA MITRA TELEKOMUNIKASI,JL. GEGER KALONG RT. 05/03,107.592784,-6.864771,4 KAKI,20,-,METER,2018
914,32,JAWA BARAT,3273,KOTA BANDUNG,3273220,CIBEUNYING KALER,32.73.18,CIBEUNYING KALER,DAYA MITRA TELEKOMUNIKASI,JL. MANTERON,107.630722,-6.896353,4 KAKI,10,-,METER,2018
915,32,JAWA BARAT,3273,KOTA BANDUNG,3273090,BUAHBATU,32.73.22,BUAHBATU,DAYA MITRA TELEKOMUNIKASI,JL. KENCANA WANGI UTARA,107.652494,-6.959432,4 KAKI,42,-,METER,2018
916,32,JAWA BARAT,3273,KOTA BANDUNG,3273160,BATUNUNGGAL,32.73.12,BATUNUNGGAL,DAYA MITRA TELEKOMUNIKASI,JL. AHMAD YANI NO. 248,107.627542,-6.917212,4 KAKI,25,-,METER,2018
917,32,JAWA BARAT,3273,KOTA BANDUNG,3273120,UJUNG BERUNG,32.73.26,UJUNGBERUNG,DAYA MITRA TELEKOMUNIKASI,GG. MELATI JL. CINANGRA,107.705085,-6.905579,4 KAKI,52,-,METER,2018
918,32,JAWA BARAT,3273,KOTA BANDUNG,3273100,RANCASARI,32.73.23,RANCASARI,DAYA MITRA TELEKOMUNIKASI,JL. CIPAMOKOLAN KOLOT,107.674815,-6.941171,4 KAKI,42,-,METER,2018
919,32,JAWA BARAT,3273,KOTA BANDUNG,3273142,MANDALAJATI,32.73.30,MANDALAJATI,DAYA MITRA TELEKOMUNIKASI,JL. SUKA ASIH RAYA ATAS NO. 273,107.685212,-6.899188,4 KAKI,42,-,METER,2018
920,32,JAWA BARAT,3273,KOTA BANDUNG,3273260,CIDADAP,32.73.08,CIDADAP,DAYA MITRA TELEKOMUNIKASI,JL. CIUMBULEUIT ATAS RT. 08/03,107.606591,-6.86259,4 KAKI,42,-,METER,2018
921,32,JAWA BARAT,3273,KOTA BANDUNG,3273190,CICENDO,32.73.06,CICENDO,DAYA MITRA TELEKOMUNIKASI,JL. KU. SUPADIO NO. 30,107.585541,-6.909555,4 KAKI,36,-,METER,2018
922,32,JAWA BARAT,3273,KOTA BANDUNG,3273060,REGOL,32.73.11,REGOL,DAYA MITRA TELEKOMUNIKASI,JL. MOCH. TOHA NO. 191 A,107.608152,-6.944582,POLE,9,-,METER,2018
923,32,JAWA BARAT,3273,KOTA BANDUNG,3273160,BATUNUNGGAL,32.73.12,BATUNUNGGAL,DAYA MITRA TELEKOMUNIKASI,JL. CIBANGKONG,107.632997,-6.928094,POLE,24,-,METER,2018
924,32,JAWA BARAT,3273,KOTA BANDUNG,3273080,BANDUNG KIDUL,32.73.21,BANDUNG KIDUL,DAYA MITRA TELEKOMUNIKASI,JL. BATUNUNGGAL INDAH,107.627058,-6.964021,3 KAKI,36,-,METER,2018
925,32,JAWA BARAT,3273,KOTA BANDUNG,3273142,MANDALAJATI,32.73.30,MANDALAJATI,DAYA MITRA TELEKOMUNIKASI,JL. RAYA CIKADUT NO. 3 RT. 01/01,107.665398,-6.903476,POLE,12,-,METER,2018
926,32,JAWA BARAT,3273,KOTA BANDUNG,3273050,ASTANAANYAR,32.73.10,ASTANA ANYAR,DAYA MITRA TELEKOMUNIKASI,JL. OTO ISKANDAR DINATA NO. 305,107.603799,-6.925148,POLE,9,-,METER,2018
927,32,JAWA BARAT,3273,KOTA BANDUNG,3273060,REGOL,32.73.11,REGOL,DAYA MITRA TELEKOMUNIKASI,JL. SAWAH KURUNG RAYA NO. 30,107.610714,-6.935123,POLE,6,-,METER,2018
928,32,JAWA BARAT,3273,KOTA BANDUNG,3273180,ANDIR,32.73.05,ANDIR,DAYA MITRA TELEKOMUNIKASI,JL. RAJAWALI TIMUR,107.5834171,-6.9150906,POLE,6,-,METER,2018
929,32,JAWA BARAT,3273,KOTA BANDUNG,3273080,BANDUNG KIDUL,32.73.21,BANDUNG KIDUL,DAYA MITRA TELEKOMUNIKASI,KOMP. BATU NUNGGAL PERMAI I,107.630501,-6.956938,POLE,6,-,METER,2018
930,32,JAWA BARAT,3273,KOTA BANDUNG,3273030,BOJONGLOA KALER,32.73.04,BOJONGLOA KALER,DAYA MITRA TELEKOMUNIKASI,JL. KOPO NO. 86 RT. 01/07,107.596706,-6.931463,POLE,6,-,METER,2018
931,32,JAWA BARAT,3273,KOTA BANDUNG,3273070,LENGKONG,32.73.13,LENGKONG,DAYA MITRA TELEKOMUNIKASI,JL. SOEKARNO HATTA NO. 529 BANDUNG,107.634617,-6.94742,POLE,6,-,METER,2018
932,32,JAWA BARAT,3273,KOTA BANDUNG,3273050,ASTANAANYAR,32.73.10,ASTANA ANYAR,DAYA MITRA TELEKOMUNIKASI,JL. PETA NO. 32,107.600073,-6.937146,POLE,12,-,METER,2018
933,32,JAWA BARAT,3273,KOTA BANDUNG,3273260,CIDADAP,32.73.08,CIDADAP,DAYA MITRA TELEKOMUNIKASI,JL. KAPTEN. ABD. HAMID PANORAMA 3 NO. 44,107.596133,-6.865695,POLE,6,-,METER,2018
934,32,JAWA BARAT,3273,KOTA BANDUNG,3273040,BOJONGLOA KIDUL,32.73.17,BOJONGLOA KIDUL,DAYA MITRA TELEKOMUNIKASI,JL. MEKAR PUSPITA NO. 88,107.598683,-6.950684,POLE,6,-,METER,2018
935,32,JAWA BARAT,3273,KOTA BANDUNG,3273210,CIBEUNYING KIDUL,32.73.14,CIBEUNYING KIDUL,DAYA MITRA TELEKOMUNIKASI,JL. JAKARTA NO. 73,107.642545,-6.913858,POLE,12,-,METER,2018
936,32,JAWA BARAT,3273,KOTA BANDUNG,3273130,ARCAMANIK,32.73.24,ARCAMANIK,DAYA MITRA TELEKOMUNIKASI,JL. CISARANTEN KULON,107.678806,-6.934835,POLE,15,-,METER,2018
937,32,JAWA BARAT,3273,KOTA BANDUNG,3273230,COBLONG,32.73.02,COBLONG,DAYA MITRA TELEKOMUNIKASI,KARANG ASIH NO. 314 RT. 4/RW. 13,107.62349,-6.89478,POLE,9,-,METER,2018
938,32,JAWA BARAT,3273,KOTA BANDUNG,3273130,ARCAMANIK,32.73.24,ARCAMANIK,DAYA MITRA TELEKOMUNIKASI,JL. PERMATA TAMAN SARI RAYA RT. 11,107.679689,-6.917863,POLE,15,-,METER,2018
939,32,JAWA BARAT,3273,KOTA BANDUNG,3273230,COBLONG,32.73.02,COBLONG,DAYA MITRA TELEKOMUNIKASI,JL. CISITU INDAH VL NO. 181 RT. 001/004,107.61395,-6.8729,POLE,9,-,METER,2018
940,32,JAWA BARAT,3273,KOTA BANDUNG,3273190,CICENDO,32.73.06,CICENDO,DAYA MITRA TELEKOMUNIKASI,JL. CITEPUS 3 RT. 07/11,107.589333,-6.900101,POLE,9,-,METER,2018
941,32,JAWA BARAT,3273,KOTA BANDUNG,3273070,LENGKONG,32.73.13,LENGKONG,DAYA MITRA TELEKOMUNIKASI,JL. BUAH BATU NO. 184 RT. 01/12,107.624767,-6.939451,POLE,12,-,METER,2018
942,32,JAWA BARAT,3273,KOTA BANDUNG,3273240,SUKAJADI,32.73.07,SUKAJADI,DAYA MITRA TELEKOMUNIKASI,JL. SURYA SUMANTRI NO. 6,107.581717,-6.891543,POLE,6,-,METER,2018
943,32,JAWA BARAT,3273,KOTA BANDUNG,3273090,BUAHBATU,32.73.22,BUAHBATU,DAYA MITRA TELEKOMUNIKASI,JL. CIPAGALO GIRANG NO. 81,107.64789,-6.953073,POLE,18,-,METER,2018
944,32,JAWA BARAT,3273,KOTA BANDUNG,3273200,BANDUNG WETAN,32.73.09,BANDUNG WETAN,DAYA MITRA TELEKOMUNIKASI,JL. RANGGA GADING NO. 8,107.610569,-6.9028684,POLE,6,-,METER,2018
945,32,JAWA BARAT,3273,KOTA BANDUNG,3273260,CIDADAP,32.73.08,CIDADAP,DAYA MITRA TELEKOMUNIKASI,JL. BUKIT JARIAN DALAM 156,107.606732,-6.878274,POLE,6,-,METER,2018
946,32,JAWA BARAT,3273,KOTA BANDUNG,3273080,BANDUNG KIDUL,32.73.21,BANDUNG KIDUL,DAYA MITRA TELEKOMUNIKASI,JL. TERUSAN BUAH BATU (MASJID AL-HILAL),107.638306,-6.962835,POLE,9,-,METER,2018
947,32,JAWA BARAT,3273,KOTA BANDUNG,3273230,COBLONG,32.73.02,COBLONG,DAYA MITRA TELEKOMUNIKASI,JL. DIPATIUKUR,107.616651,-6.890605,POLE,9,-,METER,2018
948,32,JAWA BARAT,3273,KOTA BANDUNG,3273230,COBLONG,32.73.02,COBLONG,DAYA MITRA TELEKOMUNIKASI,JL. IR.H. JUANDA NO. 129,107.612774,-6.891199,POLE,6,-,METER,2018
949,32,JAWA BARAT,3273,KOTA BANDUNG,3273240,SUKAJADI,32.73.07,SUKAJADI,DAYA MITRA TELEKOMUNIKASI,JL. DR. JUNJUNAN,107.58799,-6.893899,POLE,6,-,METER,2018
950,32,JAWA BARAT,3273,KOTA BANDUNG,3273170,SUMUR BANDUNG,32.73.19,SUMUR BANDUNG,DAYA MITRA TELEKOMUNIKASI,JL. VETERAN,107.617066,-6.920138,POLE,6,-,METER,2018
951,32,JAWA BARAT,3273,KOTA BANDUNG,3273020,BABAKAN CIPARAY,32.73.03,BABAKAN CIPARAY,DAYA MITRA TELEKOMUNIKASI,JL. CARINGIN BLOK KOPAT,107.573399,-6.943511,POLE,6,-,METER,2018
952,32,JAWA BARAT,3273,KOTA BANDUNG,3273010,BANDUNG KULON,32.73.15,BANDUNG KULON,DAYA MITRA TELEKOMUNIKASI,JL. CIGONDEWAH KALER NO. 15 RT. 01/,107.562335,-6.934936,POLE,24,-,METER,2018
953,32,JAWA BARAT,3273,KOTA BANDUNG,3273010,BANDUNG KULON,32.73.15,BANDUNG KULON,DAYA MITRA TELEKOMUNIKASI,JL. HOLIS (INDOMARET) 010,107.574586,-6.926192,POLE,10,-,METER,2018
954,32,JAWA BARAT,3273,KOTA BANDUNG,3273230,COBLONG,32.73.02,COBLONG,DAYA MITRA TELEKOMUNIKASI,JL. IR.H. JUANDA NO. 381A,107.619693,-6.87101,POLE,6,-,METER,2018
955,32,JAWA BARAT,3273,KOTA BANDUNG,3273030,BOJONGLOA KALER,32.73.04,BOJONGLOA KALER,DAYA MITRA TELEKOMUNIKASI,JL. BABAKAN TARUYONG,107.592667,-6.932969,3 KAKI,15,-,METER,2018
956,32,JAWA BARAT,3273,KOTA BANDUNG,3273170,SUMUR BANDUNG,32.73.19,SUMUR BANDUNG,DAYA MITRA TELEKOMUNIKASI,JL. ASIA AFRIKA DEPAN KANTOR POS,107.606197,-6.920984,POLE,10,-,METER,2018
957,32,JAWA BARAT,3273,KOTA BANDUNG,3273240,SUKAJADI,32.73.07,SUKAJADI,DAYA MITRA TELEKOMUNIKASI,MASJID AL MURABY. JL. HEGARMANAH NO. 10 KEC. SUKAJADI KODYA BANDUNG,107.5823777,-6.8811867,POLE,9,-,METER,2018
958,32,JAWA BARAT,3273,KOTA BANDUNG,3273040,BOJONGLOA KIDUL,32.73.17,BOJONGLOA KIDUL,DAYA MITRA TELEKOMUNIKASI,BABAKAN MUSLIMIN RT. 03/06,107.608889,-6.955549,POLE,12,-,METER,2018
959,32,JAWA BARAT,3273,KOTA BANDUNG,3273010,BANDUNG KULON,32.73.15,BANDUNG KULON,DAYA MITRA TELEKOMUNIKASI,JL. CIJERAH,107.570517,-6.918624,POLE,12,-,METER,2018
960,32,JAWA BARAT,3273,KOTA BANDUNG,3273190,CICENDO,32.73.06,CICENDO,DAYA MITRA TELEKOMUNIKASI,JL. KAF. KATA NEGARA,107.58556,-6.900011,4 KAKI,36,-,METER,2018
961,32,JAWA BARAT,3273,KOTA BANDUNG,3273142,MANDALAJATI,32.73.30,MANDALAJATI,DAYA MITRA TELEKOMUNIKASI,KP. CICAGE RT. 01/03,107.661089,-6.901766,POLE,29,-,METER,2018
962,32,JAWA BARAT,3273,KOTA BANDUNG,3273030,BOJONGLOA KALER,32.73.04,BOJONGLOA KALER,DAYA MITRA TELEKOMUNIKASI,JL. PETA NO. 252 D,107.586139,-6.927391,POLE,9,-,METER,2018
963,32,JAWA BARAT,3273,KOTA BANDUNG,3273160,BATUNUNGGAL,32.73.12,BATUNUNGGAL,DAYA MITRA TELEKOMUNIKASI,JL. JENDRAL AHMAD YANI NO. 456,107.641687,-6.909481,POLE,12,-,METER,2018
964,32,JAWA BARAT,3273,KOTA BANDUNG,3273080,BANDUNG KIDUL,32.73.21,BANDUNG KIDUL,DAYA MITRA TELEKOMUNIKASI,JL. BONASARI 4 RT. 08/04,107.642762,-6.96501,POLE,25,-,METER,2018
965,32,JAWA BARAT,3273,KOTA BANDUNG,3273180,ANDIR,32.73.05,ANDIR,DAYA MITRA TELEKOMUNIKASI,JL. CIROYOM (PASAR CIROYOM),107.587172,-6.914056,POLE,9,-,METER,2018
966,32,JAWA BARAT,3273,KOTA BANDUNG,3273170,SUMUR BANDUNG,32.73.19,SUMUR BANDUNG,DAYA MITRA TELEKOMUNIKASI,JL. ATUNA NO.,107.616522,-6.916808,POLE,15,-,METER,2018
967,32,JAWA BARAT,3273,KOTA BANDUNG,3273230,COBLONG,32.73.02,COBLONG,DAYA MITRA TELEKOMUNIKASI,JL. KEBON BIBIT TENGAH NO. 27,107.606211,-6.897981,POLE,10,-,METER,2018
968,32,JAWA BARAT,3273,KOTA BANDUNG,3273180,ANDIR,32.73.05,ANDIR,DAYA MITRA TELEKOMUNIKASI,JL. GARUDA NO. 108,107.578507,-6.908318,POLE,12,-,METER,2018
969,32,JAWA BARAT,3273,KOTA BANDUNG,3273090,BUAHBATU,32.73.22,BUAHBATU,DAYA MITRA TELEKOMUNIKASI,JATI SARI BUAHBATU,107.6631357,-6.93494,POLE,20,-,METER,2018
970,32,JAWA BARAT,3273,KOTA BANDUNG,3273110,CIBIRU,32.73.25,CIBIRU,DAYA MITRA TELEKOMUNIKASI,JL. A.H NASUTION  525 RT. 002/010,107.716833,-6.934267,POLE,20,-,METER,2018
971,32,JAWA BARAT,3273,KOTA BANDUNG,3273090,BUAHBATU,32.73.22,BUAHBATU,DAYA MITRA TELEKOMUNIKASI,JL. CIJAURA GIRANG NO. 2,107.648057,-6.944564,3 KAKI,10,-,METER,2018
972,32,JAWA BARAT,3273,KOTA BANDUNG,3273020,BABAKAN CIPARAY,32.73.03,BABAKAN CIPARAY,DAYA MITRA TELEKOMUNIKASI,JL. TERS. SURYANI GG. ABADI RT. 03 RW. 02,107.57957,-6.92615,POLE,30,-,METER,2018
973,32,JAWA BARAT,3273,KOTA BANDUNG,3273101,GEDEBAGE,32.73.27,GEDEBAGE,DAYA MITRA TELEKOMUNIKASI,JL. CIMENCRANG RT. 01/04,107.705132,-6.947759,POLE,25,-,METER,2018
974,32,JAWA BARAT,3273,KOTA BANDUNG,3273250,SUKASARI,32.73.01,SUKASARI,DAYA MITRA TELEKOMUNIKASI,JL. SERSAN BAJURI  NO. 43 A RT.,107.59149,-6.855146,POLE,15,-,METER,2018
975,32,JAWA BARAT,3273,KOTA BANDUNG,3273250,SUKASARI,32.73.01,SUKASARI,DAYA MITRA TELEKOMUNIKASI,JL. CIPEDES ATAS NO. 9,107.59053,-6.87693,POLE,4,-,METER,2018
976,32,JAWA BARAT,3273,KOTA BANDUNG,3273150,KIARACONDONG,32.73.16,KIARACONDONG,DAYA MITRA TELEKOMUNIKASI,JL. KAMPUS 1 NO. 39,107.649527,-6.924699,POLE,9,-,METER,2018
977,32,JAWA BARAT,3273,KOTA BANDUNG,3273020,BABAKAN CIPARAY,32.73.03,BABAKAN CIPARAY,DAYA MITRA TELEKOMUNIKASI,JL. KOPO MAS REGENCY,107.578526,-6.95803,POLE,6,-,METER,2018
978,32,JAWA BARAT,3273,KOTA BANDUNG,3273200,BANDUNG WETAN,32.73.09,BANDUNG WETAN,DAYA MITRA TELEKOMUNIKASI,JL.  WASTUKENCANA GANG NANGKASUNI BANDUNG,107.6059,-6.9058602,POLE,3,-,METER,2018
979,32,JAWA BARAT,3273,KOTA BANDUNG,3273210,CIBEUNYING KIDUL,32.73.14,CIBEUNYING KIDUL,DAYA MITRA TELEKOMUNIKASI,JL. BOJONG KONENG NO. 12 RT. 04 RW. 12,107.6437193,-6.89435,POLE,6,-,METER,2018
980,32,JAWA BARAT,3273,KOTA BANDUNG,3273030,BOJONGLOA KALER,32.73.04,BOJONGLOA KALER,DAYA MITRA TELEKOMUNIKASI,JL. BABAKAN CIPARAY,107.58484,-6.930082,POLE,3,-,METER,2018
981,32,JAWA BARAT,3273,KOTA BANDUNG,3273160,BATUNUNGGAL,32.73.12,BATUNUNGGAL,DAYA MITRA TELEKOMUNIKASI,JL. CIGONDEWAH KOLOT,107.63012,-6.92474,POLE,6,-,METER,2018
982,32,JAWA BARAT,3273,KOTA BANDUNG,3273130,ARCAMANIK,32.73.24,ARCAMANIK,DAYA MITRA TELEKOMUNIKASI,JL. BANJARSARI INDAH A-IF RT. 03/RW. 015,107.667069,-6.919414,POLE,6,-,METER,2018
983,32,JAWA BARAT,3273,KOTA BANDUNG,3273111,PANYILEUKAN,32.73.28,PANYILEUKAN,"PT. INDOSAT, TBK",JI. SUKARNO HATTA KM12.5 KOMPLEK LINGKUNGAN INDUSTRI KECIL,107.699494,-6.935507,4 KAKI,42,-,METER,2018
984,32,JAWA BARAT,3273,KOTA BANDUNG,3273111,PANYILEUKAN,32.73.28,PANYILEUKAN,"PT. INDOSAT, TBK",JL. PANGHEGAR KEL MEKAR MULYA KEC RANCA SARI,107.698209,-6.92424,4 KAKI,62,-,METER,2018
985,32,JAWA BARAT,3273,KOTA BANDUNG,3273101,GEDEBAGE,32.73.27,GEDEBAGE,"PT. INDOSAT, TBK",JI. GEDEBAGE KUION 56 RT. 01/04CISARANTEN KIDUL,107.68964,-6.941845,4 KAKI,62,-,METER,2018
986,32,JAWA BARAT,3273,KOTA BANDUNG,3273101,GEDEBAGE,32.73.27,GEDEBAGE,"PT. INDOSAT, TBK",JI.BOJONGLOA NO. 63 RT. 04 RT. RW. OS (DULU DIKENAL PONPES AT TAUBA,107.687654,-6.957323,4 KAKI,62,-,METER,2018
987,32,JAWA BARAT,3273,KOTA BANDUNG,3273100,RANCASARI,32.73.23,RANCASARI,"PT. INDOSAT, TBK",KP/BLOK RANCALOA RT. 02/08 CIPAMOKOLANRANCALOA,107.677,-6.945718,4 KAKI,52,-,METER,2018
988,32,JAWA BARAT,3273,KOTA BANDUNG,3273090,BUAHBATU,32.73.22,BUAHBATU,"PT. INDOSAT, TBK",JI.CIPAGALO GIRANG RT. 02/03MARGASARI,107.647887,-6.950068,4 KAKI,52,-,METER,2018
989,32,JAWA BARAT,3273,KOTA BANDUNG,3273100,RANCASARI,32.73.23,RANCASARI,"PT. INDOSAT, TBK",JI. SOEKARNO HATTA 644A CIPAMOKOLAN,107.67005,-6.939174,4 KAKI,55,-,METER,2018
990,32,JAWA BARAT,3273,KOTA BANDUNG,3273110,CIBIRU,32.73.25,CIBIRU,"PT. INDOSAT, TBK",CILENGKANG II NO. 53 RT. 03/09,107.71229,-6.924538,4 KAKI,52,-,METER,2018
991,32,JAWA BARAT,3273,KOTA BANDUNG,3273120,UJUNG BERUNG,32.73.26,UJUNGBERUNG,"PT. INDOSAT, TBK",PALEDANG DUSUN MANDALAWANGI BLOK PASIR TANJUNG PASANGGR,107.711656,-6.912382,4 KAKI,62,-,METER,2018
992,32,JAWA BARAT,3273,KOTA BANDUNG,3273120,UJUNG BERUNG,32.73.26,UJUNGBERUNG,"PT. INDOSAT, TBK",JL. KOSAR NO. 133 RT. 08/07 PASIR ENDAH,107.69096,-6.904063,4 KAKI,42,-,METER,2018
993,32,JAWA BARAT,3273,KOTA BANDUNG,3273130,ARCAMANIK,32.73.24,ARCAMANIK,"PT. INDOSAT, TBK",CISARANTEN KULON NO. 223 (PANCA TENGAH) CISARANTEN KULON,107.681965,-6.929318,4 KAKI,42,-,METER,2018
994,32,JAWA BARAT,3273,KOTA BANDUNG,3273130,ARCAMANIK,32.73.24,ARCAMANIK,"PT. INDOSAT, TBK",JI. PAWENANG II RT. 03/06,107.688677,-6.910188,4 KAKI,52,-,METER,2018
995,32,JAWA BARAT,3273,KOTA BANDUNG,3273130,ARCAMANIK,32.73.24,ARCAMANIK,"PT. INDOSAT, TBK",SEMBRANI NO. 7 SUKAMISKIN,107.672181,-6.90732,4 KAKI,32,-,METER,2018
996,32,JAWA BARAT,3273,KOTA BANDUNG,3273160,BATUNUNGGAL,32.73.12,BATUNUNGGAL,"PT. INDOSAT, TBK",BABAKAN JATI (KIARA CONDONG - SAMPING BORMA SWALAYAN)BI,107.641486,-6.942666,4 KAKI,32,-,METER,2018
997,32,JAWA BARAT,3273,KOTA BANDUNG,3273070,LENGKONG,32.73.13,LENGKONG,"PT. INDOSAT, TBK",JI. TERUSAN HALIMUN NO. 37 (KAMPUS ITA) LINGKAR SELATAN,107.626191,-6.92641,4 KAKI,40,-,METER,2018
998,32,JAWA BARAT,3273,KOTA BANDUNG,3273070,LENGKONG,32.73.13,LENGKONG,"PT. INDOSAT, TBK","JL. KERAWITAN ""KOPERASI KEKAR"" TURANGGA BANDUNG",107.627602,-6.938959,4 KAKI,32,-,METER,2018
999,32,JAWA BARAT,3273,KOTA BANDUNG,3273142,MANDALAJATI,32.73.30,MANDALAJATI,"PT. INDOSAT, TBK",KP. DANGUS MAUNG PASIR IMPUN RT. 04/07KARANG PAMULANG,107.674916,-6.898666,4 KAKI,42,-,METER,2018
1000,32,JAWA BARAT,3273,KOTA BANDUNG,3273210,CIBEUNYING KIDUL,32.73.14,CIBEUNYING KIDUL,"PT. INDOSAT, TBK",YIN PRAMUKHA VII KOMPLEK PERUMAHAN PUSENIF,107.637677,-6.904531,4 KAKI,42,-,METER,2018
1001,32,JAWA BARAT,3273,KOTA BANDUNG,3273141,ANTAPANI,32.73.20,ANTAPANI,"PT. INDOSAT, TBK",TERUSAN JAKARTA RT. 03/07,107.659865,-6.913443,POLE,31,-,METER,2018
1002,32,JAWA BARAT,3273,KOTA BANDUNG,3273150,KIARACONDONG,32.73.16,KIARACONDONG,"PT. INDOSAT, TBK",PSM SUKAPURA,107.64944,-6.929682,4 KAKI,42,-,METER,2018
1003,32,JAWA BARAT,3273,KOTA BANDUNG,3273150,KIARACONDONG,32.73.16,KIARACONDONG,"PT. INDOSAT, TBK",KIARACONDONG NO. 145 / 177,107.644531,-6.922533,4 KAKI,52,-,METER,2018
1004,32,JAWA BARAT,3273,KOTA BANDUNG,3273141,ANTAPANI,32.73.20,ANTAPANI,"PT. INDOSAT, TBK",JI. TERUSAN JAKARTA NO. 53 RT. 01/12,107.6491489,-6.9119167,POLE,30,-,METER,2018
1005,32,JAWA BARAT,3273,KOTA BANDUNG,3273210,CIBEUNYING KIDUL,32.73.14,CIBEUNYING KIDUL,"PT. INDOSAT, TBK",JI. JENDRAL A.YANI NO. 995 RT. 01 RW. 04 CICAHEUM,107.658064,-6.902114,POLE,6,-,METER,2018
1006,32,JAWA BARAT,3273,KOTA BANDUNG,3273160,BATUNUNGGAL,32.73.12,BATUNUNGGAL,"PT. INDOSAT, TBK",JI. AHMAD YANI NO. 312,107.634465,-6.913528,4 KAKI,25,-,METER,2018
1007,32,JAWA BARAT,3273,KOTA BANDUNG,3273160,BATUNUNGGAL,32.73.12,BATUNUNGGAL,"PT. INDOSAT, TBK",JL. TERUSAN RANCAGOONG II RT. 05/04 MALEER SELATAN GUMURUH,107.637298,-6.93174,4 KAKI,55,-,METER,2018
1008,32,JAWA BARAT,3273,KOTA BANDUNG,3273080,BANDUNG KIDUL,32.73.21,BANDUNG KIDUL,"PT. INDOSAT, TBK",JI. SUKARNO HATTA NO. 1 BATUNUNGGAL,107.634141,-6.948542,4 KAKI,55,-,METER,2018
1009,32,JAWA BARAT,3273,KOTA BANDUNG,3273010,BANDUNG KULON,32.73.15,BANDUNG KULON,"PT. INDOSAT, TBK",TB RAHAYU II JI. CIBOLERANG NO. 69 RT. 01/03,107.564855,-6.950523,4 KAKI,32,-,METER,2018
1010,32,JAWA BARAT,3273,KOTA BANDUNG,3273010,BANDUNG KULON,32.73.15,BANDUNG KULON,"PT. INDOSAT, TBK",JI. HOLIS NO. 35 RT. 02/01,107.576388,-6.919555,4 KAKI,32,-,METER,2018
1011,32,JAWA BARAT,3273,KOTA BANDUNG,3273180,ANDIR,32.73.05,ANDIR,"PT. INDOSAT, TBK",KEBON JATI 254B CIROYOM,107.591793,-6.91613,4 KAKI,32,-,METER,2018
1012,32,JAWA BARAT,3273,KOTA BANDUNG,3273180,ANDIR,32.73.05,ANDIR,"PT. INDOSAT, TBK",JL. GARDUJATI 55-61 (40181),107.597633,-6.918203,4 KAKI,15,-,METER,2018
1013,32,JAWA BARAT,3273,KOTA BANDUNG,3273020,BABAKAN CIPARAY,32.73.03,BABAKAN CIPARAY,"PT. INDOSAT, TBK",JL. CARINGIN RT. 02 RW. 09,107.570607,-6.940137,4 KAKI,42,-,METER,2018
1014,32,JAWA BARAT,3273,KOTA BANDUNG,3273030,BOJONGLOA KALER,32.73.04,BOJONGLOA KALER,"PT. INDOSAT, TBK",JL. BABAKAN CIPARAY NO. 299 RT. 01/011 KOPO,107.584552,-6.941879,4 KAKI,42,-,METER,2018
1015,32,JAWA BARAT,3273,KOTA BANDUNG,3273020,BABAKAN CIPARAY,32.73.03,BABAKAN CIPARAY,"PT. INDOSAT, TBK",JL. BABAKAN CIPARAY NO. 240 BABAKAN CIPARAY,107.582849,-6.938397,4 KAKI,52,-,METER,2018
1016,32,JAWA BARAT,3273,KOTA BANDUNG,3273040,BOJONGLOA KIDUL,32.73.17,BOJONGLOA KIDUL,"PT. INDOSAT, TBK",JL. PETA NO. 75 RT. 12/03 SITUSAEUR,107.598223,-6.937988,4 KAKI,25,-,METER,2018
1017,32,JAWA BARAT,3273,KOTA BANDUNG,3273060,REGOL,32.73.11,REGOL,"PT. INDOSAT, TBK",JL. KEMBAR TIMUR VII RT. 02/07ANCOL,107.614879,-6.945067,4 KAKI,42,-,METER,2018
1018,32,JAWA BARAT,3273,KOTA BANDUNG,3273040,BOJONGLOA KIDUL,32.73.17,BOJONGLOA KIDUL,"PT. INDOSAT, TBK",JL. CIBADUYUT NO. 53 KEBON LEGA,107.594605,-6.949694,4 KAKI,32,-,METER,2018
1019,32,JAWA BARAT,3273,KOTA BANDUNG,3273050,ASTANAANYAR,32.73.10,ASTANA ANYAR,"PT. INDOSAT, TBK",JL. ASTANA ANYAR NO. 132 CIBADAK,107.599318,-6.925209,4 KAKI,20,-,METER,2018
1020,32,JAWA BARAT,3273,KOTA BANDUNG,3273060,REGOL,32.73.11,REGOL,"PT. INDOSAT, TBK",JL. CIATEUL NO. 122 CIATEUL,107.609774,-6.932257,4 KAKI,15,-,METER,2018
1021,32,JAWA BARAT,3273,KOTA BANDUNG,3273060,REGOL,32.73.11,REGOL,"PT. INDOSAT, TBK",JL. PUNGKUR (JL. RD. DEWI SARTIKA) NO. 64 RT. 05/03 BALONGGEDE,107.605657,-6.927364,POLE,20,-,METER,2018
1022,32,JAWA BARAT,3273,KOTA BANDUNG,3273050,ASTANAANYAR,32.73.10,ASTANA ANYAR,"PT. INDOSAT, TBK",JL. OTTO LSKANDARDINATA NO. 455 (RUKO SURYA) PUNGKUR,107.603421,-6.929731,4 KAKI,15,-,METER,2018
1023,32,JAWA BARAT,3273,KOTA BANDUNG,3273240,SUKAJADI,32.73.07,SUKAJADI,"PT. INDOSAT, TBK",BABAKAN CILANDAK RT. 02/04 SUKARASA,107.579269,-6.882599,4 KAKI,25,-,METER,2018
1024,32,JAWA BARAT,3273,KOTA BANDUNG,3273240,SUKAJADI,32.73.07,SUKAJADI,"PT. INDOSAT, TBK",JL. PROF. DR. SURIA SUMANTRI NO. 65 SUKAWARNA,107.580974,-6.88534,4 KAKI,15,-,METER,2018
1025,32,JAWA BARAT,3273,KOTA BANDUNG,3273190,CICENDO,32.73.06,CICENDO,"PT. INDOSAT, TBK",JL. KOMODOR UDARA SUPADIO NO. 30 RT. 09/06 HUSETN SASTRANEGARA,107.585693,-6.909366,4 KAKI,45,-,METER,2018
1026,32,JAWA BARAT,3273,KOTA BANDUNG,3273190,CICENDO,32.73.06,CICENDO,"PT. INDOSAT, TBK",JL. PASIRKALIKI NO. 102 (TESSA CELLULAR) PASIRKALIKI,107.597824,-6.908759,4 KAKI,20,-,METER,2018
1027,32,JAWA BARAT,3273,KOTA BANDUNG,3273240,SUKAJADI,32.73.07,SUKAJADI,"PT. INDOSAT, TBK",JL. SUKAJADI GANG SUKAGALIH NO. 18C PASTEUR,107.597461,-6.895042,4 KAKI,15,-,METER,2018
1028,32,JAWA BARAT,3273,KOTA BANDUNG,3273240,SUKAJADI,32.73.07,SUKAJADI,"PT. INDOSAT, TBK",JL. SUKAJADI NO. 174 (HOTEL SUKAJADI),107.597224,-6.885394,POLE,15,-,METER,2018
1029,32,JAWA BARAT,3273,KOTA BANDUNG,3273240,SUKAJADI,32.73.07,SUKAJADI,"PT. INDOSAT, TBK",JL. SEMPURNA NO. 33C RT. 07/08 PASTEUR,107.599449,-6.891111,POLE,15,-,METER,2018
1030,32,JAWA BARAT,3273,KOTA BANDUNG,3273190,CICENDO,32.73.06,CICENDO,"PT. INDOSAT, TBK",JL. DR. RUM NO. 30-32,107.600667,-6.905082,4 KAKI,15,-,METER,2018
1031,32,JAWA BARAT,3273,KOTA BANDUNG,3273250,SUKASARI,32.73.01,SUKASARI,"PT. INDOSAT, TBK",SARIJADI BARU 1 KAY.122 SUKARASA,107.581622,-6.87242,4 KAKI,42,-,METER,2018
1032,32,JAWA BARAT,3273,KOTA BANDUNG,3273250,SUKASARI,32.73.01,SUKASARI,"PT. INDOSAT, TBK",JL. BUDI LUHUR NO. 4 GEGER KALONG HILIR,107.593212,-6.871214,4 KAKI,42,-,METER,2018
1033,32,JAWA BARAT,3273,KOTA BANDUNG,3273250,SUKASARI,32.73.01,SUKASARI,"PT. INDOSAT, TBK",JL. RAYA SETIABUDI GG. PADA SALUYU NO. 10 RI 03/03,107.594258,-6.85066,4 KAKI,42,-,METER,2018
1034,32,JAWA BARAT,3273,KOTA BANDUNG,3273260,CIDADAP,32.73.08,CIDADAP,"PT. INDOSAT, TBK",CIPAKU INDAH III NO. 9,107.59957,-6.864052,4 KAKI,25,-,METER,2018
1035,32,JAWA BARAT,3273,KOTA BANDUNG,3273260,CIDADAP,32.73.08,CIDADAP,"PT. INDOSAT, TBK",WILAYAH RS. AU TK II DR. SALAMUN II,107.604315,-6.865434,4 KAKI,30,-,METER,2018
1036,32,JAWA BARAT,3273,KOTA BANDUNG,3273230,COBLONG,32.73.02,COBLONG,"PT. INDOSAT, TBK",JL. CIHAMPELAS NO. 169 (GRAHA MARANATHA)CIPAGANTI,107.603767,-6.890658,POLE,32,-,METER,2018
1037,32,JAWA BARAT,3273,KOTA BANDUNG,3273230,COBLONG,32.73.02,COBLONG,"PT. INDOSAT, TBK",JL. GANESHA NO. 03 (AREA MASJID SALMAN ITB),107.6111,-6.894028,4 KAKI,25,-,METER,2018
1038,32,JAWA BARAT,3273,KOTA BANDUNG,3273230,COBLONG,32.73.02,COBLONG,"PT. INDOSAT, TBK",CISITU LAMA DAGO,107.612253,-6.879604,4 KAKI,45,-,METER,2018
1039,32,JAWA BARAT,3273,KOTA BANDUNG,3273230,COBLONG,32.73.02,COBLONG,"PT. INDOSAT, TBK",JL. SADANG SARI NO. 23 SEKELOA,107.626724,-6.889931,4 KAKI,52,-,METER,2018
1040,32,JAWA BARAT,3273,KOTA BANDUNG,3273230,COBLONG,32.73.02,COBLONG,"PT. INDOSAT, TBK",JL. TERUSAN CIHEULANG KP. KUBANG RT. 01/05,107.619682,-6.887243,4 KAKI,62,-,METER,2018
1041,32,JAWA BARAT,3273,KOTA BANDUNG,3273220,CIBEUNYING KALER,32.73.18,CIBEUNYING KALER,"PT. INDOSAT, TBK",JL. CIKUTRA BARU VI (BLOK SEKEJATI) RT. 03/05,107.641024,-6.896255,4 KAKI,32,-,METER,2018
1042,32,JAWA BARAT,3273,KOTA BANDUNG,3273230,COBLONG,32.73.02,COBLONG,"PT. INDOSAT, TBK",JL. SURAPATI NO. 55E SADANG SERANG,107.620228,-6.898822,4 KAKI,32,-,METER,2018
1043,32,JAWA BARAT,3273,KOTA BANDUNG,3273200,BANDUNG WETAN,32.73.09,BANDUNG WETAN,"PT. INDOSAT, TBK",PRAMUKA (JL. RE. MARTADINATA) NO. 159 RT. 01/02,107.626213,-6.90934,4 KAKI,20,-,METER,2018
1044,32,JAWA BARAT,3273,KOTA BANDUNG,3273170,SUMUR BANDUNG,32.73.19,SUMUR BANDUNG,"PT. INDOSAT, TBK",JL. SUMBAWA NO. 9 SUMUR BANDUNG,107.617644,-6.914363,4 KAKI,15,-,METER,2018
1045,32,JAWA BARAT,3273,KOTA BANDUNG,3273170,SUMUR BANDUNG,32.73.19,SUMUR BANDUNG,"PT. INDOSAT, TBK",JL. RE MARTADINATA NO. 15 CITARUM,107.611905,-6.906446,3 KAKI,15,-,METER,2018
1046,32,JAWA BARAT,3273,KOTA BANDUNG,3273030,BOJONGLOA KALER,32.73.04,BOJONGLOA KALER,"PT. INDOSAT, TBK",BLOK PETIR RW. 05 BABAKAN TAROGONG,107.589633,-6.931292,4 KAKI,42,-,METER,2018
1047,32,JAWA BARAT,3273,KOTA BANDUNG,3273030,BOJONGLOA KALER,32.73.04,BOJONGLOA KALER,"PT. INDOSAT, TBK",JL. RAYA KOPO DEPAN PINTU TOL KOPO MARGASUKA,107.581486,-6.956352,4 KAKI,52,-,METER,2018
1048,32,JAWA BARAT,3273,KOTA BANDUNG,3273170,SUMUR BANDUNG,32.73.19,SUMUR BANDUNG,"PT. INDOSAT, TBK",BRAGA NO. 129 (GEDUNG LANDMARK) BRAGA,107.608779,-6.915559,POLE,10,-,METER,2018
1049,32,JAWA BARAT,3273,KOTA BANDUNG,3273010,BANDUNG KULON,32.73.15,BANDUNG KULON,"PT. INDOSAT, TBK",AREA GERBANG TOL PASIR KOJA,107.5702791,-6.9310657,4 KAKI,42,-,METER,2018
1050,32,JAWA BARAT,3273,KOTA BANDUNG,3273170,SUMUR BANDUNG,32.73.19,SUMUR BANDUNG,"PT. INDOSAT, TBK",JL. A. YANI NO. 221 -223 (JL. GANDAPURA DIAN LUCKY COMPUTER),107.625377,-6.917456,4 KAKI,20,-,METER,2018
1051,32,JAWA BARAT,3273,KOTA BANDUNG,3273110,CIBIRU,32.73.25,CIBIRU,PT. TOWER BERSAMA GROUP,EASTERNHILS-CIGURUWIK,107.726,-6.92728,4 KAKI,42,-,METER,2018
1052,32,JAWA BARAT,3273,KOTA BANDUNG,3273110,CIBIRU,32.73.25,CIBIRU,PT. TOWER BERSAMA GROUP,JL. SUKALUYU,107.726,-6.91648,4 KAKI,42,-,METER,2018
1053,32,JAWA BARAT,3273,KOTA BANDUNG,3273110,CIBIRU,32.73.25,CIBIRU,PT. TOWER BERSAMA GROUP,JL. SUKALUYU RT. 01/12,107.723,-6.91934,4 KAKI,55,-,METER,2018
1054,32,JAWA BARAT,3273,KOTA BANDUNG,3273110,CIBIRU,32.73.25,CIBIRU,PT. TOWER BERSAMA GROUP,JL. MANISI GG. REFORMASI NO. 5 RT. 03/13,107.72,-6.9239,4 KAKI,42,-,METER,2018
1055,32,JAWA BARAT,3273,KOTA BANDUNG,3273120,UJUNG BERUNG,32.73.26,UJUNGBERUNG,PT. TOWER BERSAMA GROUP,BDGN-174/JL. SEKEMALA,107.718,-6.90654,4 KAKI,42,-,METER,2018
1056,32,JAWA BARAT,3273,KOTA BANDUNG,3273111,PANYILEUKAN,32.73.28,PANYILEUKAN,PT. TOWER BERSAMA GROUP,KP. PANYILEUKAN RT. 03/01,107.716,-6.9382,4 KAKI,47,-,METER,2018
1057,32,JAWA BARAT,3273,KOTA BANDUNG,3273110,CIBIRU,32.73.25,CIBIRU,PT. TOWER BERSAMA GROUP,JL. A.H NASUTION RT. 01/02 KM 13,107.712,-6.92931,4 KAKI,42,-,METER,2018
1058,32,JAWA BARAT,3273,KOTA BANDUNG,3273120,UJUNG BERUNG,32.73.26,UJUNGBERUNG,PT. TOWER BERSAMA GROUP,JL. AGROG 1 RT. 01/07,107.706,-6.91046,4 KAKI,33,-,METER,2018
1059,32,JAWA BARAT,3273,KOTA BANDUNG,3273101,GEDEBAGE,32.73.27,GEDEBAGE,PT. TOWER BERSAMA GROUP,JL. RANCANUMPANG RT. 05/07,107.705,-6.96487,4 KAKI,32,-,METER,2018
1060,32,JAWA BARAT,3273,KOTA BANDUNG,3273111,PANYILEUKAN,32.73.28,PANYILEUKAN,PT. TOWER BERSAMA GROUP,JL. SINDANG SARI VI,107.7,-6.92067,4 KAKI,34,-,METER,2018
1061,32,JAWA BARAT,3273,KOTA BANDUNG,3273121,CINAMBO,32.73.29,CINAMBO,PT. TOWER BERSAMA GROUP,JL. GOLEF NO. 19,107.689,-6.92067,4 KAKI,42,-,METER,2018
1062,32,JAWA BARAT,3273,KOTA BANDUNG,3273101,GEDEBAGE,32.73.27,GEDEBAGE,PT. TOWER BERSAMA GROUP,JL. GEDEBAGE SELATAN,107.687,-6.95231,4 KAKI,80,-,METER,2018
1063,32,JAWA BARAT,3273,KOTA BANDUNG,3273130,ARCAMANIK,32.73.24,ARCAMANIK,PT. TOWER BERSAMA GROUP,JL. CICUKANG,107.684,-6.91333,3 KAKI,31,-,METER,2018
1064,32,JAWA BARAT,3273,KOTA BANDUNG,3273130,ARCAMANIK,32.73.24,ARCAMANIK,PT. TOWER BERSAMA GROUP,JL. PERMATA BUMI RAYA,107.682,-6.92041,4 KAKI,52,-,METER,2018
1065,32,JAWA BARAT,3273,KOTA BANDUNG,3273130,ARCAMANIK,32.73.24,ARCAMANIK,PT. TOWER BERSAMA GROUP,JL. PANCA TENGAH 1,107.682,-6.92937,MCP,20,-,METER,2018
1066,32,JAWA BARAT,3273,KOTA BANDUNG,3273130,ARCAMANIK,32.73.24,ARCAMANIK,PT. TOWER BERSAMA GROUP,JL.  CISARANTEN,107.68,-6.93186,4 KAKI,55,-,METER,2018
1067,32,JAWA BARAT,3273,KOTA BANDUNG,3273100,RANCASARI,32.73.23,RANCASARI,PT. TOWER BERSAMA GROUP,KOMP. RIUNG BANDUNG 26 KEMAKMURAN 8 RT. 06/11,107.68,-6.95746,POLE,32,-,METER,2018
1068,32,JAWA BARAT,3273,KOTA BANDUNG,3273130,ARCAMANIK,32.73.24,ARCAMANIK,PT. TOWER BERSAMA GROUP,JL. PERMATA PERMAI,107.677,-6.92327,4 KAKI,32,-,METER,2018
1069,32,JAWA BARAT,3273,KOTA BANDUNG,3273142,MANDALAJATI,32.73.30,MANDALAJATI,PT. TOWER BERSAMA GROUP,JL. RAYA PASIR IMPUN RW. 03,107.676,-6.90055,4 KAKI,53,-,METER,2018
1070,32,JAWA BARAT,3273,KOTA BANDUNG,3273100,RANCASARI,32.73.23,RANCASARI,PT. TOWER BERSAMA GROUP,KP. RANCACAI,107.673,-6.95926,4 KAKI,36,-,METER,2018
1071,32,JAWA BARAT,3273,KOTA BANDUNG,3273090,BUAHBATU,32.73.22,BUAHBATU,PT. TOWER BERSAMA GROUP,JL. RANCASAWO,107.671,-6.95976,4 KAKI,52,-,METER,2018
1072,32,JAWA BARAT,3273,KOTA BANDUNG,3273100,RANCASARI,32.73.23,RANCASARI,PT. TOWER BERSAMA GROUP,JL. MERCURI TIMUR NO. 1,107.67,-6.94463,POLE,30,-,METER,2018
1073,32,JAWA BARAT,3273,KOTA BANDUNG,3273100,RANCASARI,32.73.23,RANCASARI,PT. TOWER BERSAMA GROUP,JL. MERCURI INDAH TIMUR N0 72,107.67,-6.94188,4 KAKI,42,-,METER,2018
1074,32,JAWA BARAT,3273,KOTA BANDUNG,3273130,ARCAMANIK,32.73.24,ARCAMANIK,PT. TOWER BERSAMA GROUP,JL. PARAKAN SAAT NO. 5 RT. )2/11,107.669,-6.93204,3 KAKI,31,-,METER,2018
1075,32,JAWA BARAT,3273,KOTA BANDUNG,3273100,RANCASARI,32.73.23,RANCASARI,PT. TOWER BERSAMA GROUP,JL. MANJAH LEGA RT. 01/01,107.669,-6.95061,3 KAKI,31,-,METER,2018
1076,32,JAWA BARAT,3273,KOTA BANDUNG,3273141,ANTAPANI,32.73.20,ANTAPANI,PT. TOWER BERSAMA GROUP,JL. CIBODAS,107.664,-6.92486,4 KAKI,53,-,METER,2018
1077,32,JAWA BARAT,3273,KOTA BANDUNG,3273141,ANTAPANI,32.73.20,ANTAPANI,PT. TOWER BERSAMA GROUP,JL. SINDANG SARI RT. 03/09 (JL. CIHARU KUKU),107.663,-6.91189,4 KAKI,36,-,METER,2018
1078,32,JAWA BARAT,3273,KOTA BANDUNG,3273100,RANCASARI,32.73.23,RANCASARI,PT. TOWER BERSAMA GROUP,KOMP. PASIR POGOR,107.662,-6.96342,4 KAKI,32,-,METER,2018
1079,32,JAWA BARAT,3273,KOTA BANDUNG,3273142,MANDALAJATI,32.73.30,MANDALAJATI,PT. TOWER BERSAMA GROUP,JL. H. ACENG RT. 07/08,107.661,-6.89502,4 KAKI,40,-,METER,2018
1080,32,JAWA BARAT,3273,KOTA BANDUNG,3273141,ANTAPANI,32.73.20,ANTAPANI,PT. TOWER BERSAMA GROUP,JL. RANDU SARI RAYA,107.661,-6.92627,4 KAKI,46,-,METER,2018
1081,32,JAWA BARAT,3273,KOTA BANDUNG,3273090,BUAHBATU,32.73.22,BUAHBATU,PT. TOWER BERSAMA GROUP,JL. CIJAURA ILIR RT. 15/06,107.66,-6.96045,POLE,9,-,METER,2018
1082,32,JAWA BARAT,3273,KOTA BANDUNG,3273141,ANTAPANI,32.73.20,ANTAPANI,PT. TOWER BERSAMA GROUP,JL. TERUSAN JAKARTA 112,107.655,-6.91275,POLE,6,-,METER,2018
1083,32,JAWA BARAT,3273,KOTA BANDUNG,3273090,BUAHBATU,32.73.22,BUAHBATU,PT. TOWER BERSAMA GROUP,JL. CIJAWURA GIRANG RT. 13/08,107.653,-6.9477,4 KAKI,36,-,METER,2018
1084,32,JAWA BARAT,3273,KOTA BANDUNG,3273150,KIARACONDONG,32.73.16,KIARACONDONG,PT. TOWER BERSAMA GROUP,JL. TERUSAN CITRA DALAM,107.652,-6.91883,POLE,18,-,METER,2018
1085,32,JAWA BARAT,3273,KOTA BANDUNG,3273210,CIBEUNYING KIDUL,32.73.14,CIBEUNYING KIDUL,PT. TOWER BERSAMA GROUP,JL. BABAKAN GEMPOL RT. 04/04,107.651,-6.90012,POLE,30,-,METER,2018
1086,32,JAWA BARAT,3273,KOTA BANDUNG,3273210,CIBEUNYING KIDUL,32.73.14,CIBEUNYING KIDUL,PT. TOWER BERSAMA GROUP,BOJONGKONENG ATAS,107.645,-6.88972,4 KAKI,42,-,METER,2018
1087,32,JAWA BARAT,3273,KOTA BANDUNG,3273210,CIBEUNYING KIDUL,32.73.14,CIBEUNYING KIDUL,PT. TOWER BERSAMA GROUP,JL. JENDRAL AHMAD YANI NO. 635,107.644,-6.90792,POLE,18,-,METER,2018
1088,32,JAWA BARAT,3273,KOTA BANDUNG,3273160,BATUNUNGGAL,32.73.12,BATUNUNGGAL,PT. TOWER BERSAMA GROUP,JL. KIARA CONDONG NO. 350,107.642,-6.93696,4 KAKI,26,-,METER,2018
1089,32,JAWA BARAT,3273,KOTA BANDUNG,3273220,CIBEUNYING KALER,32.73.18,CIBEUNYING KALER,PT. TOWER BERSAMA GROUP,JL. . CIKUTRA BARU IV,107.64,-6.8957,4 KAKI,42,-,METER,2018
1090,32,JAWA BARAT,3273,KOTA BANDUNG,3273090,BUAHBATU,32.73.22,BUAHBATU,PT. TOWER BERSAMA GROUP,JL. TERUSAN CIWASTRA,107.64,-6.95473,3 KAKI,31,-,METER,2018
1091,32,JAWA BARAT,3273,KOTA BANDUNG,3273210,CIBEUNYING KIDUL,32.73.14,CIBEUNYING KIDUL,PT. TOWER BERSAMA GROUP,JL. JENDRAL AHMAD YANI NO. 393,107.638,-6.91126,4 KAKI,26,-,METER,2018
1092,32,JAWA BARAT,3273,KOTA BANDUNG,3273210,CIBEUNYING KIDUL,32.73.14,CIBEUNYING KIDUL,PT. TOWER BERSAMA GROUP,JL. YUDHA WATSU PRAMUKA,107.637,-6.90355,4 KAKI,36,-,METER,2018
1093,32,JAWA BARAT,3273,KOTA BANDUNG,3273080,BANDUNG KIDUL,32.73.21,BANDUNG KIDUL,PT. TOWER BERSAMA GROUP,JL. SEKELIMUS BARAT,107.637,-6.94998,3 KAKI,31,-,METER,2018
1094,32,JAWA BARAT,3273,KOTA BANDUNG,3273160,BATUNUNGGAL,32.73.12,BATUNUNGGAL,PT. TOWER BERSAMA GROUP,JL. SURADHARMA,107.635,-6.95166,POLE,36,-,METER,2018
1095,32,JAWA BARAT,3273,KOTA BANDUNG,3273220,CIBEUNYING KALER,32.73.18,CIBEUNYING KALER,PT. TOWER BERSAMA GROUP,CIGADUNG SETRA 1 NO. 28 RT. 01/10,107.629,-6.88676,4 KAKI,25,-,METER,2018
1096,32,JAWA BARAT,3273,KOTA BANDUNG,3273220,CIBEUNYING KALER,32.73.18,CIBEUNYING KALER,PT. TOWER BERSAMA GROUP,JL. CIGADUNG RAYA TENGAH NO. 50,107.629,-6.8824,4 KAKI,32,-,METER,2018
1097,32,JAWA BARAT,3273,KOTA BANDUNG,3273070,LENGKONG,32.73.13,LENGKONG,PT. TOWER BERSAMA GROUP,JL. PELAJAR PEJUANG NO. 22,107.627,-6.92834,4 KAKI,25,-,METER,2018
1098,32,JAWA BARAT,3273,KOTA BANDUNG,3273070,LENGKONG,32.73.13,LENGKONG,PT. TOWER BERSAMA GROUP,JL. SURYALAYA TIMUR II,107.625,-6.9455,4 KAKI,32,-,METER,2018
1099,32,JAWA BARAT,3273,KOTA BANDUNG,3273070,LENGKONG,32.73.13,LENGKONG,PT. TOWER BERSAMA GROUP,JL. SURYALAYA INDAH (BALAI SARTIKA),107.625,-6.94292,POLE,26,-,METER,2018
1100,32,JAWA BARAT,3273,KOTA BANDUNG,3273220,CIBEUNYING KALER,32.73.18,CIBEUNYING KALER,PT. TOWER BERSAMA GROUP,JL. CIGADUNG RAYA KP. CIPAHEUT KIDUL RT. 03/04,107.623,-6.87401,4 KAKI,42,-,METER,2018
1101,32,JAWA BARAT,3273,KOTA BANDUNG,3273060,REGOL,32.73.11,REGOL,PT. TOWER BERSAMA GROUP,JL. KUTRA RAYA NO. 2,107.622,-6.95604,4 KAKI,52,-,METER,2018
1102,32,JAWA BARAT,3273,KOTA BANDUNG,3273230,COBLONG,32.73.02,COBLONG,PT. TOWER BERSAMA GROUP,JL. IR. H. DJUANDA NO. 4 A/163 E,107.62,-6.86642,4 KAKI,32,-,METER,2018
1103,32,JAWA BARAT,3273,KOTA BANDUNG,3273060,REGOL,32.73.11,REGOL,PT. TOWER BERSAMA GROUP,JL. PASIR SALAM RT. 06/09,107.618,-6.94396,POLE,36,-,METER,2018
1104,32,JAWA BARAT,3273,KOTA BANDUNG,3273230,COBLONG,32.73.02,COBLONG,PT. TOWER BERSAMA GROUP,TERMINAL_DAGO/JL. DAGO POJOK,107.615,-6.86884,4 KAKI,55,-,METER,2018
1105,32,JAWA BARAT,3273,KOTA BANDUNG,3273230,COBLONG,32.73.02,COBLONG,PT. TOWER BERSAMA GROUP,JL. JUANDA NO. 64,107.613,-6.89935,4 KAKI,21,-,METER,2018
1106,32,JAWA BARAT,3273,KOTA BANDUNG,3273070,LENGKONG,32.73.13,LENGKONG,PT. TOWER BERSAMA GROUP,JL. DALEM KAUM NO. 85,107.609,-6.92265,4 KAKI,25,-,METER,2018
1107,32,JAWA BARAT,3273,KOTA BANDUNG,3273080,BANDUNG KIDUL,32.73.21,BANDUNG KIDUL,PT. TOWER BERSAMA GROUP,JL. ARADIRJA,107.609,-6.96095,4 KAKI,55,-,METER,2018
1108,32,JAWA BARAT,3273,KOTA BANDUNG,3273230,COBLONG,32.73.02,COBLONG,PT. TOWER BERSAMA GROUP,JL. CIHAMPELAS NO. 264,107.604,-6.88791,POLE,6,-,METER,2018
1109,32,JAWA BARAT,3273,KOTA BANDUNG,3273180,ANDIR,32.73.05,ANDIR,PT. TOWER BERSAMA GROUP,JL. DULATIF,107.602,-6.91665,POLE,12,-,METER,2018
1110,32,JAWA BARAT,3273,KOTA BANDUNG,3273260,CIDADAP,32.73.08,CIDADAP,PT. TOWER BERSAMA GROUP,JL. DR. SOMAMUDI KM 10 NO. 8B / 9 RT. 03/02,107.602,-6.84656,4 KAKI,52,-,METER,2018
1111,32,JAWA BARAT,3273,KOTA BANDUNG,3273260,CIDADAP,32.73.08,CIDADAP,PT. TOWER BERSAMA GROUP,KP. CIKADU,107.602,-6.85881,4 KAKI,36,-,METER,2018
1112,32,JAWA BARAT,3273,KOTA BANDUNG,3273190,CICENDO,32.73.06,CICENDO,PT. TOWER BERSAMA GROUP,JL. PASIR KALIKI NO. 36-42,107.598,-6.9119,POLE,6,-,METER,2018
1113,32,JAWA BARAT,3273,KOTA BANDUNG,3273260,CIDADAP,32.73.08,CIDADAP,PT. TOWER BERSAMA GROUP,HTLTLGSARI-KPCIKADO,107.598,-6.85513,POLE,12,-,METER,2018
1114,32,JAWA BARAT,3273,KOTA BANDUNG,3273180,ANDIR,32.73.05,ANDIR,PT. TOWER BERSAMA GROUP,JL. GARDU JATI NO. 6 BANDUNG,107.598,-6.91736,POLE,6,-,METER,2018
1115,32,JAWA BARAT,3273,KOTA BANDUNG,3273040,BOJONGLOA KIDUL,32.73.17,BOJONGLOA KIDUL,PT. TOWER BERSAMA GROUP,JL. LEUWI PANJANG NO. 90  RT. 01/06,107.596,-6.94289,4 KAKI,25,-,METER,2018
1116,32,JAWA BARAT,3273,KOTA BANDUNG,3273240,SUKAJADI,32.73.07,SUKAJADI,PT. TOWER BERSAMA GROUP,JL. SUKAGALIH NO. 15 / JL. BUNGUR,107.595,-6.87984,4 KAKI,42,-,METER,2018
1117,32,JAWA BARAT,3273,KOTA BANDUNG,3273040,BOJONGLOA KIDUL,32.73.17,BOJONGLOA KIDUL,PT. TOWER BERSAMA GROUP,JL. GAUNG DAYA BAKTI 3 RT. 10/04,107.595,-6.94664,MCP,12,-,METER,2018
1118,32,JAWA BARAT,3273,KOTA BANDUNG,3273250,SUKASARI,32.73.01,SUKASARI,PT. TOWER BERSAMA GROUP,JL. CIIMUS RT. 07/06,107.59,-6.85718,4 KAKI,42,-,METER,2018
1119,32,JAWA BARAT,3273,KOTA BANDUNG,3273240,SUKAJADI,32.73.07,SUKAJADI,PT. TOWER BERSAMA GROUP,JL. CIPEDES TENGAH 1,107.59,-6.87911,POLE,26,-,METER,2018
1120,32,JAWA BARAT,3273,KOTA BANDUNG,3273030,BOJONGLOA KALER,32.73.04,BOJONGLOA KALER,PT. TOWER BERSAMA GROUP,JL. TITIAN KENCANA,107.589,-6.93355,4 KAKI,26,-,METER,2018
1121,32,JAWA BARAT,3273,KOTA BANDUNG,3273030,BOJONGLOA KALER,32.73.04,BOJONGLOA KALER,PT. TOWER BERSAMA GROUP,JL. KOPO,107.589,-6.93864,4 KAKI,53,-,METER,2018
1122,32,JAWA BARAT,3273,KOTA BANDUNG,3273240,SUKAJADI,32.73.07,SUKAJADI,PT. TOWER BERSAMA GROUP,JL. SETRAWANGI SELATAN,107.585,-6.88483,POLE,12,-,METER,2018
1123,32,JAWA BARAT,3273,KOTA BANDUNG,3273180,ANDIR,32.73.05,ANDIR,PT. TOWER BERSAMA GROUP,JL. RAJAWALI TIMUR NO. 11 RT. 08/06,107.585,-6.91599,POLE,12,-,METER,2018
1124,32,JAWA BARAT,3273,KOTA BANDUNG,3273180,ANDIR,32.73.05,ANDIR,PT. TOWER BERSAMA GROUP,JL. RAJAWALI TIMUR NO. 167 RT. 08/10,107.583,-6.91511,4 KAKI,20,-,METER,2018
1125,32,JAWA BARAT,3273,KOTA BANDUNG,3273020,BABAKAN CIPARAY,32.73.03,BABAKAN CIPARAY,PT. TOWER BERSAMA GROUP,JL. BABAKAN CIPARAY 108,107.583,-6.94171,4 KAKI,42,-,METER,2018
1126,32,JAWA BARAT,3273,KOTA BANDUNG,3273020,BABAKAN CIPARAY,32.73.03,BABAKAN CIPARAY,PT. TOWER BERSAMA GROUP,JL. CARINGIN NO. 113,107.582,-6.94546,POLE,6,-,METER,2018
1127,32,JAWA BARAT,3273,KOTA BANDUNG,3273020,BABAKAN CIPARAY,32.73.03,BABAKAN CIPARAY,PT. TOWER BERSAMA GROUP,KP. BABAKAN JL. CIBUNTU SELATAN RT. 01/10,107.575,-6.93103,4 KAKI,32,-,METER,2018
1128,32,JAWA BARAT,3273,KOTA BANDUNG,3273250,SUKASARI,32.73.01,SUKASARI,PT. TOWER BERSAMA GROUP,JL. SARI MANIS,107.574,-6.87767,POLE,15,-,METER,2018
1129,32,JAWA BARAT,3273,KOTA BANDUNG,3273190,CICENDO,32.73.06,CICENDO,PT. TOWER BERSAMA GROUP,JL. AGUSTA,107.573,-6.89504,4 KAKI,36,-,METER,2018
1130,32,JAWA BARAT,3273,KOTA BANDUNG,3273020,BABAKAN CIPARAY,32.73.03,BABAKAN CIPARAY,PT. TOWER BERSAMA GROUP,JL. H. ABDURROHMAN RT. 05/07,107.573,-6.95341,4 KAKI,26,-,METER,2018
1131,32,JAWA BARAT,3273,KOTA BANDUNG,3273010,BANDUNG KULON,32.73.15,BANDUNG KULON,PT. TOWER BERSAMA GROUP,JL. BOJONG RAYA NO. 48,107.571,-6.92754,4 KAKI,20,-,METER,2018
1132,32,JAWA BARAT,3273,KOTA BANDUNG,3273020,BABAKAN CIPARAY,32.73.03,BABAKAN CIPARAY,PT. TOWER BERSAMA GROUP,JL. TERUSAN HOLIS RT. 01/10,107.568,-6.94522,4 KAKI,32,-,METER,2018
1133,32,JAWA BARAT,3273,KOTA BANDUNG,3273010,BANDUNG KULON,32.73.15,BANDUNG KULON,PT. TOWER BERSAMA GROUP,JL. CIJERAH RT. 04,107.566,-6.92614,4 KAKI,42,-,METER,2018
1134,32,JAWA BARAT,3273,KOTA BANDUNG,3273180,ANDIR,32.73.05,ANDIR,PT. TOWER BERSAMA GROUP,JL. SAPTA MARGA,107.566,-6.90001,4 KAKI,30,-,METER,2018
1135,32,JAWA BARAT,3273,KOTA BANDUNG,3273010,BANDUNG KULON,32.73.15,BANDUNG KULON,PT. TOWER BERSAMA GROUP,JL. CIGONDEWAH RT. 09/06,107.565,-6.94483,4 KAKI,32,-,METER,2018
1136,32,JAWA BARAT,3273,KOTA BANDUNG,3273010,BANDUNG KULON,32.73.15,BANDUNG KULON,PT. TOWER BERSAMA GROUP,JL. TAMAN HOLIS RT. 02/03,107.562,-6.94841,4 KAKI,42,-,METER,2018
1137,32,JAWA BARAT,3273,KOTA BANDUNG,3273190,CICENDO,32.73.06,CICENDO,PT. TOWER BERSAMA GROUP,JL. BUMI SUGIH,107.559,-6.8893,4 KAKI,32,-,METER,2018
1138,32,JAWA BARAT,3273,KOTA BANDUNG,3273010,BANDUNG KULON,32.73.15,BANDUNG KULON,PT. TOWER BERSAMA GROUP,JL. GEMPOLSARI,107.557,-6.92985,4 KAKI,55,-,METER,2018
1139,32,JAWA BARAT,3273,KOTA BANDUNG,3273010,BANDUNG KULON,32.73.15,BANDUNG KULON,PT. SOLUSI TUNAS PRATAMA,KAMPUNG BLOK SAWAH RT. 002 RW. 002,107.5626,-6.93978,4 KAKI,32,-,METER,2018
1140,32,JAWA BARAT,3273,KOTA BANDUNG,3273260,CIDADAP,32.73.08,CIDADAP,PT. SOLUSI TUNAS PRATAMA,WINDY SWALAYAN JL. SETIA BUDI NO. 170 FG RT. 03/RW. 05 BANDUNG 40141,107.595,-6.87242,4 KAKI,25,-,METER,2018
1141,32,JAWA BARAT,3273,KOTA BANDUNG,3273050,ASTANAANYAR,32.73.10,ASTANA ANYAR,PT. SOLUSI TUNAS PRATAMA,JL. M TOHA NO. 191,107.60842,-6.9446,POLE,15,-,METER,2018
1142,32,JAWA BARAT,3273,KOTA BANDUNG,3273050,ASTANAANYAR,32.73.10,ASTANA ANYAR,PT. SOLUSI TUNAS PRATAMA,JL. ASTANA ANYAR NO. 238 RT. 05/02,107.600529,-6.930037,POLE,15,-,METER,2018
1143,32,JAWA BARAT,3273,KOTA BANDUNG,3273250,SUKASARI,32.73.01,SUKASARI,PT. SOLUSI TUNAS PRATAMA,JL. PROF DR IR SUTAMI NO. 81-83 RT. 04 RW. 02,107.58877,-6.87788,POLE,9,-,METER,2018
1144,32,JAWA BARAT,3273,KOTA BANDUNG,3273250,SUKASARI,32.73.01,SUKASARI,PT. SOLUSI TUNAS PRATAMA,JL. GEGERKALONG GIRANG BARU NO. 11,107.59062,-6.86269,POLE,9,-,METER,2018
1145,32,JAWA BARAT,3273,KOTA BANDUNG,3273030,BOJONGLOA KALER,32.73.04,BOJONGLOA KALER,PT. SOLUSI TUNAS PRATAMA,JL. JENDRAL SUDIRMAN 511,107.5869,-6.91904,POLE,15,-,METER,2018
1146,32,JAWA BARAT,3273,KOTA BANDUNG,3273160,BATUNUNGGAL,32.73.12,BATUNUNGGAL,PT. SOLUSI TUNAS PRATAMA,KELURAHAN KEBON GEDANG KEC. BATUNUNGGAL BANDUNG JAWA BARAT,107.64407,-6.92859,POLE,15,-,METER,2018
1147,32,JAWA BARAT,3273,KOTA BANDUNG,3273080,BANDUNG KIDUL,32.73.21,BANDUNG KIDUL,PT. SOLUSI TUNAS PRATAMA,JL. TERUSAN BUAH BATU N0.36 BANDUNG,107.63605,-6.95102,POLE,15,-,METER,2018
1148,32,JAWA BARAT,3273,KOTA BANDUNG,3273160,BATUNUNGGAL,32.73.12,BATUNUNGGAL,PT. SOLUSI TUNAS PRATAMA,JL. IBRAHIM ADJIE NO. 362,107.64203,-6.9379,POLE,9,-,METER,2018
1149,32,JAWA BARAT,3273,KOTA BANDUNG,3273180,ANDIR,32.73.05,ANDIR,PT. SOLUSI TUNAS PRATAMA,JL. JEND. SUDIRMAN NO. 656,107.57555,-6.91718,4 KAKI,25,-,METER,2018
1150,32,JAWA BARAT,3273,KOTA BANDUNG,3273260,CIDADAP,32.73.08,CIDADAP,PT. SOLUSI TUNAS PRATAMA,JL. CIMBULEUT NO. 152 BANDUNG 40142,107.60664,-6.86722,POLE,6,-,METER,2018
1151,32,JAWA BARAT,3273,KOTA BANDUNG,3273160,BATUNUNGGAL,32.73.12,BATUNUNGGAL,PT. SOLUSI TUNAS PRATAMA,JL. LIBRA V NO. 11.,107.63631,-6.93844,POLE,9,-,METER,2018
1152,32,JAWA BARAT,3273,KOTA BANDUNG,3273100,RANCASARI,32.73.23,RANCASARI,PT. SOLUSI TUNAS PRATAMA,JL. RANCALILI NO. 29 RT. 002 RW. 006,107.6774,-6.95385,POLE,40,-,METER,2018
1153,32,JAWA BARAT,3273,KOTA BANDUNG,3273111,PANYILEUKAN,32.73.28,PANYILEUKAN,PT. SOLUSI TUNAS PRATAMA,JL. MEKAR RAYA KAV. 55,107.700302,-6.92989,3 KAKI,45,-,METER,2018
1154,32,JAWA BARAT,3273,KOTA BANDUNG,3273150,KIARACONDONG,32.73.16,KIARACONDONG,PT. SOLUSI TUNAS PRATAMA,JL. . A. YANI NO. 802 - 804 RT. 01 / RW. 05,107.65462,-6.90291,4 KAKI,25,-,METER,2018
1155,32,JAWA BARAT,3273,KOTA BANDUNG,3273190,CICENDO,32.73.06,CICENDO,PT. SOLUSI TUNAS PRATAMA,JL. OTTO ISKANDARDINATA NO. 16,107.60397,-6.9134,POLE,6,-,METER,2018
1156,32,JAWA BARAT,3273,KOTA BANDUNG,3273142,MANDALAJATI,32.73.30,MANDALAJATI,PT. SOLUSI TUNAS PRATAMA,KAMP. MANDE RT. 04/05,107.671494,-6.892378,4 KAKI,42,-,METER,2018
1157,32,JAWA BARAT,3273,KOTA BANDUNG,3273220,CIBEUNYING KALER,32.73.18,CIBEUNYING KALER,PT. SOLUSI TUNAS PRATAMA,JL. PAHLAWAN BELAKANGÂ  NO. 17,107.63358,-6.900051,POLE,15,-,METER,2018
1158,32,JAWA BARAT,3273,KOTA BANDUNG,3273170,SUMUR BANDUNG,32.73.19,SUMUR BANDUNG,PT. SOLUSI TUNAS PRATAMA,JL. SUMATERA 37 - DENINTELDAM,107.61266,-6.91226,4 KAKI,30,-,METER,2018
1159,32,JAWA BARAT,3273,KOTA BANDUNG,3273150,KIARACONDONG,32.73.16,KIARACONDONG,PT. SOLUSI TUNAS PRATAMA,JL. SEKEJATI KOMPLEK DEZINBANG 1 / III,107.645329,-6.939495,3 KAKI,35,-,METER,2018
1160,32,JAWA BARAT,3273,KOTA BANDUNG,3273220,CIBEUNYING KALER,32.73.18,CIBEUNYING KALER,PT. SOLUSI TUNAS PRATAMA,JL. SURAPATI NO. 68 RT. 02 RW. 04 - APOTIK LIA FARMA,107.62831,-6.90015,3 KAKI,20,-,METER,2018
1161,32,JAWA BARAT,3273,KOTA BANDUNG,3273160,BATUNUNGGAL,32.73.12,BATUNUNGGAL,PT. SOLUSI TUNAS PRATAMA,JL. JEND. GATOT SUBROTO NO. 245 RT. 01 RW. 03 - SURYA TJONG  STORE,107.63358,-6.92601,4 KAKI,20,-,METER,2018
1162,32,JAWA BARAT,3273,KOTA BANDUNG,3273070,LENGKONG,32.73.13,LENGKONG,PT. SOLUSI TUNAS PRATAMA,JL. KARAPITAN NO. 20B RT. /RW. 03/04 - RUKO,107.617,-6.92478,POLE,12,-,METER,2018
1163,32,JAWA BARAT,3273,KOTA BANDUNG,3273070,LENGKONG,32.73.13,LENGKONG,PT. SOLUSI TUNAS PRATAMA,JL. MASKUMAMBANG NO. 6D RT. 03 RW. 03,107.6265,-6.93461,3 KAKI,20,-,METER,2018
1164,32,JAWA BARAT,3273,KOTA BANDUNG,3273240,SUKAJADI,32.73.07,SUKAJADI,PT. SOLUSI TUNAS PRATAMA,JL. SURYA SUMANTRI NO. 8 B RT. 05 / 04 - LONDON BEAUTY CENTRE,107.58118,-6.88159,3 KAKI,20,-,METER,2018
1165,32,JAWA BARAT,3273,KOTA BANDUNG,3273080,BANDUNG KIDUL,32.73.21,BANDUNG KIDUL,PT. SOLUSI TUNAS PRATAMA,JL. WAAS II RT. 07 RW. 01,107.62675,-6.95261,3 KAKI,35,-,METER,2018
1166,32,JAWA BARAT,3273,KOTA BANDUNG,3273100,RANCASARI,32.73.23,RANCASARI,PT. SOLUSI TUNAS PRATAMA,JL. BINAASIH UTARA NO. 20 RT. 2 RW. 4,107.674,-6.94391,POLE,4,-,METER,2018
1167,32,JAWA BARAT,3273,KOTA BANDUNG,3273010,BANDUNG KULON,32.73.15,BANDUNG KULON,PT. SOLUSI TUNAS PRATAMA,JL. CIGONDEWAH KIDUL NO. 1 RT. 1 RW. 1,107.56659,-6.940998,POLE,15,-,METER,2018
1168,32,JAWA BARAT,3273,KOTA BANDUNG,3273130,ARCAMANIK,32.73.24,ARCAMANIK,PT. SOLUSI TUNAS PRATAMA,JL. TERUSAN CISARANTEN KULON NO. 05 RT. 08/ RW. 07,107.67709,-6.93692,POLE,6,-,METER,2018
1169,32,JAWA BARAT,3273,KOTA BANDUNG,3273060,REGOL,32.73.11,REGOL,PT. SOLUSI TUNAS PRATAMA,JL. MOH TOHA NO. 71-73,107.60677,-6.93482,4 KAKI,52,-,METER,2018
1170,32,JAWA BARAT,3273,KOTA BANDUNG,3273210,CIBEUNYING KIDUL,32.73.14,CIBEUNYING KIDUL,PT. SOLUSI TUNAS PRATAMA,JL. JEND. AHMAD YANI NO. 524-526 RT. 03 RW. 05,107.64388,-6.90798,POLE,6,-,METER,2018
1171,32,JAWA BARAT,3273,KOTA BANDUNG,3273240,SUKAJADI,32.73.07,SUKAJADI,PT. SOLUSI TUNAS PRATAMA,JL. CIHAMPELAS NO. 186,107.60469,-6.89294,POLE,6,-,METER,2018
1172,32,JAWA BARAT,3273,KOTA BANDUNG,3273230,COBLONG,32.73.02,COBLONG,PT. SOLUSI TUNAS PRATAMA,JL. DIPATI UKUR  NO. 57  RT. 03  RW. 10 KODE POS 40132,107.61645,-6.8905,POLE,20,-,METER,2018
1173,32,JAWA BARAT,3273,KOTA BANDUNG,3273180,ANDIR,32.73.05,ANDIR,PT. SOLUSI TUNAS PRATAMA,JL. KEBONJATI NO. 222,107.59353,-6.91636,POLE,20,-,METER,2018
1174,32,JAWA BARAT,3273,KOTA BANDUNG,3273130,ARCAMANIK,32.73.24,ARCAMANIK,PT. SOLUSI TUNAS PRATAMA,JL. GG. PAWENANG I RT. 02/05 CIPANJALU,107.6877,-6.912,POLE,20,-,METER,2018
1175,32,JAWA BARAT,3273,KOTA BANDUNG,3273130,ARCAMANIK,32.73.24,ARCAMANIK,PT. SOLUSI TUNAS PRATAMA,JL. GOLF III RT. 002/011,107.6891389,-6.91775,POLE,20,-,METER,2018
1176,32,JAWA BARAT,3273,KOTA BANDUNG,3273190,CICENDO,32.73.06,CICENDO,PT. SOLUSI TUNAS PRATAMA,JL. PASIR KALIKI NO. 48 RT. 01/08,107.598195,-6.911616,POLE,20,-,METER,2018
1177,32,JAWA BARAT,3273,KOTA BANDUNG,3273141,ANTAPANI,32.73.20,ANTAPANI,PT. SOLUSI TUNAS PRATAMA,JL. BABAKAN SARI NO. 86/135 RT. 04/RW. 06,107.65988,-6.92658,3 KAKI,32,-,METER,2018
1178,32,JAWA BARAT,3273,KOTA BANDUNG,3273150,KIARACONDONG,32.73.16,KIARACONDONG,PT. SOLUSI TUNAS PRATAMA,JL. MEKARSARI NO. 67 RT. 03 RW. 13,107.654607,-6.92653,3 KAKI,32,-,METER,2018
1179,32,JAWA BARAT,3273,KOTA BANDUNG,3273101,GEDEBAGE,32.73.27,GEDEBAGE,PT. SOLUSI TUNAS PRATAMA,JL. CIMENRANG RT. 02 RW. 06,107.706326,-6.951576,3 KAKI,32,-,METER,2018
1180,32,JAWA BARAT,3273,KOTA BANDUNG,3273240,SUKAJADI,32.73.07,SUKAJADI,PT. SOLUSI TUNAS PRATAMA,JL. SARIJADI NO. 116 BANDUNG,107.59695,-6.89112,3 KAKI,15,-,METER,2018
1181,32,JAWA BARAT,3273,KOTA BANDUNG,3273230,COBLONG,32.73.02,COBLONG,PT. SOLUSI TUNAS PRATAMA,JL. TAMAN HEWAN NO. 33 RW. 08,107.607,-6.89319,POLE,15,-,METER,2018
1182,32,JAWA BARAT,3273,KOTA BANDUNG,3273120,UJUNG BERUNG,32.73.26,UJUNGBERUNG,PT. SOLUSI TUNAS PRATAMA,PALEDANG,107.7110833,-6.909305556,4 KAKI,30,-,METER,2018
1183,32,JAWA BARAT,3273,KOTA BANDUNG,3273050,ASTANAANYAR,32.73.10,ASTANA ANYAR,PT. SOLUSI TUNAS PRATAMA,JL. KOPO NO. 38 A RT. 004 RW. 04,107.5974167,-6.928888889,3 KAKI,20,-,METER,2018
1184,32,JAWA BARAT,3273,KOTA BANDUNG,3273030,BOJONGLOA KALER,32.73.04,BOJONGLOA KALER,PT. SOLUSI TUNAS PRATAMA,JL. PANGARSIH NO. 142 RT. 10 RW. 04,107.5917778,-6.922388889,3 KAKI,20,-,METER,2018
1185,32,JAWA BARAT,3273,KOTA BANDUNG,3273190,CICENDO,32.73.06,CICENDO,PT. SOLUSI TUNAS PRATAMA,JL. KRESNA NO. 32 RT. 003/04,107.5937222,-6.909611111,4 KAKI,15,-,METER,2018
1186,32,JAWA BARAT,3273,KOTA BANDUNG,3273180,ANDIR,32.73.05,ANDIR,PT. SOLUSI TUNAS PRATAMA,JL. CIBEREUM NO. 14 RT. 01 / RW. 01,107.5685278,-6.907916667,3 KAKI,31,-,METER,2018
1187,32,JAWA BARAT,3273,KOTA BANDUNG,3273070,LENGKONG,32.73.13,LENGKONG,PT. SOLUSI TUNAS PRATAMA,JL. TERUSAN HALIMUN NO. 37,107.6266111,-6.926388889,4 KAKI,30,-,METER,2018
1188,32,JAWA BARAT,3273,KOTA BANDUNG,3273170,SUMUR BANDUNG,32.73.19,SUMUR BANDUNG,PT. SOLUSI TUNAS PRATAMA,JL. GATOT SUBROTO NO. 83,107.62375,-6.923305556,POLE,6,-,METER,2018
1189,32,JAWA BARAT,3273,KOTA BANDUNG,3273260,CIDADAP,32.73.08,CIDADAP,PT. SOLUSI TUNAS PRATAMA,JL. RANCABENTANG I NO. 15 C CIUMBULEUIT,107.6074444,-6.874555556,3 KAKI,20,-,METER,2018
1190,32,JAWA BARAT,3273,KOTA BANDUNG,3273040,BOJONGLOA KIDUL,32.73.17,BOJONGLOA KIDUL,PT. SOLUSI TUNAS PRATAMA,JL. RANCAMAYA,107.5956111,-6.9555,3 KAKI,32,-,METER,2018
1191,32,JAWA BARAT,3273,KOTA BANDUNG,3273080,BANDUNG KIDUL,32.73.21,BANDUNG KIDUL,PT. SOLUSI TUNAS PRATAMA,JL. BATUNUNGGAL INDAH IV NO. 35 RT. 07/RW. 03,107.6286389,-6.95622222,POLE,6,-,METER,2018
1192,32,JAWA BARAT,3273,KOTA BANDUNG,3273260,CIDADAP,32.73.08,CIDADAP,PT. SOLUSI TUNAS PRATAMA,JL. HEGARMANAH GG. MARHALI NO. 7 RT. 07/RW. 03,107.6014722,-6.87913889,POLE,6,-,METER,2018
1193,32,JAWA BARAT,3273,KOTA BANDUNG,3273210,CIBEUNYING KIDUL,32.73.14,CIBEUNYING KIDUL,PT. SOLUSI TUNAS PRATAMA,GG. SUKA MULYA RT. 02 RW. 09,107.64175,-6.904222222,3 KAKI,31,-,METER,2018
1194,32,JAWA BARAT,3273,KOTA BANDUNG,3273090,BUAHBATU,32.73.22,BUAHBATU,PT. SOLUSI TUNAS PRATAMA,JL. RANCABOLANG RT. 06 RW. 09,107.6619167,-6.952416667,4 KAKI,30,-,METER,2018
1195,32,JAWA BARAT,3273,KOTA BANDUNG,3273100,RANCASARI,32.73.23,RANCASARI,PT. SOLUSI TUNAS PRATAMA,KP. DARWALI RT. 001 RW. 007,107.68738,-6.96437,4 KAKI,30,-,METER,2018
1196,32,JAWA BARAT,3273,KOTA BANDUNG,3273130,ARCAMANIK,32.73.24,ARCAMANIK,PT. SOLUSI TUNAS PRATAMA,JL. SUMBERSARI NO. 101 RT. 01 RW. 08,107.682,-6.93729,3 KAKI,31,-,METER,2018
1197,32,JAWA BARAT,3273,KOTA BANDUNG,3273130,ARCAMANIK,32.73.24,ARCAMANIK,PT. SOLUSI TUNAS PRATAMA,JL. PARAKANSAAT NO. 147 RT. 002 RW. 013,107.6683056,-6.932444444,3 KAKI,31,-,METER,2018
1198,32,JAWA BARAT,3273,KOTA BANDUNG,3273130,ARCAMANIK,32.73.24,ARCAMANIK,PT. SOLUSI TUNAS PRATAMA,JL. CISARANTEN WETAN RT. 01 RW. 03,107.6872,-6.92458,3 KAKI,31,-,METER,2018
1199,32,JAWA BARAT,3273,KOTA BANDUNG,3273110,CIBIRU,32.73.25,CIBIRU,PT. SOLUSI TUNAS PRATAMA,JL. RAYA CIPADUNG RT. 001/RW. 001,107.71018,-6.92274,3 KAKI,31,-,METER,2018
1200,32,JAWA BARAT,3273,KOTA BANDUNG,3273110,CIBIRU,32.73.25,CIBIRU,PT. SOLUSI TUNAS PRATAMA,JL. CICALENGKRANG 1 KP.CIGAGAK RT. 05 RW. 07,107.72625,-6.907944444,3 KAKI,31,-,METER,2018
1201,32,JAWA BARAT,3273,KOTA BANDUNG,3273110,CIBIRU,32.73.25,CIBIRU,PT. SOLUSI TUNAS PRATAMA,JL. CILENGKARANG I NO. 113 RT. 03 RW. 05,107.7175833,-6.913388889,POLE,15,-,METER,2018
1202,32,JAWA BARAT,3273,KOTA BANDUNG,3273040,BOJONGLOA KIDUL,32.73.17,BOJONGLOA KIDUL,PT. SOLUSI TUNAS PRATAMA,KOMPLEKS PERUMAHAN BABAKAN MUSLIMIN NO. 40 RT. 03/RW. 06,107.6091389,-6.955555556,POLE,6,-,METER,2018
1203,32,JAWA BARAT,3273,KOTA BANDUNG,3273080,BANDUNG KIDUL,32.73.21,BANDUNG KIDUL,PT. SOLUSI TUNAS PRATAMA,JL. TERUSAN LOGAM NO. 5 RT. 04/RW. 05,107.6446667,-6.961277778,POLE,6,-,METER,2018
1204,32,JAWA BARAT,3273,KOTA BANDUNG,3273142,MANDALAJATI,32.73.30,MANDALAJATI,PT. SOLUSI TUNAS PRATAMA,JL. TERUSAN CIKADUT NO. 19 RT. 03/RW. 04,107.6694722,-6.896972222,POLE,9,-,METER,2018
1205,32,JAWA BARAT,3273,KOTA BANDUNG,3273090,BUAHBATU,32.73.22,BUAHBATU,PT. SOLUSI TUNAS PRATAMA,JL. KOMPLEKS PASIR PAGAR BLOK RQ NO. 7 RT. 02/RW. 14,107.6603889,-6.965666667,POLE,9,-,METER,2018
1206,32,JAWA BARAT,3273,KOTA BANDUNG,3273070,LENGKONG,32.73.13,LENGKONG,PT. SOLUSI TUNAS PRATAMA,JL. BUAH BATU NO. 281,107.6332194,-6.94744444,POLE,9,-,METER,2018
1207,32,JAWA BARAT,3273,KOTA BANDUNG,3273020,BABAKAN CIPARAY,32.73.03,BABAKAN CIPARAY,PT. SOLUSI TUNAS PRATAMA,JL. MAKAM CARINGIN NO. 31 RT. 04/RW. 02,107.5835278,-6.947416667,POLE,9,-,METER,2018
1208,32,JAWA BARAT,3273,KOTA BANDUNG,3273250,SUKASARI,32.73.01,SUKASARI,PT. SOLUSI TUNAS PRATAMA,JL. SARIMANAH 1 BLOK 14 NO. 106,107.577389,-6.880444,POLE,6,-,METER,2018
1209,32,JAWA BARAT,3273,KOTA BANDUNG,3273240,SUKAJADI,32.73.07,SUKAJADI,PT. SOLUSI TUNAS PRATAMA,JL. H. YASIN NO. 78 A RT. 02/RW. 03,107.5935833,-6.893,POLE,6,-,METER,2018
1210,32,JAWA BARAT,3273,KOTA BANDUNG,3273250,SUKASARI,32.73.01,SUKASARI,PT. SOLUSI TUNAS PRATAMA,JL. SINDANG SIRNA NO. 14 RT. 08/RW. 06,107.593694,-6.877472,POLE,9,-,METER,2018
1211,32,JAWA BARAT,3273,KOTA BANDUNG,3273240,SUKAJADI,32.73.07,SUKAJADI,PT. SOLUSI TUNAS PRATAMA,JL. BABAKAN JERUK III B NO. 4,107.5853333,-6.890916667,POLE,9,-,METER,2018
1212,32,JAWA BARAT,3273,KOTA BANDUNG,3273020,BABAKAN CIPARAY,32.73.03,BABAKAN CIPARAY,PT. SOLUSI TUNAS PRATAMA,JL. CARINGIN RT. 02 RW. 09,107.5705,-6.940222222,3 KAKI,31,-,METER,2018
1213,32,JAWA BARAT,3273,KOTA BANDUNG,3273150,KIARACONDONG,32.73.16,KIARACONDONG,PT. SOLUSI TUNAS PRATAMA,JL. MANDALA RT. 02 RW. 11,107.6446389,-6.942944444,3 KAKI,31,-,METER,2018
1214,32,JAWA BARAT,3273,KOTA BANDUNG,3273040,BOJONGLOA KIDUL,32.73.17,BOJONGLOA KIDUL,PT. SOLUSI TUNAS PRATAMA,JL. CIBADUYUT LAMA NO. 37 RT. 07 RW. 07,107.5907222,-6.948166667,3 KAKI,31,-,METER,2018
1215,32,JAWA BARAT,3273,KOTA BANDUNG,3273020,BABAKAN CIPARAY,32.73.03,BABAKAN CIPARAY,PT. SOLUSI TUNAS PRATAMA,JL. CARINGIN NO. 180B RT. 001 RW. 05,107.57837,-6.9432,3 KAKI,20,-,METER,2018
1216,32,JAWA BARAT,3273,KOTA BANDUNG,3273120,UJUNG BERUNG,32.73.26,UJUNGBERUNG,PT. SOLUSI TUNAS PRATAMA,KOMPLEK UJUNG BERUNG INDAH KOTA BANDUNG,107.69866,-6.90963,POLE,32,-,METER,2018
1217,32,JAWA BARAT,3273,KOTA BANDUNG,3273100,RANCASARI,32.73.23,RANCASARI,PT. SOLUSI TUNAS PRATAMA,JL. RAYA MARGACINTA NO. 27 RT. 004 RW. 003,107.67474,-6.9635,3 KAKI,32,-,METER,2018
1218,32,JAWA BARAT,3273,KOTA BANDUNG,3273260,CIDADAP,32.73.08,CIDADAP,PT. SOLUSI TUNAS PRATAMA,KP. BENGKOK RT. 09 RW. 01,107.62079,-6.86009,3 KAKI,32,-,METER,2018
1219,32,JAWA BARAT,3273,KOTA BANDUNG,3273121,CINAMBO,32.73.29,CINAMBO,PT. SOLUSI TUNAS PRATAMA,JL. RANCAMEONG NO. 18 RT. 04 .RW. 04,107.687511,-6.938215,3 KAKI,32,-,METER,2018
1220,32,JAWA BARAT,3273,KOTA BANDUNG,3273230,COBLONG,32.73.02,COBLONG,PT. SOLUSI TUNAS PRATAMA,JL. DIPATI UKUR DEPAN TRAVEL D'TRANS NO. 107,107.614367,-6.885483,POLE,18,-,METER,2018
1221,32,JAWA BARAT,3273,KOTA BANDUNG,3273111,PANYILEUKAN,32.73.28,PANYILEUKAN,PT. SOLUSI TUNAS PRATAMA,JL. A.H. NASUTION NO. 236,107.708543,-6.921654,4 KAKI,43,-,METER,2018
1222,32,JAWA BARAT,3273,KOTA BANDUNG,3273160,BATUNUNGGAL,32.73.12,BATUNUNGGAL,PT. SOLUSI TUNAS PRATAMA,JL. SUKARNO HATTA NO. 450,107.62291,-6.95121,4 KAKI,60,-,METER,2018
1223,32,JAWA BARAT,3273,KOTA BANDUNG,3273260,CIDADAP,32.73.08,CIDADAP,PT. SOLUSI TUNAS PRATAMA,UNIV. KRISTEN MARANATHA PROF. DRG. SURIA SUMANTRI MPH - NO. 65,107.580927,-6.88611,POLE,3,-,METER,2018
1224,32,JAWA BARAT,3273,KOTA BANDUNG,3273010,BANDUNG KULON,32.73.15,BANDUNG KULON,PT. SOLUSI TUNAS PRATAMA,JL. SOEKARNO HATTA NO. 47,107.6993,-6.93426,4 KAKI,43,-,METER,2018
1225,32,JAWA BARAT,3273,KOTA BANDUNG,3273210,CIBEUNYING KIDUL,32.73.14,CIBEUNYING KIDUL,PT. SOLUSI TUNAS PRATAMA,JL. RAYA A YANI NO. 630,107.64755,-6.906635,4 KAKI,20,-,METER,2018
1226,32,JAWA BARAT,3273,KOTA BANDUNG,3273060,REGOL,32.73.11,REGOL,PT. SOLUSI TUNAS PRATAMA,JL. MENGGER GIRANG I NO. 39 RT. 13 RW. 08,107.61603,-6.95194,POLE,9,-,METER,2018
1227,32,JAWA BARAT,3273,KOTA BANDUNG,3273250,SUKASARI,32.73.01,SUKASARI,PT. SOLUSI TUNAS PRATAMA,JL. CEPEDES ATAS NO. 46A RT. 04 RW. 07,107.59088,-6.87469,POLE,20,-,METER,2018
1228,32,JAWA BARAT,3273,KOTA BANDUNG,3273180,ANDIR,32.73.05,ANDIR,PT. SOLUSI TUNAS PRATAMA,JL. HALTE SELATAN RT. 07 RW. 03,107.57837,-6.9151,POLE,20,-,METER,2018
1229,32,JAWA BARAT,3273,KOTA BANDUNG,3273060,REGOL,32.73.11,REGOL,PT. SOLUSI TUNAS PRATAMA,KOMPLEK PLN NO. 102/103 RT. 01 RW. 05,107.61276,-6.95092,POLE,12,-,METER,2018
1230,32,JAWA BARAT,3273,KOTA BANDUNG,3273180,ANDIR,32.73.05,ANDIR,PT. SOLUSI TUNAS PRATAMA,JL. MALEBER BARAT NO. 52 RT. 004 RW. 003,107.57122,-6.90765,POLE,12,-,METER,2018
1231,32,JAWA BARAT,3273,KOTA BANDUNG,3273160,BATUNUNGGAL,32.73.12,BATUNUNGGAL,PT. SOLUSI TUNAS PRATAMA,JL. SOEKARNO HATTA GANG. H.KURDI RT. 02/10,107.63921,-6.944559,POLE,20,-,METER,2018
1232,32,JAWA BARAT,3273,KOTA BANDUNG,3273080,BANDUNG KIDUL,32.73.21,BANDUNG KIDUL,PT. TELKOMSEL,JL. SOEKARNO HATTA,107.62381,-6.949833,4 KAKI,15,-,METER,2018
1233,32,JAWA BARAT,3273,KOTA BANDUNG,3273090,BUAHBATU,32.73.22,BUAHBATU,PT. TELKOMSEL,JL. SOEKARNO HATTA NO. 702,107.661227,-6.938452,4 KAKI,0,-,METER,2018
1234,32,JAWA BARAT,3273,KOTA BANDUNG,3273060,REGOL,32.73.11,REGOL,PT. TELKOMSEL,JL. BKR NO. 90,107.616689,-6.937812,3 KAKI,15,-,METER,2018
1235,32,JAWA BARAT,3273,KOTA BANDUNG,3273190,CICENDO,32.73.06,CICENDO,PT. TELKOMSEL,JL. JATAYU,107.585943,-6.910218,3 KAKI,20,-,METER,2018
1236,32,JAWA BARAT,3273,KOTA BANDUNG,3273220,CIBEUNYING KALER,32.73.18,CIBEUNYING KALER,PT. TELKOMSEL,JL. GAGAK,107.627999,-6.895626,KAMUFLASE POHON,30,-,METER,2018
1237,32,JAWA BARAT,3273,KOTA BANDUNG,3273230,COBLONG,32.73.02,COBLONG,PT. TELKOMSEL,JL. TITIRAN NO. 18 RT. 04/07,107.619944,-6.895784,3 KAKI,15,-,METER,2018
1238,32,JAWA BARAT,3273,KOTA BANDUNG,3273101,GEDEBAGE,32.73.27,GEDEBAGE,PT. TELKOMSEL,JL. BABAKAN RIUNG BANDUNG,107.682245,-6.939642,4 KAKI,62,-,METER,2018
1239,32,JAWA BARAT,3273,KOTA BANDUNG,3273090,BUAHBATU,32.73.22,BUAHBATU,PT. TELKOMSEL,JL. MARGAASIH NO. 3B,107.653295,-6.958473,4 KAKI,52,-,METER,2018
1240,32,JAWA BARAT,3273,KOTA BANDUNG,3273090,BUAHBATU,32.73.22,BUAHBATU,PT. TELKOMSEL,JL. KIARASARI 1,107.644093,-6.94899,4 KAKI,36,-,METER,2018
1241,32,JAWA BARAT,3273,KOTA BANDUNG,3273090,BUAHBATU,32.73.22,BUAHBATU,PT. TELKOMSEL,JL. KOMPLEK KPAD PINDAD TIMUR,107.654966,-6.939251,4 KAKI,42,-,METER,2018
1242,32,JAWA BARAT,3273,KOTA BANDUNG,3273090,BUAHBATU,32.73.22,BUAHBATU,PT. TELKOMSEL,JL. RANCABOLANG MARGAHAYU RAYA,107.661372,-6.952211,4 KAKI,52,-,METER,2018
1243,32,JAWA BARAT,3273,KOTA BANDUNG,3273120,UJUNG BERUNG,32.73.26,UJUNGBERUNG,PT. TELKOMSEL,KP. CIWARU,107.71767,-6.899573,3 KAKI,42,-,METER,2018
1244,32,JAWA BARAT,3273,KOTA BANDUNG,3273110,CIBIRU,32.73.25,CIBIRU,PT. TELKOMSEL,JL. RAYA CIBIRU,107.722183,-6.932906,4 KAKI,52,-,METER,2018
1245,32,JAWA BARAT,3273,KOTA BANDUNG,3273130,ARCAMANIK,32.73.24,ARCAMANIK,PT. TELKOMSEL,JL. CINGISED,107.67705,-6.929015,4 KAKI,42,-,METER,2018
1246,32,JAWA BARAT,3273,KOTA BANDUNG,3273130,ARCAMANIK,32.73.24,ARCAMANIK,PT. TELKOMSEL,JL. GADING UTAMA,107.671138,-6.937548,3 KAKI,15,-,METER,2018
1247,32,JAWA BARAT,3273,KOTA BANDUNG,3273121,CINAMBO,32.73.29,CINAMBO,PT. TELKOMSEL,JL. CINAMBO RT. 01/05,107.691353,-6.924745,4 KAKI,60,-,METER,2018
1248,32,JAWA BARAT,3273,KOTA BANDUNG,3273130,ARCAMANIK,32.73.24,ARCAMANIK,PT. TELKOMSEL,JL. TERUSAN PASANTREN,107.678677,-6.910683,4 KAKI,12,-,METER,2018
1249,32,JAWA BARAT,3273,KOTA BANDUNG,3273130,ARCAMANIK,32.73.24,ARCAMANIK,PT. TELKOMSEL,JL. ATLENTIK 2,107.672696,-6.919231,MONOPOLE,20,-,METER,2018
1250,32,JAWA BARAT,3273,KOTA BANDUNG,3273070,LENGKONG,32.73.13,LENGKONG,PT. TELKOMSEL,JL. BUAHBATU NO. 26,107.617209,-6.931348,3 KAKI,20,-,METER,2018
1251,32,JAWA BARAT,3273,KOTA BANDUNG,3273160,BATUNUNGGAL,32.73.12,BATUNUNGGAL,PT. TELKOMSEL,JL. GATOT SUBROTO NO. 133,107.627008,-6.924539,4 KAKI,29,-,METER,2018
1252,32,JAWA BARAT,3273,KOTA BANDUNG,3273142,MANDALAJATI,32.73.30,MANDALAJATI,PT. TELKOMSEL,JL. RAYA PASIR IMPUN,107.676168,-6.898767,4 KAKI,42,-,METER,2018
1253,32,JAWA BARAT,3273,KOTA BANDUNG,3273141,ANTAPANI,32.73.20,ANTAPANI,PT. TELKOMSEL,JL. CIBODAS RAYA,107.665087,-6.926198,4 KAKI,52,-,METER,2018
1254,32,JAWA BARAT,3273,KOTA BANDUNG,3273141,ANTAPANI,32.73.20,ANTAPANI,PT. TELKOMSEL,JL. CIKAMPEK RAYA,107.657434,-6.916226,4 KAKI,42,-,METER,2018
1255,32,JAWA BARAT,3273,KOTA BANDUNG,3273150,KIARACONDONG,32.73.16,KIARACONDONG,PT. TELKOMSEL,JL. TERUSAN PSM RT. 06/06,107.652278,-6.930385,4 KAKI,42,-,METER,2018
1256,32,JAWA BARAT,3273,KOTA BANDUNG,3273150,KIARACONDONG,32.73.16,KIARACONDONG,PT. TELKOMSEL,JL. KIARA CONDONG,107.644968,-6.921815,4 KAKI,20,-,METER,2018
1257,32,JAWA BARAT,3273,KOTA BANDUNG,3273150,KIARACONDONG,32.73.16,KIARACONDONG,PT. TELKOMSEL,JL. KIARA CONDONG NO. 277,107.64429,-6.929052,3 KAKI,20,-,METER,2018
1258,32,JAWA BARAT,3273,KOTA BANDUNG,3273210,CIBEUNYING KIDUL,32.73.14,CIBEUNYING KIDUL,PT. TELKOMSEL,JL. JENDRAL AHMAD YANI NO. 971,107.657469,-6.902067,3 KAKI,20,-,METER,2018
1259,32,JAWA BARAT,3273,KOTA BANDUNG,3273210,CIBEUNYING KIDUL,32.73.14,CIBEUNYING KIDUL,PT. TELKOMSEL,JL. JENDRAL AHMAD YANI,107.639463,-6.910643,3 KAKI,20,-,METER,2018
1260,32,JAWA BARAT,3273,KOTA BANDUNG,3273070,LENGKONG,32.73.13,LENGKONG,PT. TELKOMSEL,JL. LENGKONG BESAR,107.612868,-6.92876,POLE ROOFTOP,6,-,METER,2018
1261,32,JAWA BARAT,3273,KOTA BANDUNG,3273010,BANDUNG KULON,32.73.15,BANDUNG KULON,PT. TELKOMSEL,JL. TERUSAN SURYANI CIBUNTU TIMUR NO. 4 RT. 6,107.580133,-6.923406,4 KAKI,32,-,METER,2018
1262,32,JAWA BARAT,3273,KOTA BANDUNG,3273010,BANDUNG KULON,32.73.15,BANDUNG KULON,PT. TELKOMSEL,JL. H. ALFI RT. 03/01,107.573243,-6.919558,MONOPOLE,25,-,METER,2018
1263,32,JAWA BARAT,3273,KOTA BANDUNG,3273010,BANDUNG KULON,32.73.15,BANDUNG KULON,PT. TELKOMSEL,JL. MEKAR INDAH NO. 1 RT. 08/08,107.565003,-6.923369,MONOPOLE,32,-,METER,2018
1264,32,JAWA BARAT,3273,KOTA BANDUNG,3273180,ANDIR,32.73.05,ANDIR,PT. TELKOMSEL,JL. CIBADAK NO. 336,107.592893,-6.919689,3 KAKI,9,-,METER,2018
1265,32,JAWA BARAT,3273,KOTA BANDUNG,3273180,ANDIR,32.73.05,ANDIR,PT. TELKOMSEL,JL. JENDRAL SUDIRMAN,107.586235,-6.91879,POLE ROOFTOP,9,-,METER,2018
1266,32,JAWA BARAT,3273,KOTA BANDUNG,3273020,BABAKAN CIPARAY,32.73.03,BABAKAN CIPARAY,PT. TELKOMSEL,JL. MARGAGJAYA III,107.576116,-6.949438,4 KAKI,52,-,METER,2018
1267,32,JAWA BARAT,3273,KOTA BANDUNG,3273020,BABAKAN CIPARAY,32.73.03,BABAKAN CIPARAY,PT. TELKOMSEL,JL. KOPO MAS REGENCY 9D,107.579849,-6.959115,POLE ROOFTOP,15,-,METER,2018
1268,32,JAWA BARAT,3273,KOTA BANDUNG,3273020,BABAKAN CIPARAY,32.73.03,BABAKAN CIPARAY,PT. TELKOMSEL,JL. KOPO NO. 469 RT. 02/01,107.585402,-6.952469,3 KAKI,20,-,METER,2018
1269,32,JAWA BARAT,3273,KOTA BANDUNG,3273020,BABAKAN CIPARAY,32.73.03,BABAKAN CIPARAY,PT. TELKOMSEL,JL. SOEKARNO HATTA NO. 150 - KOMP. TAMAN SURYA INDAH,107.581071,-6.938319,3 KAKI,20,-,METER,2018
1270,32,JAWA BARAT,3273,KOTA BANDUNG,3273060,REGOL,32.73.11,REGOL,PT. TELKOMSEL,JL. CIBURUY RT. 06/06,107.613891,-6.956419,MONOPOLE,36,-,METER,2018
1271,32,JAWA BARAT,3273,KOTA BANDUNG,3273020,BABAKAN CIPARAY,32.73.03,BABAKAN CIPARAY,PT. TELKOMSEL,JL. TAMAN LILI GARDANIA,107.580812,-6.929174,4 KAKI,62,-,METER,2018
1272,32,JAWA BARAT,3273,KOTA BANDUNG,3273080,BANDUNG KIDUL,32.73.21,BANDUNG KIDUL,PT. TELKOMSEL,JL. SUKAMANAH NO. 102 RT. 03/02,107.622509,-6.956775,4 KAKI,36,-,METER,2018
1273,32,JAWA BARAT,3273,KOTA BANDUNG,3273040,BOJONGLOA KIDUL,32.73.17,BOJONGLOA KIDUL,PT. TELKOMSEL,JL. CIBADUYUT RAYA NO. 142,107.592709,-6.955679,3 KAKI,12,-,METER,2018
1274,32,JAWA BARAT,3273,KOTA BANDUNG,3273050,ASTANAANYAR,32.73.10,ASTANA ANYAR,PT. TELKOMSEL,JL. ASTANA ANYAR NO.,107.59933,-6.925128,3 KAKI,20,-,METER,2018
1275,32,JAWA BARAT,3273,KOTA BANDUNG,3273060,REGOL,32.73.11,REGOL,PT. TELKOMSEL,JL. PUNGKUR,107.607002,-6.927542,4 KAKI,20,-,METER,2018
1276,32,JAWA BARAT,3273,KOTA BANDUNG,3273070,LENGKONG,32.73.13,LENGKONG,PT. TELKOMSEL,JL. GATOT SUBROTO NO. 9,107.618404,-6.922514,3 KAKI,15,-,METER,2018
1277,32,JAWA BARAT,3273,KOTA BANDUNG,3273240,SUKAJADI,32.73.07,SUKAJADI,PT. TELKOMSEL,JL. SUKAJADI NO. 152 C,107.597338,-6.88837,3 KAKI,20,-,METER,2018
1278,32,JAWA BARAT,3273,KOTA BANDUNG,3273240,SUKAJADI,32.73.07,SUKAJADI,PT. TELKOMSEL,JL. BABAKAN CARINGIN,107.587598,-6.888278,4 KAKI,42,-,METER,2018
1279,32,JAWA BARAT,3273,KOTA BANDUNG,3273230,COBLONG,32.73.02,COBLONG,PT. TELKOMSEL,JL. DR. SELAMET NO. 17,107.602946,-6.898251,3 KAKI,13,-,METER,2018
1280,32,JAWA BARAT,3273,KOTA BANDUNG,3273260,CIDADAP,32.73.08,CIDADAP,PT. TELKOMSEL,JL. SETIA BUDI NO. 268A,107.595548,-6.86158,MONOPOLE,30,-,METER,2018
1281,32,JAWA BARAT,3273,KOTA BANDUNG,3273260,CIDADAP,32.73.08,CIDADAP,PT. TELKOMSEL,JL. SETIA BUDI,107.596029,-6.87358,MONOPOLE,36,-,METER,2018
1282,32,JAWA BARAT,3273,KOTA BANDUNG,3273230,COBLONG,32.73.02,COBLONG,PT. TELKOMSEL,JL. CIHAMPELAS NO. 182,107.604202,-6.893611,3 KAKI,20,-,METER,2018
1283,32,JAWA BARAT,3273,KOTA BANDUNG,3273230,COBLONG,32.73.02,COBLONG,PT. TELKOMSEL,JL. CISITU LAMA RT. 07/12,107.611182,-6.878284,3 KAKI,43,-,METER,2018
1284,32,JAWA BARAT,3273,KOTA BANDUNG,3273210,CIBEUNYING KIDUL,32.73.14,CIBEUNYING KIDUL,PT. TELKOMSEL,JL. CIGADUNG RAYA BARU,107.623974,-6.86769,4 KAKI,42,-,METER,2018
1285,32,JAWA BARAT,3273,KOTA BANDUNG,3273220,CIBEUNYING KALER,32.73.18,CIBEUNYING KALER,PT. TELKOMSEL,JL. TUBAGUS ISMAIL VII NO. 60,107.62171,-6.880003,4 KAKI,55,-,METER,2018
1286,32,JAWA BARAT,3273,KOTA BANDUNG,3273230,COBLONG,32.73.02,COBLONG,PT. TELKOMSEL,JL. TAMAN SARI 21 C,107.608869,-6.900497,4 KAKI,15,-,METER,2018
1287,32,JAWA BARAT,3273,KOTA BANDUNG,3273230,COBLONG,32.73.02,COBLONG,PT. TELKOMSEL,JL. IR.H. JUANDA,107.61582,-6.882751,4 KAKI,60,-,METER,2018
1288,32,JAWA BARAT,3273,KOTA BANDUNG,3273230,COBLONG,32.73.02,COBLONG,PT. TELKOMSEL,JL. SEKELOA RT. 05/03,107.619369,-6.890116,4 KAKI,32,-,METER,2018
1289,32,JAWA BARAT,3273,KOTA BANDUNG,3273170,SUMUR BANDUNG,32.73.19,SUMUR BANDUNG,PT. TELKOMSEL,JL. SRIGADING NO. 8,107.623614,-6.915185,MONOPOLE,30,-,METER,2018
1290,32,JAWA BARAT,3273,KOTA BANDUNG,3273200,BANDUNG WETAN,32.73.09,BANDUNG WETAN,PT. TELKOMSEL,JL. RIAU-MARTADINATA NO. 56,107.619911,-6.90634,3 KAKI,15,-,METER,2018
1291,32,JAWA BARAT,3273,KOTA BANDUNG,3273170,SUMUR BANDUNG,32.73.19,SUMUR BANDUNG,PT. TELKOMSEL,JL. KALIMANTAN NO. 8,107.615165,-6.912591,MICROCELL POLE,20,-,METER,2018
1292,32,JAWA BARAT,3273,KOTA BANDUNG,3273170,SUMUR BANDUNG,32.73.19,SUMUR BANDUNG,PT. TELKOMSEL,JL. R.E. MARTADINATA NO. 15,107.611997,-6.906407,3 KAKI,15,-,METER,2018
1293,32,JAWA BARAT,3273,KOTA BANDUNG,3273010,BANDUNG KULON,32.73.15,BANDUNG KULON,PT. TELKOMSEL,JL. CIGONDEWAH KIDUL NO. 12 RT. 04/04,107.566441,-6.940984,MONOPOLE,42,-,METER,2018
1294,32,JAWA BARAT,3273,KOTA BANDUNG,3273030,BOJONGLOA KALER,32.73.04,BOJONGLOA KALER,PT. TELKOMSEL,JL. SOEKARNO HATTA NO. 70 I,107.590198,-6.946097,4 KAKI,20,-,METER,2018
1295,32,JAWA BARAT,3273,KOTA BANDUNG,3273060,REGOL,32.73.11,REGOL,PT. TELKOMSEL,JL. MOCH. TOHA,107.606251,-6.938738,3 KAKI,9,-,METER,2018
1296,32,JAWA BARAT,3273,KOTA BANDUNG,3273040,BOJONGLOA KIDUL,32.73.17,BOJONGLOA KIDUL,PT. TELKOMSEL,JL. PETA NO. 123,107.595281,-6.937215,3 KAKI,20,-,METER,2018
1297,32,JAWA BARAT,3273,KOTA BANDUNG,3273110,CIBIRU,32.73.25,CIBIRU,PT. TELKOMSEL,JL. CILENGKRANG 2 KP. GANDOL RT. 05/05,107.720919,-6.915996,4 KAKI,42,-,METER,2018
1298,32,JAWA BARAT,3273,KOTA BANDUNG,3273160,BATUNUNGGAL,32.73.12,BATUNUNGGAL,PT. TELKOMSEL,JL. JENDRAL GATOT SUBROTO,107.637204,-6.925313,POLE ROOFTOP,10,-,METER,2018
1299,32,JAWA BARAT,3273,KOTA BANDUNG,3273100,RANCASARI,32.73.23,RANCASARI,PT. TELKOMSEL,JL. TERUSAN SALUYU,107.67829,-6.950355,MONOPOLE,25,-,METER,2018
1300,32,JAWA BARAT,3273,KOTA BANDUNG,3273250,SUKASARI,32.73.01,SUKASARI,PT. TELKOMSEL,JL. SARI MANIS RT. 01/08,107.574515,-6.878582,4 KAKI,50,-,METER,2018
1301,32,JAWA BARAT,3273,KOTA BANDUNG,3273250,SUKASARI,32.73.01,SUKASARI,PT. TELKOMSEL,JL. SARI ENDAH NO. 16,107.581856,-6.870407,4 KAKI,42,-,METER,2018
1302,32,JAWA BARAT,3273,KOTA BANDUNG,3273250,SUKASARI,32.73.01,SUKASARI,PT. TELKOMSEL,JL. GEGER KALONG GIRANG RT. 04/01,107.584225,-6.862472,MONOPOLE,36,-,METER,2018
1303,32,JAWA BARAT,3273,KOTA BANDUNG,3273190,CICENDO,32.73.06,CICENDO,PT. TELKOMSEL,JL. GUNUNG BATU / PADAASIH,107.562899,-6.890851,POLE ROOFTOP,12,-,METER,2018
1304,32,JAWA BARAT,3273,KOTA BANDUNG,3273190,CICENDO,32.73.06,CICENDO,PT. TELKOMSEL,JL. SUKAWARA,107.58496,-6.894137,4 KAKI,36,-,METER,2018
1305,32,JAWA BARAT,3273,KOTA BANDUNG,3273190,CICENDO,32.73.06,CICENDO,PT. TELKOMSEL,JL. LETTU SUBAGIO NO.,107.58216,-6.906072,4 KAKI,30,-,METER,2018
1306,32,JAWA BARAT,3273,KOTA BANDUNG,3273180,ANDIR,32.73.05,ANDIR,PT. TELKOMSEL,JL. RAJAWALI,107.575638,-6.913096,4 KAKI,52,-,METER,2018
1307,32,JAWA BARAT,3273,KOTA BANDUNG,3273010,BANDUNG KULON,32.73.15,BANDUNG KULON,PT. TELKOMSEL,JL. HOLIS RUKO 203,107.571503,-6.934268,4 KAKI,20,-,METER,2018
1308,32,JAWA BARAT,3273,KOTA BANDUNG,3273190,CICENDO,32.73.06,CICENDO,PT. TELKOMSEL,JL. DR. JUNJUNAN,107.59664,-6.900463,3 KAKI,20,-,METER,2018
1309,32,JAWA BARAT,3273,KOTA BANDUNG,3273240,SUKAJADI,32.73.07,SUKAJADI,PT. TELKOMSEL,JL. SUKAJADI NO. 31,107.597439,-6.895226,3 KAKI,20,-,METER,2018
1310,32,JAWA BARAT,3273,KOTA BANDUNG,3273260,CIDADAP,32.73.08,CIDADAP,PT. TELKOMSEL,JL. CIUMBULEUIT ( RSAU DR. SALAMUN),107.604255,-6.865207,4 KAKI,30,-,METER,2018
1311,32,JAWA BARAT,3273,KOTA BANDUNG,3273260,CIDADAP,32.73.08,CIDADAP,PT. TELKOMSEL,JL. RANCA HANTANG 1 NO. 156 RT. 01/06,107.607504,-6.874556,3 KAKI,15,-,METER,2018
1312,32,JAWA BARAT,3273,KOTA BANDUNG,3273190,CICENDO,32.73.06,CICENDO,PT. TELKOMSEL,JL. DR ABDUL RIVAI,107.6039759,-6.9044497,3 KAKI,9,ROOFTOP TOWER,METER,2018
1313,32,JAWA BARAT,3273,KOTA BANDUNG,3273220,CIBEUNYING KALER,32.73.18,CIBEUNYING KALER,PT. TELKOMSEL,JL. SUPRATMAN,107.629424,-6.905577,3 KAKI,12,-,METER,2018
1314,32,JAWA BARAT,3273,KOTA BANDUNG,3273070,LENGKONG,32.73.13,LENGKONG,PT. TELKOMSEL,JL. MASKUMAMBANG,107.62591,-6.934065,4 KAKI,40,-,METER,2018
1315,32,JAWA BARAT,3273,KOTA BANDUNG,3273060,REGOL,32.73.11,REGOL,PT. TELKOMSEL,JL. PASIRJAYA VI NO. 2,107.6213,-6.9408,3 KAKI,20,ROOFTOP TOWER,METER,2018
1316,32,JAWA BARAT,3273,KOTA BANDUNG,3273070,LENGKONG,32.73.13,LENGKONG,PT. TELKOMSEL,JL. RAJAMANTRI KULON,107.630787,-6.942447,4 KAKI,32,-,METER,2018
1317,32,JAWA BARAT,3273,KOTA BANDUNG,3273040,BOJONGLOA KIDUL,32.73.17,BOJONGLOA KIDUL,PT. TELKOMSEL,JL. MEKAR MOLEK NO. 21,107.603461,-6.956559,4 KAKI,32,-,METER,2018
1318,32,JAWA BARAT,3273,KOTA BANDUNG,3273210,CIBEUNYING KIDUL,32.73.14,CIBEUNYING KIDUL,PT. TELKOMSEL,JL. PURI ASRI RT. 09/11,107.645694,-6.896857,4 KAKI,42,-,METER,2018
1319,32,JAWA BARAT,3273,KOTA BANDUNG,3273111,PANYILEUKAN,32.73.28,PANYILEUKAN,PT. TELKOMSEL,JL. MEKARMULYA,107.703341,-6.935729,4 KAKI,42,-,METER,2018
1320,32,JAWA BARAT,3273,KOTA BANDUNG,3273111,PANYILEUKAN,32.73.28,PANYILEUKAN,PT. TELKOMSEL,BUMI PANYILEUKAN,107.714625,-6.94599,MONOPOLE,32,-,METER,2018
1321,32,JAWA BARAT,3273,KOTA BANDUNG,3273200,BANDUNG WETAN,32.73.09,BANDUNG WETAN,PT. TELKOMSEL,JL. TRUNO. JONO. NO. 60,107.615667,-6.901921,3 KAKI,15,-,METER,2018
1322,32,JAWA BARAT,3273,KOTA BANDUNG,3273141,ANTAPANI,32.73.20,ANTAPANI,PT. TELKOMSEL,JL. SUKANAGARA,107.66,-6.9214,POLE ROOFTOP,15,ROOFTOP TOWER,METER,2018
1323,32,JAWA BARAT,3273,KOTA BANDUNG,3273080,BANDUNG KIDUL,32.73.21,BANDUNG KIDUL,PT. TELKOMSEL,JL. CIPAGALO RW. 03,107.63429,-6.961458,4 KAKI,42,-,METER,2018
1324,32,JAWA BARAT,3273,KOTA BANDUNG,3273110,CIBIRU,32.73.25,CIBIRU,PT. TELKOMSEL,MEKARJATI RT. 002 RW. 005,107.723805,-6.929838,POLE,6,-,METER,2018
1325,32,JAWA BARAT,3273,KOTA BANDUNG,3273220,CIBEUNYING KALER,32.73.18,CIBEUNYING KALER,PT. TELKOMSEL,JL. CIGADUNG SELATAN NO. 21 RT. 03 RW. 08,107.62709,-6.88473,POLE,6,-,METER,2018
1326,32,JAWA BARAT,3273,KOTA BANDUNG,3273010,BANDUNG KULON,32.73.15,BANDUNG KULON,PT. TELKOMSEL,JL. MELONG ASIH,107.56551,-6.91954,POLE,6,-,METER,2018
1327,32,JAWA BARAT,3273,KOTA BANDUNG,3273260,CIDADAP,32.73.08,CIDADAP,PT. TELKOMSEL,JL. CIPAKU INDAH VIII RT. 005 RW. 002,107.598737,-6.861712,POLE,6,-,METER,2018
1328,32,JAWA BARAT,3273,KOTA BANDUNG,3273050,ASTANAANYAR,32.73.10,ASTANA ANYAR,PT. TELKOMSEL,JL. OTISTA NO. 520 BANDUNG,107.60306,-6.93197,POLE,6,-,METER,2018
1329,32,JAWA BARAT,3273,KOTA BANDUNG,3273200,BANDUNG WETAN,32.73.09,BANDUNG WETAN,PT. TELKOMSEL,JL. IR. H. JUANDA NO. 48 RT. 02 RW. 04  - GEDUNG DAGO OFFICE SQUARE,107.612,-6.90125,POLE,6,-,METER,2018
1330,32,JAWA BARAT,3273,KOTA BANDUNG,3273250,SUKASARI,32.73.01,SUKASARI,PT. TELKOMSEL,JL. GEGERKALOONG HILIR NO. 119 - HOTEL PILATUS,107.58552,-6.86863,POLE,6,-,METER,2018
1331,32,JAWA BARAT,3273,KOTA BANDUNG,3273060,REGOL,32.73.11,REGOL,PT. TELKOMSEL,JL. DEWI SARTIKA NO. 27 KODE POS 40251,107.6061,-6.9236,POLE,6,-,METER,2018
1332,32,JAWA BARAT,3273,KOTA BANDUNG,3273190,CICENDO,32.73.06,CICENDO,PT. TELKOMSEL,JL. MARJUK NO. 4-6 HOTEL SERENA,107.60274,-6.91239,POLE,6,-,METER,2018
1333,32,JAWA BARAT,3273,KOTA BANDUNG,3273230,COBLONG,32.73.02,COBLONG,PT. TELKOMSEL,JL. IR. HAJI JUANDA KODE POS 40135,107.6196,-6.8708,POLE,6,-,METER,2018
1334,32,JAWA BARAT,3273,KOTA BANDUNG,3273180,ANDIR,32.73.05,ANDIR,PT. TELKOMSEL,JL. SUDIRMAN NO. 66-68B,107.601,-6.92046,POLE,6,-,METER,2018
1335,32,JAWA BARAT,3273,KOTA BANDUNG,3273230,COBLONG,32.73.02,COBLONG,PT. TELKOMSEL,JL. HAUR PANCU II D-2 RT. 004/004,107.61929,-6.89299,POLE,6,-,METER,2018
1336,32,JAWA BARAT,3273,KOTA BANDUNG,3273050,ASTANAANYAR,32.73.10,ASTANA ANYAR,PT. TELKOMSEL,JL. INHOFTANK NO. 21 RT. 02/07,107.60318,-6.93906,POLE,4,-,METER,2018
1337,32,JAWA BARAT,3273,KOTA BANDUNG,3273190,CICENDO,32.73.06,CICENDO,PT. TELKOMSEL,JL. KORAWA NO. 27 RT. 04 RW. 01,107.59251,-6.90275,POLE,4,-,METER,2018
1338,32,JAWA BARAT,3273,KOTA BANDUNG,3273040,BOJONGLOA KIDUL,32.73.17,BOJONGLOA KIDUL,PT. TELKOMSEL,JL. MEKARÂ LAKSANA NO. 1 RT. 02 RW. 06 - VISI BOOK STORE,107.605881,-6.953934,POLE,6,-,METER,2018
1339,32,JAWA BARAT,3273,KOTA BANDUNG,3273190,CICENDO,32.73.06,CICENDO,PT. TELKOMSEL,JL. MENTOR GG HAMBALI I NO. 41 RT. 01 RW. 07,107.57022,-6.89217,POLE,6,-,METER,2018
1340,32,JAWA BARAT,3273,KOTA BANDUNG,3273030,BOJONGLOA KALER,32.73.04,BOJONGLOA KALER,PT. TELKOMSEL,JL. MUTIARA TERUSAN PASIR KOJA,107.59359,-6.92954,POLE,6,-,METER,2018
1341,32,JAWA BARAT,3273,KOTA BANDUNG,3273010,BANDUNG KULON,32.73.15,BANDUNG KULON,PT. TELKOMSEL,JL. ANA ROHANA 99/82,107.57691,-6.92267,POLE,6,-,METER,2018
1342,32,JAWA BARAT,3273,KOTA BANDUNG,3273050,ASTANAANYAR,32.73.10,ASTANA ANYAR,PT. TELKOMSEL,JL. K. NATAWIJAYA NO. 41 GG. WELAS ASIH BLOK 90 NO. 178 RT. 009/007,107.596202,-6.92557,POLE,6,-,METER,2018
1343,32,JAWA BARAT,3273,KOTA BANDUNG,3273010,BANDUNG KULON,32.73.15,BANDUNG KULON,PT. TELKOMSEL,JL. PARALON GG. SAWARGI NO. 90 RT. 02/01,107.568,-6.93078,POLE,6,-,METER,2018
1344,32,JAWA BARAT,3273,KOTA BANDUNG,3273240,SUKAJADI,32.73.07,SUKAJADI,PT. TELKOMSEL,JL. PARIWISATA NO. 17 RT. 001 RW. 003,107.577283,-6.885936,POLE,6,-,METER,2018
1345,32,JAWA BARAT,3273,KOTA BANDUNG,3273200,BANDUNG WETAN,32.73.09,BANDUNG WETAN,PT. TELKOMSEL,JL. PELESIRAN NO. 9 RT. 7 RW. 4,107.60859,-6.89657,POLE,6,-,METER,2018
1346,32,JAWA BARAT,3273,KOTA BANDUNG,3273200,BANDUNG WETAN,32.73.09,BANDUNG WETAN,PT. TELKOMSEL,JL. SABANG NO. 5 RT. 06 RW. 01,107.621412,-6.908592,POLE,4,-,METER,2018
1347,32,JAWA BARAT,3273,KOTA BANDUNG,3273230,COBLONG,32.73.02,COBLONG,PT. TELKOMSEL,JL. SADANG LUHUR BLOCK 13 NO. 21 RT. 02 RW. 15,107.622341,-6.888436,POLE,6,-,METER,2018
1348,32,JAWA BARAT,3273,KOTA BANDUNG,3273190,CICENDO,32.73.06,CICENDO,PT. TELKOMSEL,JL. SAMIAJI NO. 287/66 RT. 010 RW. 005,107.59535,-6.90884,POLE,4,-,METER,2018
1349,32,JAWA BARAT,3273,KOTA BANDUNG,3273250,SUKASARI,32.73.01,SUKASARI,PT. TELKOMSEL,JL. SUKAHAJI RT. 04 RW. 03,107.584496,-6.88761,POLE,6,-,METER,2018
1350,32,JAWA BARAT,3273,KOTA BANDUNG,3273020,BABAKAN CIPARAY,32.73.03,BABAKAN CIPARAY,PT. TELKOMSEL,JL. SURYANI NO. 19 RT. 03 RW. 10,107.58098,-6.91969,POLE,4,-,METER,2018
1351,32,JAWA BARAT,3273,KOTA BANDUNG,3273230,COBLONG,32.73.02,COBLONG,PT. TELKOMSEL,JL. KANAYAKAN DALAM NO. 28 KOTA BANDUNG,107.61952,-6.87796,POLE,6,-,METER,2018
1352,32,JAWA BARAT,3273,KOTA BANDUNG,3273240,SUKAJADI,32.73.07,SUKAJADI,PT. TELKOMSEL,JL. KARANG TINEUNG DALAM NO. 13 RT. 3 RW. 4,107.59422,-6.88411,POLE,6,-,METER,2018
1353,32,JAWA BARAT,3273,KOTA BANDUNG,3273060,REGOL,32.73.11,REGOL,PT. TELKOMSEL,JL. KEMBAR BARU SELATAN 3 NO. 14,107.61129,-6.94134,POLE,6,-,METER,2018
1354,32,JAWA BARAT,3273,KOTA BANDUNG,3273190,CICENDO,32.73.06,CICENDO,PT. TELKOMSEL,KOMPLEK ISTANA REGENSI RT. 002 RW. 002,107.582763,-6.895944,POLE,6,-,METER,2018
1355,32,JAWA BARAT,3273,KOTA BANDUNG,3273010,BANDUNG KULON,32.73.15,BANDUNG KULON,PT. TELKOMSEL,JL. CIJERAH RT. 1/4 NO. 139,107.569259,-6.923231,POLE,6,-,METER,2018
1356,32,JAWA BARAT,3273,KOTA BANDUNG,3273020,BABAKAN CIPARAY,32.73.03,BABAKAN CIPARAY,PT. TELKOMSEL,JL. KOPO CIRANRANG NO. 550 RT. 005 RW. 004,107.58292,-6.95533,POLE,6,-,METER,2018
1357,32,JAWA BARAT,3273,KOTA BANDUNG,3273020,BABAKAN CIPARAY,32.73.03,BABAKAN CIPARAY,PT. TELKOMSEL,JL. KOPO MAS G2 RT. 02/01,107.57695,-6.95616,POLE,6,-,METER,2018
1358,32,JAWA BARAT,3273,KOTA BANDUNG,3273040,BOJONGLOA KIDUL,32.73.17,BOJONGLOA KIDUL,PT. TELKOMSEL,KP. WARNA CINTA RT. 04 RW. 03,107.599998,-6.95464,POLE,6,-,METER,2018
1359,32,JAWA BARAT,3273,KOTA BANDUNG,3273180,ANDIR,32.73.05,ANDIR,PT. TELKOMSEL,JL. MALEBER UTARA NO. 12 RT. 06/06,107.574348,-6.902373,POLE,4,-,METER,2018
1360,32,JAWA BARAT,3273,KOTA BANDUNG,3273180,ANDIR,32.73.05,ANDIR,PT. TELKOMSEL,JL. MALEBER UTARA NO. 12,107.5758,-6.90594,POLE,6,-,METER,2018
1361,32,JAWA BARAT,3273,KOTA BANDUNG,3273240,SUKAJADI,32.73.07,SUKAJADI,PT. TELKOMSEL,JL. SURYA SUMANTRI NO. 65,107.58109,-6.88578,POLE,6,-,METER,2018
1362,32,JAWA BARAT,3273,KOTA BANDUNG,3273190,CICENDO,32.73.06,CICENDO,PT. TELKOMSEL,JL. BABAKAN CIANJUR NO. 130,107.56789,-6.89694,POLE,6,-,METER,2018
1363,32,JAWA BARAT,3273,KOTA BANDUNG,3273020,BABAKAN CIPARAY,32.73.03,BABAKAN CIPARAY,PT. TELKOMSEL,JL. PASIRKOJA  NO. 131 BANDUNG,107.59173,-6.92623,MONOPOLE,6,-,METER,2018
1364,32,JAWA BARAT,3273,KOTA BANDUNG,3273060,REGOL,32.73.11,REGOL,PT. TELKOMSEL,JL. DALEM KAUM NO. 54 KODE POS 40111,107.60633,-6.92242,POLE,6,-,METER,2018
1365,32,JAWA BARAT,3273,KOTA BANDUNG,3273190,CICENDO,32.73.06,CICENDO,PT. TELKOMSEL,JL. PAJAJARAN NO. 56 RT. 001 RW. 003,107.6005,-6.90646,POLE,6,-,METER,2018
1366,32,JAWA BARAT,3273,KOTA BANDUNG,3273170,SUMUR BANDUNG,32.73.19,SUMUR BANDUNG,PT. TELKOMSEL,JL. R.E. MARTADINATA (RIAU) NO. 17,107.6122,-6.9066,POLE,3,-,METER,2018
1367,32,JAWA BARAT,3273,KOTA BANDUNG,3273250,SUKASARI,32.73.01,SUKASARI,PT. TELKOMSEL,JL. SETIA BUDI NO. 105 RT. 05/06,107.59325,-6.8712,POLE,6,-,METER,2018
1368,32,JAWA BARAT,3273,KOTA BANDUNG,3273230,COBLONG,32.73.02,COBLONG,PT. TELKOMSEL,JL. IR. H. DJUANDA (PEREMPATAN DEPAN MC DONALD),107.6135,-6.8851,POLE,6,-,METER,2018
1369,32,JAWA BARAT,3273,KOTA BANDUNG,3273220,CIBEUNYING KALER,32.73.18,CIBEUNYING KALER,PT. TELKOMSEL,JL. CIKUTRA NO. 312 RT. 004/002,107.638134,-6.893621,POLE,6,-,METER,2018
1370,32,JAWA BARAT,3273,KOTA BANDUNG,3273260,CIDADAP,32.73.08,CIDADAP,PT. TELKOMSEL,JL. KAPTEN TENDEAN NO. 1 (HEGARMANAH),107.59998,-6.87848,POLE,6,-,METER,2018
1371,32,JAWA BARAT,3273,KOTA BANDUNG,3273250,SUKASARI,32.73.01,SUKASARI,PT. TELKOMSEL,JL. GEGERKALONG HILIR NO. 47 - GEDUNG MENARA TELKOM,107.5891,-6.8716,POLE,6,-,METER,2018
1372,32,JAWA BARAT,3273,KOTA BANDUNG,3273230,COBLONG,32.73.02,COBLONG,PT. TELKOMSEL,JL. SETIABUDI BANDUNG,107.6044,-6.8849,POLE,6,-,METER,2018
1373,32,JAWA BARAT,3273,KOTA BANDUNG,3273220,CIBEUNYING KALER,32.73.18,CIBEUNYING KALER,PT. TELKOMSEL,TERUSAN CISOKA RT. 01/08,107.6326,-6.9026,POLE,6,-,METER,2018
1374,32,JAWA BARAT,3273,KOTA BANDUNG,3273230,COBLONG,32.73.02,COBLONG,PT. TELKOMSEL,JL. TUBAGUS ISMAIL DALAM NO. 28 RT. 03 RW. 07,107.616819,-6.88678,POLE,6,-,METER,2018
1375,32,JAWA BARAT,3273,KOTA BANDUNG,3273230,COBLONG,32.73.02,COBLONG,PT. TELKOMSEL,JL. DIPATIUKUR NO. 35,107.6169,-6.893,POLE,6,-,METER,2018
1376,32,JAWA BARAT,3273,KOTA BANDUNG,3273200,BANDUNG WETAN,32.73.09,BANDUNG WETAN,PT. TELKOMSEL,JL. TAMANSARI 6 - 8,107.6084,-6.9041,POLE,6,-,METER,2018
1377,32,JAWA BARAT,3273,KOTA BANDUNG,3273141,ANTAPANI,32.73.20,ANTAPANI,PT. TELKOMSEL,KOMP. ANTAPANI MAS NO. B-18 RT. 005/017,107.662,-6.92858,POLE,4,-,METER,2018
1378,32,JAWA BARAT,3273,KOTA BANDUNG,3273070,LENGKONG,32.73.13,LENGKONG,PT. TELKOMSEL,JL. BKR NO. 11,107.6215,-6.9377,POLE,6,-,METER,2018
1379,32,JAWA BARAT,3273,KOTA BANDUNG,3273080,BANDUNG KIDUL,32.73.21,BANDUNG KIDUL,PT. TELKOMSEL,JL. BATUNUNGGAL INDAH RAYA NO. 189,107.62901,-6.95415,POLE,6,-,METER,2018
1380,32,JAWA BARAT,3273,KOTA BANDUNG,3273150,KIARACONDONG,32.73.16,KIARACONDONG,PT. TELKOMSEL,JL. AHMADYANI GG. SLAMET 2 NO. 35 RT. 06 RW. 02,107.64635,-6.91176,POLE,6,-,METER,2018
1381,32,JAWA BARAT,3273,KOTA BANDUNG,3273121,CINAMBO,32.73.29,CINAMBO,PT. TELKOMSEL,CISARANTEN WETAN GG. H. APANDI RT. 003/006,107.68699,-6.92746,POLE,6,-,METER,2018
1382,32,JAWA BARAT,3273,KOTA BANDUNG,3273142,MANDALAJATI,32.73.30,MANDALAJATI,PT. TELKOMSEL,BABAKAN SEKEBIRU RT. 03 RW. 01,107.66884,-6.90177,POLE,6,-,METER,2018
1383,32,JAWA BARAT,3273,KOTA BANDUNG,3273170,SUMUR BANDUNG,32.73.19,SUMUR BANDUNG,PT. TELKOMSEL,JL. PURNAWARMAN NO. 36 A,107.609357,-6.907168,POLE,6,-,METER,2018
1384,32,JAWA BARAT,3273,KOTA BANDUNG,3273160,BATUNUNGGAL,32.73.12,BATUNUNGGAL,PT. TELKOMSEL,BLOK PINTU II NO. 46 / 126 C RT. 04/04,107.6441,-6.92524,POLE,6,-,METER,2018
1385,32,JAWA BARAT,3273,KOTA BANDUNG,3273170,SUMUR BANDUNG,32.73.19,SUMUR BANDUNG,PT. TELKOMSEL,JL. BRAGA NO. 46 BANDUNG (D/H. BRAGA_1),107.609,-6.91587,POLE,3,-,METER,2018
1386,32,JAWA BARAT,3273,KOTA BANDUNG,3273070,LENGKONG,32.73.13,LENGKONG,PT. TELKOMSEL,JL. GUNTUR SARI II NO. 10 RT. 05 RW. 04,107.632,-6.94506,POLE,6,-,METER,2018
1387,32,JAWA BARAT,3273,KOTA BANDUNG,3273101,GEDEBAGE,32.73.27,GEDEBAGE,PT. TELKOMSEL,GEDEBAGE KULON RT. 02/07,107.68815,-6.94214,POLE,6,-,METER,2018
1388,32,JAWA BARAT,3273,KOTA BANDUNG,3273070,LENGKONG,32.73.13,LENGKONG,PT. TELKOMSEL,JL. TELAGA BODAS NO. 31 (GRAHA KADIN),107.62211,-6.92814,POLE,6,-,METER,2018
1389,32,JAWA BARAT,3273,KOTA BANDUNG,3273130,ARCAMANIK,32.73.24,ARCAMANIK,PT. TELKOMSEL,PERUMAHAN GRIYA CARAKA BLOK H-11 RT. 01 RW. 05,107.673621,-6.931981,POLE,6,-,METER,2018
1390,32,JAWA BARAT,3273,KOTA BANDUNG,3273170,SUMUR BANDUNG,32.73.19,SUMUR BANDUNG,PT. TELKOMSEL,JL. ASIA AFRIKA NO. 15-17 KODE POS 40111,107.6047,-6.92,POLE,6,-,METER,2018
1391,32,JAWA BARAT,3273,KOTA BANDUNG,3273170,SUMUR BANDUNG,32.73.19,SUMUR BANDUNG,PT. TELKOMSEL,JL. SUNIARAJA NO. 82 RT. 05 RW. 05,107.60494,-6.91567,POLE,6,-,METER,2018
1392,32,JAWA BARAT,3273,KOTA BANDUNG,3273170,SUMUR BANDUNG,32.73.19,SUMUR BANDUNG,PT. TELKOMSEL,JL. ABC NO. 71 RT. 03/02,107.6064,-6.9188,POLE,6,-,METER,2018
1393,32,JAWA BARAT,3273,KOTA BANDUNG,3273141,ANTAPANI,32.73.20,ANTAPANI,PT. TELKOMSEL,JL. ANTAPANI LAMA NO. 8 RT. 02 RW. 03,107.6582,-6.9083,POLE,6,-,METER,2018
1394,32,JAWA BARAT,3273,KOTA BANDUNG,3273210,CIBEUNYING KIDUL,32.73.14,CIBEUNYING KIDUL,PT. TELKOMSEL,JL. JEND A. YANI NO. 689 RT. 002/007,107.64633,-6.90682,POLE,6,-,METER,2018
1395,32,JAWA BARAT,3273,KOTA BANDUNG,3273070,LENGKONG,32.73.13,LENGKONG,PT. TELKOMSEL,JL. BANGRENG NO. 8,107.629293,-6.93891,POLE,6,-,METER,2018
1396,32,JAWA BARAT,3273,KOTA BANDUNG,3273070,LENGKONG,32.73.13,LENGKONG,PT. TELKOMSEL,JL. BAPA SUPI NO. 15 RT. 02/RW. 03,107.6145,-6.9243,POLE,6,-,METER,2018
1397,32,JAWA BARAT,3273,KOTA BANDUNG,3273080,BANDUNG KIDUL,32.73.21,BANDUNG KIDUL,PT. TELKOMSEL,JL. BATU INDAH VII NO. 47 RT. 04 RW. 03,107.634,-6.95491,POLE,6,-,METER,2018
1398,32,JAWA BARAT,3273,KOTA BANDUNG,3273080,BANDUNG KIDUL,32.73.21,BANDUNG KIDUL,PT. TELKOMSEL,JL. BATUNUNGGAL INDAH RAYA NO. 51 RT. 08 RW. 01,107.624,-6.95329,POLE,4,-,METER,2018
1399,32,JAWA BARAT,3273,KOTA BANDUNG,3273170,SUMUR BANDUNG,32.73.19,SUMUR BANDUNG,PT. TELKOMSEL,JL. GANDAPURA NO. 39 RT. 04 RW. 04,107.626335,-6.914524,POLE,4,-,METER,2018
1400,32,JAWA BARAT,3273,KOTA BANDUNG,3273130,ARCAMANIK,32.73.24,ARCAMANIK,PT. TELKOMSEL,JL. GOLF BARAT NO. 2,107.67511,-6.91737,POLE,6,-,METER,2018
1401,32,JAWA BARAT,3273,KOTA BANDUNG,3273090,BUAHBATU,32.73.22,BUAHBATU,PT. TELKOMSEL,JL. TERUSAN IBRAHIM ADJIE NO. 46 RT. 04 RW. 01,107.64134,-6.94755,POLE,6,-,METER,2018
1402,32,JAWA BARAT,3273,KOTA BANDUNG,3273141,ANTAPANI,32.73.20,ANTAPANI,PT. TELKOMSEL,JL. LIO GIRANG RT. 04 RW. 07,107.67423,-6.93595,POLE,6,-,METER,2018
1403,32,JAWA BARAT,3273,KOTA BANDUNG,3273090,BUAHBATU,32.73.22,BUAHBATU,PT. TELKOMSEL,JL. MARGA BARU II NO. 5,107.64408,-6.95587,POLE,6,-,METER,2018
1404,32,JAWA BARAT,3273,KOTA BANDUNG,3273210,CIBEUNYING KIDUL,32.73.14,CIBEUNYING KIDUL,PT. TELKOMSEL,JL. PADASUKA PARIR LAYUNGRT. 02 RW. 03,107.65776,-6.89234,POLE,4,-,METER,2018
1405,32,JAWA BARAT,3273,KOTA BANDUNG,3273141,ANTAPANI,32.73.20,ANTAPANI,PT. TELKOMSEL,JL. PURWAKARTA NO. 13,107.65287,-6.91471,POLE,6,-,METER,2018
1406,32,JAWA BARAT,3273,KOTA BANDUNG,3273070,LENGKONG,32.73.13,LENGKONG,PT. TELKOMSEL,JL. BUAH BATU NO. 81F/206B,107.626961,-6.941978,POLE,6,-,METER,2018
1407,32,JAWA BARAT,3273,KOTA BANDUNG,3273100,RANCASARI,32.73.23,RANCASARI,PT. TELKOMSEL,JL. DERWATI RT. 006 RW. 004,107.68273,-6.96548,POLE,6,-,METER,2018
1408,32,JAWA BARAT,3273,KOTA BANDUNG,3273150,KIARACONDONG,32.73.16,KIARACONDONG,PT. TELKOMSEL,JL. SEKOLAH INTERNASIONAL NO. 10 RT. 001 RW. 011,107.64928,-6.91006,POLE,6,-,METER,2018
1409,32,JAWA BARAT,3273,KOTA BANDUNG,3273160,BATUNUNGGAL,32.73.12,BATUNUNGGAL,PT. TELKOMSEL,JL. SOEKARNO HATTA NO. 549 RT. 01 RW. 012,107.63723,-6.94628,POLE,4,-,METER,2018
1410,32,JAWA BARAT,3273,KOTA BANDUNG,3273210,CIBEUNYING KIDUL,32.73.14,CIBEUNYING KIDUL,PT. TELKOMSEL,JL. SUKA MULUS NO. 47 RT. 01 RW. 09,107.63764,-6.90828,POLE,6,-,METER,2018
1411,32,JAWA BARAT,3273,KOTA BANDUNG,3273210,CIBEUNYING KIDUL,32.73.14,CIBEUNYING KIDUL,PT. TELKOMSEL,JL. SUKARAJIN 2 GG SASTRO DIJARJO NO. 10 RT. 5/12,107.63968,-6.90233,POLE,6,-,METER,2018
1412,32,JAWA BARAT,3273,KOTA BANDUNG,3273141,ANTAPANI,32.73.20,ANTAPANI,PT. TELKOMSEL,JL. KALIJATI INDAH SELATAN NO. 8 RT. 05 RW. 05,107.655831,-6.909508,POLE,6,-,METER,2018
1413,32,JAWA BARAT,3273,KOTA BANDUNG,3273160,BATUNUNGGAL,32.73.12,BATUNUNGGAL,PT. TELKOMSEL,JL. BINONGJATI RT. 02 RW. 04,107.6399,-6.935,POLE,4,-,METER,2018
1414,32,JAWA BARAT,3273,KOTA BANDUNG,3273160,BATUNUNGGAL,32.73.12,BATUNUNGGAL,PT. TELKOMSEL,JL. CIBANGKONG LOR RT. 004 RW. 011,107.633628,-6.922738,POLE,6,-,METER,2018
1415,32,JAWA BARAT,3273,KOTA BANDUNG,3273142,MANDALAJATI,32.73.30,MANDALAJATI,PT. TELKOMSEL,JL. MOCH. SYAHRI RT. 03 RW. 012,107.68217,-6.90208,POLE,6,-,METER,2018
1416,32,JAWA BARAT,3273,KOTA BANDUNG,3273121,CINAMBO,32.73.29,CINAMBO,PT. TELKOMSEL,JL. KILIMANJARO NO. 39 KOMP. PINUS REGENCY,107.683337,-6.933229,POLE,6,-,METER,2018
1417,32,JAWA BARAT,3273,KOTA BANDUNG,3273150,KIARACONDONG,32.73.16,KIARACONDONG,PT. TELKOMSEL,JL. SOEKARNO HATTA NO. 969 - PT. MADU NUSANTARA,107.64986,-6.941778,POLE,6,-,METER,2018
1418,32,JAWA BARAT,3273,KOTA BANDUNG,3273170,SUMUR BANDUNG,32.73.19,SUMUR BANDUNG,PT. TELKOMSEL,GEDUNG CITRA GRIYA JL. ARIPAN NO. 42 BANDUNG JAWA BARAT,107.61399,-6.92061,POLE,6,-,METER,2018
1419,32,JAWA BARAT,3273,KOTA BANDUNG,3273210,CIBEUNYING KIDUL,32.73.14,CIBEUNYING KIDUL,PT. TELKOMSEL,JL. EGLASARI SELATAN RT. 03 RW. 04,107.64758,-6.90213,POLE,6,-,METER,2018
1420,32,JAWA BARAT,3273,KOTA BANDUNG,3273080,BANDUNG KIDUL,32.73.21,BANDUNG KIDUL,PT. TELKOMSEL,JL. SOEKARNO HATTA NO. 354,107.63181,-6.94918,POLE,6,-,METER,2018
1421,32,JAWA BARAT,3273,KOTA BANDUNG,3273070,LENGKONG,32.73.13,LENGKONG,PT. TELKOMSEL,JL. ENGKOL NO. 12 RT. 01 RW. 01,107.62367,-6.93023,POLE,4,-,METER,2018
1422,32,JAWA BARAT,3273,KOTA BANDUNG,3273090,BUAHBATU,32.73.22,BUAHBATU,PT. TELKOMSEL,JL. BATU PERMATA I NO. 24 RT. 003 RW. 007,107.647876,-6.957058,POLE,6,-,METER,2018
1423,32,JAWA BARAT,3273,KOTA BANDUNG,3273080,BANDUNG KIDUL,32.73.21,BANDUNG KIDUL,PT. TELKOMSEL,JL. BATUNUNGGAL INDAH RAYA (PILARIA BUTIK),107.62656,-6.9569,POLE,6,-,METER,2018
1424,32,JAWA BARAT,3273,KOTA BANDUNG,3273090,BUAHBATU,32.73.22,BUAHBATU,PT. TELKOMSEL,RANCABOLANG BARAT BLK.S II NO. 49 RT. 005 RW. 011,107.655765,-6.945409,POLE,6,-,METER,2018
1425,32,JAWA BARAT,3273,KOTA BANDUNG,3273142,MANDALAJATI,32.73.30,MANDALAJATI,PT. TELKOMSEL,JL. RAYA A.H.NASUTION (TAGOG SINDANGLAYA) NO. 89,107.68586,-6.90286,POLE,4,-,METER,2018
1426,32,JAWA BARAT,3273,KOTA BANDUNG,3273190,CICENDO,32.73.06,CICENDO,PT. TELKOMSEL,JL. CICENDO NO. 4,107.6046,-6.9099,POLE,6,-,METER,2018
1427,32,JAWA BARAT,3273,KOTA BANDUNG,3273100,RANCASARI,32.73.23,RANCASARI,PT. TELKOMSEL,JL. SALUYU 1 NO. 2 RT. 01 RW. 10,107.68338,-6.95238,POLE,4,-,METER,2018
1428,32,JAWA BARAT,3273,KOTA BANDUNG,3273141,ANTAPANI,32.73.20,ANTAPANI,PT. TELKOMSEL,JL. SENTRA DAGO TIMUR RAYA NO. 14,107.66048,-6.91017,POLE,4,-,METER,2018
1429,32,JAWA BARAT,3273,KOTA BANDUNG,3273070,LENGKONG,32.73.13,LENGKONG,PT. TELKOMSEL,JL. ASIA AFRIKA NO. 116 RT. 006 RW. 001 - WISMA ACA,107.612,-6.9218,MONOPOLE,6,-,METER,2018
1430,32,JAWA BARAT,3273,KOTA BANDUNG,3273141,ANTAPANI,32.73.20,ANTAPANI,PT. TELKOMSEL,JL. SINDANGSARI I RT. 03 RW. 08,107.664626,-6.907735,POLE,6,-,METER,2018
1431,32,JAWA BARAT,3273,KOTA BANDUNG,3273080,BANDUNG KIDUL,32.73.21,BANDUNG KIDUL,PT. TELKOMSEL,JL. CIPARAY TRS BUAHBATU KOMPLEK NUANSA INDAH BLOK R-8,107.64,-6.95957,POLE,4,-,METER,2018
1432,32,JAWA BARAT,3273,KOTA BANDUNG,3273070,LENGKONG,32.73.13,LENGKONG,PT. TELKOMSEL,JL. PATUHA NO. 33 RT. 04 RW. 06,107.625,-6.92644,POLE,6,-,METER,2018
1433,32,JAWA BARAT,3273,KOTA BANDUNG,3273141,ANTAPANI,32.73.20,ANTAPANI,PT. TELKOMSEL,JL. TERUSAN JAKARTA NO. 290,107.664421,-6.914441,POLE,6,-,METER,2018
1434,32,JAWA BARAT,3273,KOTA BANDUNG,3273070,LENGKONG,32.73.13,LENGKONG,PT. TELKOMSEL,JL. TURANGGA NO. 25 D (MASUK DR SAMPING ALFAMART ) RT. 03 RW. 09,107.63557,-6.93066,POLE,6,-,METER,2018
1435,32,JAWA BARAT,3273,KOTA BANDUNG,3273111,PANYILEUKAN,32.73.28,PANYILEUKAN,PT. TELKOMSEL,JL. ABDUL HARIS NASUTION NO. 247 - GEDUNG DAWAH KODE POS 40194,107.717315,-6.93118,POLE,6,-,METER,2018
1436,32,JAWA BARAT,3273,KOTA BANDUNG,3273150,KIARACONDONG,32.73.16,KIARACONDONG,PT. TELKOMSEL,JL. KIARA CONDONG RT. 03/02,107.649,-6.92964,POLE,4,-,METER,2018
1437,32,JAWA BARAT,3273,KOTA BANDUNG,3273080,BANDUNG KIDUL,32.73.21,BANDUNG KIDUL,PT. TELKOMSEL,JL. BATUNUNGGAL MULIA II NO. 14 RT. 03 RW. 05,107.631388,-6.960728,POLE,6,-,METER,2018
1438,32,JAWA BARAT,3273,KOTA BANDUNG,3273240,SUKAJADI,32.73.07,SUKAJADI,PT. TELKOMSEL,JL. BABAKAN JERUK I NO. 10C  RT. 2/1,107.5832,-6.88899,POLE,6,-,METER,2018
1439,32,JAWA BARAT,3273,KOTA BANDUNG,3273060,REGOL,32.73.11,REGOL,PT. TELKOMSEL,JL. MOCH TOHA NO. 355D RT. 07 RW. 05,107.61188,-6.95467,POLE,6,-,METER,2018
1440,32,JAWA BARAT,3273,KOTA BANDUNG,3273170,SUMUR BANDUNG,32.73.19,SUMUR BANDUNG,PT. TELKOMSEL,JL. BELITUNG NO. 3 RT. 03 RW. 03,107.61718,-6.91123,POLE,6,-,METER,2018
1441,32,JAWA BARAT,3273,KOTA BANDUNG,3273080,BANDUNG KIDUL,32.73.21,BANDUNG KIDUL,PT. TELKOMSEL,KOMP. BUAH BATU REGENCY KAV. G-7 NO. 12 RT. 03 RW. 09,107.64178,-6.96212,POLE,6,-,METER,2018
1442,32,JAWA BARAT,3273,KOTA BANDUNG,3273060,REGOL,32.73.11,REGOL,PT. TELKOMSEL,JL. PASIRLUYU SELATAN NO. 25 RT. 04 RW. 09,107.6210883,-6.9460938,POLE,6,-,METER,2018
1443,32,JAWA BARAT,3273,KOTA BANDUNG,3273230,COBLONG,32.73.02,COBLONG,PT. TELKOMSEL,JL. PLESIRAN NO. 61 RT. 05 RW. 06,107.606439,-6.895426,POLE,6,-,METER,2018
1444,32,JAWA BARAT,3273,KOTA BANDUNG,3273200,BANDUNG WETAN,32.73.09,BANDUNG WETAN,PT. TELKOMSEL,JL. CITARUM NO. 16 RT. 01 RW. 03,107.613518,-6.902661,POLE,6,-,METER,2018
1445,32,JAWA BARAT,3273,KOTA BANDUNG,3273220,CIBEUNYING KALER,32.73.18,CIBEUNYING KALER,PT. TELKOMSEL,GG. TILIL II NO. 340/144C RT. 06 RW. 01,107.6221028,-6.899163889,POLE,6,-,METER,2018
1446,32,JAWA BARAT,3273,KOTA BANDUNG,3273180,ANDIR,32.73.05,ANDIR,PT. TELKOMSEL,JL. JENDRAL SUDIRMAN NO. 386 RT. 01 RW. 03,107.589329,-6.918997,POLE,6,-,METER,2018
1447,32,JAWA BARAT,3273,KOTA BANDUNG,3273100,RANCASARI,32.73.23,RANCASARI,PT. TELKOMSEL,JL. MERKURI SELATAN XIV NO. 1/10 RT. 01 RW. 08,107.66647,-6.94939,POLE,6,-,METER,2018
1448,32,JAWA BARAT,3273,KOTA BANDUNG,3273190,CICENDO,32.73.06,CICENDO,PT. TELKOMSEL,JL. PASIR KALIKI NO. 53 - 55,107.59723,-6.91119,POLE,6,-,METER,2018
1449,32,JAWA BARAT,3273,KOTA BANDUNG,3273090,BUAHBATU,32.73.22,BUAHBATU,PT. CENTRATAMA MENARA INDONESIA,CIJAWURA HILIR RT. 04 RW. 12,107.66012,-6.96594,4 KAKI,42,-,METER,2018
1450,32,JAWA BARAT,3273,KOTA BANDUNG,3273100,RANCASARI,32.73.23,RANCASARI,PT. CENTRATAMA MENARA INDONESIA,JL. RIUNG TINEUNG NO. 36 RIUNG BANDUNG,107.68395,-6.94336,4 KAKI,36,-,METER,2018
1451,32,JAWA BARAT,3273,KOTA BANDUNG,3273190,CICENDO,32.73.06,CICENDO,PT. CENTRATAMA MENARA INDONESIA,JL. CITEPUS III RT. 07 RW. 10,107.58885,-6.90148,POLE,12,-,METER,2018
1452,32,JAWA BARAT,3273,KOTA BANDUNG,3273180,ANDIR,32.73.05,ANDIR,PT. CENTRATAMA MENARA INDONESIA,JL. JEND. SUDIRMAN NO. 214 RT. 05 RW. 07,107.59634,-6.91979,4 KAKI,20,-,METER,2018
1453,32,JAWA BARAT,3273,KOTA BANDUNG,3273220,CIBEUNYING KALER,32.73.18,CIBEUNYING KALER,PT. CENTRATAMA MENARA INDONESIA,JL. CIBEUNYING PERMAI RAYA NO. 38 RT. /RW. 04/11,107.62817,-6.88771,4 KAKI,4,-,METER,2018
1454,32,JAWA BARAT,3273,KOTA BANDUNG,3273190,CICENDO,32.73.06,CICENDO,PT. CENTRATAMA MENARA INDONESIA,JL. PASIR KALIKI NO. 121 - 123 - ISTANA PLAZA,107.59687,-6.9054,POLE,6,-,METER,2018
1455,32,JAWA BARAT,3273,KOTA BANDUNG,3273180,ANDIR,32.73.05,ANDIR,PT. CENTRATAMA MENARA INDONESIA,JL. OTO ISKANDARDINATA NO. 70 - PT. ATANAKA PERSADA PERMAI (KIOS LT.P8A NO. 05) KODE POS 40181,107.60331,-6.91782,POLE,3,-,METER,2018
1456,32,JAWA BARAT,3273,KOTA BANDUNG,3273200,BANDUNG WETAN,32.73.09,BANDUNG WETAN,PT. CENTRATAMA MENARA INDONESIA,JL. CIHAMPELAS NO. 112 RT. 002/RW. 07,107.60407,-6.89816,POLE,6,-,METER,2018
1457,32,JAWA BARAT,3273,KOTA BANDUNG,3273260,CIDADAP,32.73.08,CIDADAP,PT. CENTRATAMA MENARA INDONESIA,HOTEL GRAND SERELA BANDUNG,107.60088,-6.88055,POLE,6,-,METER,2018
1458,32,JAWA BARAT,3273,KOTA BANDUNG,3273190,CICENDO,32.73.06,CICENDO,PT. CENTRATAMA MENARA INDONESIA,GEDUNG MEGA CELL BANDUNG,107.59184,-6.90687,POLE,6,-,METER,2018
1459,32,JAWA BARAT,3273,KOTA BANDUNG,3273120,UJUNG BERUNG,32.73.26,UJUNGBERUNG,PT. CENTRATAMA MENARA INDONESIA,KAMPUNG NAGROK 3 RT. 01 RW. 09 KODE POS 40616,107.71046,-6.90761,3 KAKI,35,-,METER,2018
1460,32,JAWA BARAT,3273,KOTA BANDUNG,3273200,BANDUNG WETAN,32.73.09,BANDUNG WETAN,PT. CENTRATAMA MENARA INDONESIA,JL. R.E. MARTADINATA (RIAU) NO. 26 RT. 002 RW. 01 - RENARITY FO,107.61493,-6.9064,POLE,25,-,METER,2018
1461,32,JAWA BARAT,3273,KOTA BANDUNG,3273040,BOJONGLOA KIDUL,32.73.17,BOJONGLOA KIDUL,PT. CENTRATAMA MENARA INDONESIA,JL. LEUWI PANJANG NO. 34 RT. 07 RW. 07,107.59639,-6.93988,POLE,9,-,METER,2018
1462,32,JAWA BARAT,3273,KOTA BANDUNG,3273060,REGOL,32.73.11,REGOL,PT. CENTRATAMA MENARA INDONESIA,JL. SRIWIJAYA NO. 107 RT. 05/01,107.61308,-6.94489,POLE,9,-,METER,2018
1463,32,JAWA BARAT,3273,KOTA BANDUNG,3273130,ARCAMANIK,32.73.24,ARCAMANIK,PT. CENTRATAMA MENARA INDONESIA,JL. PACUAN KUDA 2 RT. 2 RW. 1,107.672643,-6.905514,POLE,9,-,METER,2018
1464,32,JAWA BARAT,3273,KOTA BANDUNG,3273010,BANDUNG KULON,32.73.15,BANDUNG KULON,PT. CENTRATAMA MENARA INDONESIA,CIGONDEWAH KIDUL RT. 04 RW. 04,107.566069,-6.941038,4 KAKI,42,-,METER,2018
1465,32,JAWA BARAT,3273,KOTA BANDUNG,3273020,BABAKAN CIPARAY,32.73.03,BABAKAN CIPARAY,PT. CENTRATAMA MENARA INDONESIA,JL. HOLIS 235 RT. 01 RW. 09,107.57073,-6.93667,POLE,18,-,METER,2018
1466,32,JAWA BARAT,3273,KOTA BANDUNG,3273250,SUKASARI,32.73.01,SUKASARI,PT. CENTRATAMA MENARA INDONESIA,JL. DR. SETIABUDI NO. 167 C RT. 02 RW. 04,107.593438,-6.8684,POLE,12,-,METER,2018
1467,32,JAWA BARAT,3273,KOTA BANDUNG,3273141,ANTAPANI,32.73.20,ANTAPANI,PT. CENTRATAMA MENARA INDONESIA,JL. KADIPATEN RAYA 9 NO. 2 RT. 05 RW. 01,107.655306,-6.918444,POLE,12,-,METER,2018
1468,32,JAWA BARAT,3273,KOTA BANDUNG,3273020,BABAKAN CIPARAY,32.73.03,BABAKAN CIPARAY,PT. CENTRATAMA MENARA INDONESIA,JL. CARINGIN 180C RT. 01/05,107.57835,-6.94362,4,20,-,METER,2018
1469,32,JAWA BARAT,3273,KOTA BANDUNG,3273240,SUKAJADI,32.73.07,SUKAJADI,PT. CENTRATAMA MENARA INDONESIA,JL. SUKAMULYA INDAH NO. 3 KP. KENDAL GEDE RT. 06 RW. 02,107.586833,-6.885917,POLE,18,-,METER,2018
1470,32,JAWA BARAT,3273,KOTA BANDUNG,3273230,COBLONG,32.73.02,COBLONG,PT. CENTRATAMA MENARA INDONESIA,JL. TUBAGUS ISMAIL DEPAN RT. 2/8,107.616389,-6.883556,POLE,6,-,METER,2018
1471,32,JAWA BARAT,3273,KOTA BANDUNG,3273141,ANTAPANI,32.73.20,ANTAPANI,PT. CENTRATAMA MENARA INDONESIA,JL. PARAKAN SAAT RT. 01 RW. 23Â,107.66738,-6.92716,POLE,18,-,METER,2018
1472,32,JAWA BARAT,3273,KOTA BANDUNG,3273240,SUKAJADI,32.73.07,SUKAJADI,PT. CENTRATAMA MENARA INDONESIA,JL. SURYASUMANTRI NO. 36 - HOTEL VERONA,107.582114,-6.88925,POLE,3,-,METER,2018
1473,32,JAWA BARAT,3273,KOTA BANDUNG,3273170,SUMUR BANDUNG,32.73.19,SUMUR BANDUNG,PT. CENTRATAMA MENARA INDONESIA,JL. BRAGA BLK 98 RT. 03 RW. 05,107.609472,-6.915861,3 KAKI,20,-,METER,2018
1474,32,JAWA BARAT,3273,KOTA BANDUNG,3273020,BABAKAN CIPARAY,32.73.03,BABAKAN CIPARAY,PT. CENTRATAMA MENARA INDONESIA,JL. SURYANI NO. 9 RT. 003 RW. 010,107.58127,-6.919138,POLE,18,-,METER,2018
1475,32,JAWA BARAT,3273,KOTA BANDUNG,3273160,BATUNUNGGAL,32.73.12,BATUNUNGGAL,PT. CENTRATAMA MENARA INDONESIA,JL. GARUT I NO. 1 RT. 02 RW. 04,107.6319,-6.917556,4 KAKI,24,-,METER,2018
1476,32,JAWA BARAT,3273,KOTA BANDUNG,3273010,BANDUNG KULON,32.73.15,BANDUNG KULON,PT. CENTRATAMA MENARA INDONESIA,JL. PARALON NO. 12 RT. 02 RW. 11,107.5675,-6.931583,3 KAKI,25,-,METER,2018
1477,32,JAWA BARAT,3273,KOTA BANDUNG,3273100,RANCASARI,32.73.23,RANCASARI,PT. CENTRATAMA MENARA INDONESIA,JL. RANCABOLANG NO. 208 RT. 6 RW. 16,107.661769,-6.950538,4 KAKI,26,-,METER,2018
1478,32,JAWA BARAT,3273,KOTA BANDUNG,3273160,BATUNUNGGAL,32.73.12,BATUNUNGGAL,PT. CENTRATAMA MENARA INDONESIA,JL. GATOT SUBROTO NO. 180Â  RT. 6/3,107.638738,-6.929419,4 KAKI,25,-,METER,2018
1479,32,JAWA BARAT,3273,KOTA BANDUNG,3273230,COBLONG,32.73.02,COBLONG,PT. CENTRATAMA MENARA INDONESIA,KOMPLEK ISTANA DAGO ASRI NO. 18,107.615889,-6.878681,POLE,18,-,METER,2018
1480,32,JAWA BARAT,3273,KOTA BANDUNG,3273170,SUMUR BANDUNG,32.73.19,SUMUR BANDUNG,PT. CENTRATAMA MENARA INDONESIA,JL. BRAGA NO. 21,107.609833,-6.919919,4 KAKI,25,-,METER,2018
1481,32,JAWA BARAT,3273,KOTA BANDUNG,3273150,KIARACONDONG,32.73.16,KIARACONDONG,PT. CENTRATAMA MENARA INDONESIA,JL. LET. JEND IBRAHIM ADJIE NO. 453 RT. 01 RW. 11,107.642428,-6.942448,4 KAKI,25,-,METER,2018
1482,32,JAWA BARAT,3273,KOTA BANDUNG,3273142,MANDALAJATI,32.73.30,MANDALAJATI,PT. CENTRATAMA MENARA INDONESIA,JL. AH. NASUTION RT. 02 RW. 01,107.66587,-6.9036,4 KAKI,52,-,METER,2018
1483,32,JAWA BARAT,3273,KOTA BANDUNG,3273170,SUMUR BANDUNG,32.73.19,SUMUR BANDUNG,PT. CENTRATAMA MENARA INDONESIA,JL. SUMBAWA NO. 19 RT. 01/RW. 01,107.61754,-6.91445,4 KAKI,20,-,METER,2018
1484,32,JAWA BARAT,3273,KOTA BANDUNG,3273160,BATUNUNGGAL,32.73.12,BATUNUNGGAL,PT. CENTRATAMA MENARA INDONESIA,JL. LASWI 98 BANDUNG,107.63033,-6.9219,POLE,32,-,METER,2018
1485,32,JAWA BARAT,3273,KOTA BANDUNG,3273050,ASTANAANYAR,32.73.10,ASTANA ANYAR,PT. CENTRATAMA MENARA INDONESIA,JL. INHOPFTANK RT. 02 RW. 07,107.6032,6.93923,POLE,10,-,METER,2018
1486,32,JAWA BARAT,3273,KOTA BANDUNG,3273190,CICENDO,32.73.06,CICENDO,PT. CENTRATAMA MENARA INDONESIA,JL. CICENDO NO. 19,107.65863,-6.89842,POLE,10,-,METER,2018
1487,32,JAWA BARAT,3273,KOTA BANDUNG,3273142,MANDALAJATI,32.73.30,MANDALAJATI,PT. CENTRATAMA MENARA INDONESIA,JL. JATIHANDAP RT. 07/06,107.65856,-6.89843,POLE,19,-,METER,2018
1488,32,JAWA BARAT,3273,KOTA BANDUNG,3273180,ANDIR,32.73.05,ANDIR,"PT. XL AXIATA, TBK",JL. RA.BARNAS 189B/77,-6.914361111,107.5787222,4 KAKI,30,-,METER,2018
1489,32,JAWA BARAT,3273,KOTA BANDUNG,3273130,ARCAMANIK,32.73.24,ARCAMANIK,"PT. XL AXIATA, TBK",JL. CISARANTEN KULON NO. 107 RT. 04/RW. 07,-6.931027778,107.67975,4 KAKI,30,-,METER,2018
1490,32,JAWA BARAT,3273,KOTA BANDUNG,3273130,ARCAMANIK,32.73.24,ARCAMANIK,"PT. XL AXIATA, TBK",JL. CIKCUKANG NO. 37 RT. 01 RW. 09,-6.913638889,107.6831944,3 KAKI,30,-,METER,2018
1491,32,JAWA BARAT,3273,KOTA BANDUNG,3273020,BABAKAN CIPARAY,32.73.03,BABAKAN CIPARAY,"PT. XL AXIATA, TBK",JL. PETA NO. 226 RT. 06/RW. 05,-6.930083333,107.5883889,4 KAKI,30,-,METER,2018
1492,32,JAWA BARAT,3273,KOTA BANDUNG,3273020,BABAKAN CIPARAY,32.73.03,BABAKAN CIPARAY,"PT. XL AXIATA, TBK",JL. CIGONDEWAH KIDUL NO. 40,-6.944388889,107.561,4 KAKI,30,-,METER,2018
1493,32,JAWA BARAT,3273,KOTA BANDUNG,3273020,BABAKAN CIPARAY,32.73.03,BABAKAN CIPARAY,"PT. XL AXIATA, TBK",JL. MARGAJAYA TIMUR III RT. 03/06,-6.948638889,107.5775278,3 KAKI,30,-,METER,2018
1494,32,JAWA BARAT,3273,KOTA BANDUNG,3273020,BABAKAN CIPARAY,32.73.03,BABAKAN CIPARAY,"PT. XL AXIATA, TBK",JL. CIRANGRANG TIMURRT. 03 RW. 02,-6.955361111,107.5869722,4 KAKI,51,-,METER,2018
1495,32,JAWA BARAT,3273,KOTA BANDUNG,3273080,BANDUNG KIDUL,32.73.21,BANDUNG KIDUL,"PT. XL AXIATA, TBK",JL. BATUNUNGGAL INDAH â II NO. 70,-6.962611111,107.6260556,4 KAKI,31,-,METER,2018
1496,32,JAWA BARAT,3273,KOTA BANDUNG,3273010,BANDUNG KULON,32.73.15,BANDUNG KULON,"PT. XL AXIATA, TBK",JL. RAYA JEND. SUDIRMAN NO. 801 RT. 06 RW. 06,-6.915888889,107.569,3 KAKI,30,-,METER,2018
1497,32,JAWA BARAT,3273,KOTA BANDUNG,3273010,BANDUNG KULON,32.73.15,BANDUNG KULON,"PT. XL AXIATA, TBK",JL. MEKAR ASIH AF 9 NO. 9 - KOMPLEK MEKAR INDAH,-6.923027778,107.5644444,3 KAKI,30,-,METER,2018
1498,32,JAWA BARAT,3273,KOTA BANDUNG,3273160,BATUNUNGGAL,32.73.12,BATUNUNGGAL,"PT. XL AXIATA, TBK",JL. JAKARTA NO. 73 RT. 05 RW. 03,-6.913833333,107.6425278,POLE,15,-,METER,2018
1499,32,JAWA BARAT,3273,KOTA BANDUNG,3273160,BATUNUNGGAL,32.73.12,BATUNUNGGAL,"PT. XL AXIATA, TBK",JL. GUMURUH NO. 87 RT. 01 RW. 06,-6.933888889,107.638,3 KAKI,30,-,METER,2018
1500,32,JAWA BARAT,3273,KOTA BANDUNG,3273160,BATUNUNGGAL,32.73.12,BATUNUNGGAL,"PT. XL AXIATA, TBK",JL. JATIMULYA 3 NO. 96 02RW. 11,-6.94275,107.6364722,3 KAKI,31,-,METER,2018
1501,32,JAWA BARAT,3273,KOTA BANDUNG,3273030,BOJONGLOA KALER,32.73.04,BOJONGLOA KALER,"PT. XL AXIATA, TBK",JL. KOMPLEK MUARA (DEPAN NO. 21) SEBELAH KANTOR CAMAT BOJONGLOA KIDUL,-6.941916667,107.5974722,4 KAKI,30,-,METER,2018
1502,32,JAWA BARAT,3273,KOTA BANDUNG,3273030,BOJONGLOA KALER,32.73.04,BOJONGLOA KALER,"PT. XL AXIATA, TBK",JL. RAYA WACHID HASYIM (KOPO),-6.941444444,107.5882222,3 KAKI,30,-,METER,2018
1503,32,JAWA BARAT,3273,KOTA BANDUNG,3273040,BOJONGLOA KIDUL,32.73.17,BOJONGLOA KIDUL,"PT. XL AXIATA, TBK",JL. SOEKARNO HATTA NO. 162,-6.948222222,107.5978611,3 KAKI,15,-,METER,2018
1504,32,JAWA BARAT,3273,KOTA BANDUNG,3273210,CIBEUNYING KIDUL,32.73.14,CIBEUNYING KIDUL,"PT. XL AXIATA, TBK",JL. TUGU ASRI I NO. B8 RT. 05 RW. 013,-6.895777778,107.6516389,3 KAKI,30,-,METER,2018
1505,32,JAWA BARAT,3273,KOTA BANDUNG,3273110,CIBIRU,32.73.25,CIBIRU,"PT. XL AXIATA, TBK",JL. RAYA CIPADUNG NO. 159 RT. 03 RW. 10,-6.93475,107.718,4 KAKI,50,-,METER,2018
1506,32,JAWA BARAT,3273,KOTA BANDUNG,3273210,CIBEUNYING KIDUL,32.73.14,CIBEUNYING KIDUL,"PT. XL AXIATA, TBK",JL. JEND. A YANI NO. 804 - RT. 01 RW. 05,-6.902972222,107.6546944,3 KAKI,15,-,METER,2018
1507,32,JAWA BARAT,3273,KOTA BANDUNG,3273210,CIBEUNYING KIDUL,32.73.14,CIBEUNYING KIDUL,"PT. XL AXIATA, TBK",JL. PASIR IMPUN BARAT NO. 35 RT. 04/05,-6.902833333,107.6751667,4 KAKI,30,-,METER,2018
1508,32,JAWA BARAT,3273,KOTA BANDUNG,3273190,CICENDO,32.73.06,CICENDO,"PT. XL AXIATA, TBK",JL. PADJADJARAN PANGKALAN TNI AU BANDARA HUSEIN SASTRANEGARA,-6.903305556,107.5723889,4 KAKI,30,-,METER,2018
1509,32,JAWA BARAT,3273,KOTA BANDUNG,3273190,CICENDO,32.73.06,CICENDO,"PT. XL AXIATA, TBK",JL. L.M.U. SUPADIO NO. 22 - SMA_SMK ANGKASA (LANUD HUSEIN SASTRA NEGARA),-6.906472222,107.5830833,4 KAKI,30,-,METER,2018
1510,32,JAWA BARAT,3273,KOTA BANDUNG,3273190,CICENDO,32.73.06,CICENDO,"PT. XL AXIATA, TBK",JL. PAJAJARAN NO. 37A - STADION PADJAJARAN BANDUNG (KONI JAWA BARAT),-6.907277778,107.6013056,POLE,50,-,METER,2018
1511,32,JAWA BARAT,3273,KOTA BANDUNG,3273260,CIDADAP,32.73.08,CIDADAP,"PT. XL AXIATA, TBK",JL. LAPANGAN GOLF DAGO ATAS NO. 78 (PT DAGO ENDAH) DAGO GOLF,-6.868972222,107.6238611,POLE,30,-,METER,2018
1512,32,JAWA BARAT,3273,KOTA BANDUNG,3273260,CIDADAP,32.73.08,CIDADAP,"PT. XL AXIATA, TBK",JL. KAMPUNG CIHANJAH NO. 45 RT. 02 RW. 10,-6.857472222,107.6109167,4 KAKI,31,-,METER,2018
1513,32,JAWA BARAT,3273,KOTA BANDUNG,3273260,CIDADAP,32.73.08,CIDADAP,"PT. XL AXIATA, TBK",JL. CIUMBULEUIT 179 RT. 01 RW. 07,-6.870888889,107.6052222,4 KAKI,50,-,METER,2018
1514,32,JAWA BARAT,3273,KOTA BANDUNG,3273230,COBLONG,32.73.02,COBLONG,"PT. XL AXIATA, TBK",JL. CIHALANG BARU NO. 35 BANDUNG JABAR,-6.886361111,107.61925,4 KAKI,70,-,METER,2018
1515,32,JAWA BARAT,3273,KOTA BANDUNG,3273150,KIARACONDONG,32.73.16,KIARACONDONG,"PT. XL AXIATA, TBK",JL. CIDURIAN BARU 17 BANDUNG JABAR,-6.9405,107.6545833,4 KAKI,30,-,METER,2018
1516,32,JAWA BARAT,3273,KOTA BANDUNG,3273150,KIARACONDONG,32.73.16,KIARACONDONG,"PT. XL AXIATA, TBK",JL. KIARA CONDONG BANDUNG - BALAI JASA KOMP. STASIUN KA KIARACONDONG,-6.92388889,107.6441667,4 KAKI,50,-,METER,2018
1517,32,JAWA BARAT,3273,KOTA BANDUNG,3273070,LENGKONG,32.73.13,LENGKONG,"PT. XL AXIATA, TBK",JL. A. YANI NO. 10-12 BANDUNG,-6.922111111,107.6184444,4 KAKI,15,-,METER,2018
1518,32,JAWA BARAT,3273,KOTA BANDUNG,3273070,LENGKONG,32.73.13,LENGKONG,"PT. XL AXIATA, TBK",JL. GATOT SUBROTO NO. 245 BANDUNG,-6.926166667,107.6334444,4 KAKI,15,-,METER,2018
1519,32,JAWA BARAT,3273,KOTA BANDUNG,3273070,LENGKONG,32.73.13,LENGKONG,"PT. XL AXIATA, TBK",JL. KLININGAN ASRI NO. 2 RT. 02/05 BANDUNG,-6.942444444,107.6283333,4 KAKI,30,-,METER,2018
1520,32,JAWA BARAT,3273,KOTA BANDUNG,3273070,LENGKONG,32.73.13,LENGKONG,"PT. XL AXIATA, TBK",JL. BURANGRANG DALAM NO. 45 BANDUNG,-6.927638889,107.6188056,POLE,30,-,METER,2018
1521,32,JAWA BARAT,3273,KOTA BANDUNG,3273070,LENGKONG,32.73.13,LENGKONG,"PT. XL AXIATA, TBK",JL. WESEL RT. 06 RW. 06 KOMPLEK POS DAN TELEKOMUNIKASI BUAH BATU,-6.940111111,107.6217778,4 KAKI,30,-,METER,2018
1522,32,JAWA BARAT,3273,KOTA BANDUNG,3273070,LENGKONG,32.73.13,LENGKONG,"PT. XL AXIATA, TBK",JL. DALEM KAUM NO. 130A RT. 005 RW. 009,-6.923361111,107.6105278,3 KAKI,20,-,METER,2018
1523,32,JAWA BARAT,3273,KOTA BANDUNG,3273090,BUAHBATU,32.73.22,BUAHBATU,"PT. XL AXIATA, TBK",JL. KENCANA WANGI UTARA I NO. 1 RT. 01 RW. 17,-6.958805556,107.65225,3 KAKI,30,-,METER,2018
1524,32,JAWA BARAT,3273,KOTA BANDUNG,3273090,BUAHBATU,32.73.22,BUAHBATU,"PT. XL AXIATA, TBK",JL. CIPAGALO GIRANG RT. 02 RW. 03,-6.948472222,107.6469722,3 KAKI,30,-,METER,2018
1525,32,JAWA BARAT,3273,KOTA BANDUNG,3273100,RANCASARI,32.73.23,RANCASARI,"PT. XL AXIATA, TBK",JL. RANCA CILI,-6.958416667,107.6781389,4 KAKI,70,-,METER,2018
1526,32,JAWA BARAT,3273,KOTA BANDUNG,3273060,REGOL,32.73.11,REGOL,"PT. XL AXIATA, TBK",JL. H. AKSAN CIGERELENG BANDUNG JABAR,-6.941388889,107.6111111,4 KAKI,30,-,METER,2018
1527,32,JAWA BARAT,3273,KOTA BANDUNG,3273240,SUKAJADI,32.73.07,SUKAJADI,"PT. XL AXIATA, TBK",JL. SUKAJADI NO. 11A RT. 03 RW. 05,-6.895777778,107.5971389,4 KAKI,15,-,METER,2018
1528,32,JAWA BARAT,3273,KOTA BANDUNG,3273250,SUKASARI,32.73.01,SUKASARI,"PT. XL AXIATA, TBK",JL. SUKAJADI NO. 174 - 176,-6.885472222,107.5972778,POLE,15,-,METER,2018
1529,32,JAWA BARAT,3273,KOTA BANDUNG,3273250,SUKASARI,32.73.01,SUKASARI,"PT. XL AXIATA, TBK",JL. SARI ASIH IV NO. 16 KP. CIJEROHKASO RT. 07 RW. 10,-6.874083333,107.57625,4 KAKI,30,-,METER,2018
1530,32,JAWA BARAT,3273,KOTA BANDUNG,3273170,SUMUR BANDUNG,32.73.19,SUMUR BANDUNG,"PT. XL AXIATA, TBK",JL. MERDEKA - BANDUNG JABAR,-6.914166667,107.6120556,4 KAKI,30,-,METER,2018
1531,32,JAWA BARAT,3273,KOTA BANDUNG,3273170,SUMUR BANDUNG,32.73.19,SUMUR BANDUNG,"PT. XL AXIATA, TBK",JL. MENADO NO. 8,-6.913611111,107.6214722,3 KAKI,30,-,METER,2018
1532,32,JAWA BARAT,3273,KOTA BANDUNG,3273120,UJUNG BERUNG,32.73.26,UJUNGBERUNG,"PT. XL AXIATA, TBK",JL. PURI AYU II ARCAMANIK,-6.923333333,107.6757222,3 KAKI,30,-,METER,2018
1533,32,JAWA BARAT,3273,KOTA BANDUNG,3273120,UJUNG BERUNG,32.73.26,UJUNGBERUNG,"PT. XL AXIATA, TBK",JL. UJUNG BERUNG 128,-6.914833333,107.7005,3 KAKI,50,-,METER,2018
1534,32,JAWA BARAT,3273,KOTA BANDUNG,3273170,SUMUR BANDUNG,32.73.19,SUMUR BANDUNG,"PT. XL AXIATA, TBK",JL. JEND. AHMAD YANI NO. 307,-6.912277778,107.6276667,POLE,30,-,METER,2018
1535,32,JAWA BARAT,3273,KOTA BANDUNG,3273210,CIBEUNYING KIDUL,32.73.14,CIBEUNYING KIDUL,"PT. XL AXIATA, TBK",JL. DEPOK NO. 16A ANTAPANI,-6.9147,107.657,4 KAKI,30,-,METER,2018
1536,32,JAWA BARAT,3273,KOTA BANDUNG,3273230,COBLONG,32.73.02,COBLONG,"PT. XL AXIATA, TBK",JL. GANECA 7 BDG,-6.89422222,107.6096944,4 KAKI,15,-,METER,2018
1537,32,JAWA BARAT,3273,KOTA BANDUNG,3273260,CIDADAP,32.73.08,CIDADAP,"PT. XL AXIATA, TBK",JL. SETIABUDI KM 10 POLSEKTA CIDADAP,-6.847,107.599,4 KAKI,50,-,METER,2018
1538,32,JAWA BARAT,3273,KOTA BANDUNG,3273110,CIBIRU,32.73.25,CIBIRU,"PT. XL AXIATA, TBK",JL. PANYILEUKAN V RT. 02/RW. 13,-6.944917,107.708306,3 KAKI,30,-,METER,2018
1539,32,JAWA BARAT,3273,KOTA BANDUNG,3273250,SUKASARI,32.73.01,SUKASARI,"PT. XL AXIATA, TBK",JL. SETIABUDI NO. 170A CIDADAP HEGARMANAH BANDUNG,-6.872583333,107.5951111,4 KAKI,15,-,METER,2018
1540,32,JAWA BARAT,3273,KOTA BANDUNG,3273120,UJUNG BERUNG,32.73.26,UJUNGBERUNG,"PT. XL AXIATA, TBK",JL. RUMAH SAKIT  KAMP CINAMBO RT. 05/08,-6.923,107.6965,3 KAKI,30,-,METER,2018
1541,32,JAWA BARAT,3273,KOTA BANDUNG,3273030,BOJONGLOA KALER,32.73.04,BOJONGLOA KALER,"PT. XL AXIATA, TBK",JL. JAMIKA NO. 96 RT. 05 RW. 07,-6.921833333,107.5834444,3 KAKI,15,-,METER,2018
1542,32,JAWA BARAT,3273,KOTA BANDUNG,3273010,BANDUNG KULON,32.73.15,BANDUNG KULON,"PT. XL AXIATA, TBK",JL. CIBOLERANG BARAT RT. 04 RW. 01,-6.951256,107.56596,4 KAKI,42,-,METER,2018
1543,32,JAWA BARAT,3273,KOTA BANDUNG,3273250,SUKASARI,32.73.01,SUKASARI,"PT. XL AXIATA, TBK",JL. SETIABUDI 249 RT. 02/RW. 04,-6.85727,107.59441,3 KAKI,52,-,METER,2018
1544,32,JAWA BARAT,3273,KOTA BANDUNG,3273080,BANDUNG KIDUL,32.73.21,BANDUNG KIDUL,"PT. XL AXIATA, TBK",JL. TERS. SURATMI KAMPUNG MENGGER RT. 03/02,-6.95706,107.62264,3 KAKI,42,-,METER,2018
1545,32,JAWA BARAT,3273,KOTA BANDUNG,3273210,CIBEUNYING KIDUL,32.73.14,CIBEUNYING KIDUL,"PT. XL AXIATA, TBK",JL. PADASUKA GG.DONGDAK RT. 05 RW. 01,-6.88764,107.66123,4 KAKI,42,-,METER,2018
1546,32,JAWA BARAT,3273,KOTA BANDUNG,3273250,SUKASARI,32.73.01,SUKASARI,"PT. XL AXIATA, TBK",JL. GEGER KALONG GIRANG RT. 05 RW. 06,-6.86205,107.58442,POLE,36,-,METER,2018
1547,32,JAWA BARAT,3273,KOTA BANDUNG,3273010,BANDUNG KULON,32.73.15,BANDUNG KULON,"PT. XL AXIATA, TBK",JL. CIJERAH NO. 111 RT. 08 RW. 04,-6.92094,107.56986,3 KAKI,25,-,METER,2018
1548,32,JAWA BARAT,3273,KOTA BANDUNG,3273030,BOJONGLOA KALER,32.73.04,BOJONGLOA KALER,"PT. XL AXIATA, TBK",JL. BABAKAN TAROGONG NO. 110,-6.9328,107.59279,3 KAKI,25,-,METER,2018
1549,32,JAWA BARAT,3273,KOTA BANDUNG,3273020,BABAKAN CIPARAY,32.73.03,BABAKAN CIPARAY,"PT. XL AXIATA, TBK",JL. PAGARSIH 302 KODYA BANDUNG.,-6.92164,107.58447,3 KAKI,20,-,METER,2018
1550,32,JAWA BARAT,3273,KOTA BANDUNG,3273020,BABAKAN CIPARAY,32.73.03,BABAKAN CIPARAY,"PT. XL AXIATA, TBK",JL. TERUSAN PASIR KOJA 195 KODYA BANDUNG,-6.92616,107.58829,POLE,36,-,METER,2018
1551,32,JAWA BARAT,3273,KOTA BANDUNG,3273170,SUMUR BANDUNG,32.73.19,SUMUR BANDUNG,"PT. XL AXIATA, TBK",JL. OTO ISKANDARDINATA NO. 43 RT. 07/RW. 02,-6.91615,107.6045,3 KAKI,25,-,METER,2018
1552,32,JAWA BARAT,3273,KOTA BANDUNG,3273200,BANDUNG WETAN,32.73.09,BANDUNG WETAN,"PT. XL AXIATA, TBK",JL. H. JUANDA (DAGO) NO. 3 RT. 01/01,-6.90606,107.61041,POLE,9,-,METER,2018
1553,32,JAWA BARAT,3273,KOTA BANDUNG,3273210,CIBEUNYING KIDUL,32.73.14,CIBEUNYING KIDUL,"PT. XL AXIATA, TBK",JL. SUPRATMAN NO. 60 BANDUNG,-6.90558,107.63112,POLE,36,-,METER,2018
1554,32,JAWA BARAT,3273,KOTA BANDUNG,3273240,SUKAJADI,32.73.07,SUKAJADI,"PT. XL AXIATA, TBK",JL. SUKAJADI NO. 180 RT. 08/RW. 02,-6.885,107.59685,POLE,15,-,METER,2018
1555,32,JAWA BARAT,3273,KOTA BANDUNG,3273020,BABAKAN CIPARAY,32.73.03,BABAKAN CIPARAY,"PT. XL AXIATA, TBK",JL. CARINGIN 287-289 NO. 287-289 RT. 01/RW. 03,-6.94379,107.57325,3 KAKI,25,-,METER,2018
1556,32,JAWA BARAT,3273,KOTA BANDUNG,3273180,ANDIR,32.73.05,ANDIR,"PT. XL AXIATA, TBK",JL. NURTANIO 115,-6.90896,107.57886,3 KAKI,25,-,METER,2018
1557,32,JAWA BARAT,3273,KOTA BANDUNG,3273260,CIDADAP,32.73.08,CIDADAP,"PT. XL AXIATA, TBK",JL. DR SETIABUDHI 170 F-G BANDUNG,-6.87222,107.59464,3 KAKI,25,-,METER,2018
1558,32,JAWA BARAT,3273,KOTA BANDUNG,3273260,CIDADAP,32.73.08,CIDADAP,"PT. XL AXIATA, TBK",JL. BUKIT RAYA SELATAN 162 RT. 03/RW. 03,-6.86249,107.60639,4 KAKI,52,-,METER,2018
1559,32,JAWA BARAT,3273,KOTA BANDUNG,3273210,CIBEUNYING KIDUL,32.73.14,CIBEUNYING KIDUL,"PT. XL AXIATA, TBK",JL. AHMAD YANI NO. 943 RT. 07/09,-6.90223,107.65671,3 KAKI,25,-,METER,2018
1560,32,JAWA BARAT,3273,KOTA BANDUNG,3273141,ANTAPANI,32.73.20,ANTAPANI,"PT. XL AXIATA, TBK",JL. SARI INDAH VB RT. 07 RW. 13,-6.92168,107.65483,3 KAKI,42,-,METER,2018
1561,32,JAWA BARAT,3273,KOTA BANDUNG,3273090,BUAHBATU,32.73.22,BUAHBATU,"PT. XL AXIATA, TBK",JL. CIWASTRA RT. 04 RW. 01,-6.95865,107.65773,3 KAKI,42,-,METER,2018
1562,32,JAWA BARAT,3273,KOTA BANDUNG,3273040,BOJONGLOA KIDUL,32.73.17,BOJONGLOA KIDUL,"PT. XL AXIATA, TBK",JL. CIPARAY TENGAH NO. 1  RT. 05 RW. 01,-6.96207,107.59291,3 KAKI,42,-,METER,2018
1563,32,JAWA BARAT,3273,KOTA BANDUNG,3273111,PANYILEUKAN,32.73.28,PANYILEUKAN,"PT. XL AXIATA, TBK",JL. MEKAR MULYA,-6.9355,107.6995,POLE,36,-,METER,2018
1564,32,JAWA BARAT,3273,KOTA BANDUNG,3273070,LENGKONG,32.73.13,LENGKONG,"PT. XL AXIATA, TBK",JL. PELAJAR PEJUANG 45 KOTA BANDUNG 40264,-6.93572,107.625,POLE,9,-,METER,2018
1565,32,JAWA BARAT,3273,KOTA BANDUNG,3273101,GEDEBAGE,32.73.27,GEDEBAGE,"PT. XL AXIATA, TBK",JL. GEDE BAGE SELATAN NO. 167,-6.95372,107.68692,3 KAKI,42,-,METER,2018
1566,32,JAWA BARAT,3273,KOTA BANDUNG,3273010,BANDUNG KULON,32.73.15,BANDUNG KULON,"PT. XL AXIATA, TBK",JL. HOLIS RT. 07 RW. 07,-6.9308,107.57296,3 KAKI,52,-,METER,2018
1567,32,JAWA BARAT,3273,KOTA BANDUNG,3273230,COBLONG,32.73.02,COBLONG,"PT. XL AXIATA, TBK",JL. TUBAGUS ISMAIL GG. CIHEULANG NO. 53 RT. 04/RW. 11,-6.88577,107.61964,4 KAKI,42,-,METER,2018
1568,32,JAWA BARAT,3273,KOTA BANDUNG,3273120,UJUNG BERUNG,32.73.26,UJUNGBERUNG,"PT. XL AXIATA, TBK",JL. CIKOANG KIDUL RT. 04 RW. 04,-6.90543,107.70069,4 KAKI,42,-,METER,2018
1569,32,JAWA BARAT,3273,KOTA BANDUNG,3273210,CIBEUNYING KIDUL,32.73.14,CIBEUNYING KIDUL,"PT. XL AXIATA, TBK",JL. LAPANGAN GOLF DAGO ATAS NO. 78,-6.86768,107.62442,4 KAKI,42,-,METER,2018
1570,32,JAWA BARAT,3273,KOTA BANDUNG,3273100,RANCASARI,32.73.23,RANCASARI,"PT. XL AXIATA, TBK",JL. CIMAPAKOLAN NO. 71 RT. 01/RW. 02,-6.94733,107.67649,3 KAKI,42,-,METER,2018
1571,32,JAWA BARAT,3273,KOTA BANDUNG,3273210,CIBEUNYING KIDUL,32.73.14,CIBEUNYING KIDUL,"PT. XL AXIATA, TBK",JL. CIKUTRA NO. 10 RT. 01 / RW. 08,-6.90798,107.64388,3 KAKI,25,-,METER,2018
1572,32,JAWA BARAT,3273,KOTA BANDUNG,3273141,ANTAPANI,32.73.20,ANTAPANI,"PT. XL AXIATA, TBK",JL. SINDANG SARI III RT. 03 RW. 13,-6.9087,107.66432,3 KAKI,42,-,METER,2018
1573,32,JAWA BARAT,3273,KOTA BANDUNG,3273120,UJUNG BERUNG,32.73.26,UJUNGBERUNG,"PT. XL AXIATA, TBK",JL. PALEDANG III RT. 04 RW. 06,-6.9118,107.7119,3 KAKI,42,-,METER,2018
1574,32,JAWA BARAT,3273,KOTA BANDUNG,3273190,CICENDO,32.73.06,CICENDO,"PT. XL AXIATA, TBK",JL. BOING KOMPLEK TNI AU,-6.89499,107.57306,POLE,36,-,METER,2018
1575,32,JAWA BARAT,3273,KOTA BANDUNG,3273220,CIBEUNYING KALER,32.73.18,CIBEUNYING KALER,"PT. XL AXIATA, TBK",JL. GAGAK RT. 01 RW. 03,-6.89721,107.62515,3 KAKI,52,-,METER,2018
1576,32,JAWA BARAT,3273,KOTA BANDUNG,3273260,CIDADAP,32.73.08,CIDADAP,"PT. XL AXIATA, TBK",JL. KAPT. ABDUL HAMID NO. 145 RT. 003 RW. 01,-6.8661,107.59703,POLE,36,-,METER,2018
1577,32,JAWA BARAT,3273,KOTA BANDUNG,3273010,BANDUNG KULON,32.73.15,BANDUNG KULON,"PT. XL AXIATA, TBK",JL. JATI GEMPOL SARI RT. 07 RW. 09,-6.93449,107.55415,3 KAKI,42,-,METER,2018
1578,32,JAWA BARAT,3273,KOTA BANDUNG,3273050,ASTANAANYAR,32.73.10,ASTANA ANYAR,"PT. XL AXIATA, TBK","JL. KOPO NO. 13 BANDUNG TOKO MAS ""SAE",-6.92727,107.59805,POLE,12,-,METER,2018
1579,32,JAWA BARAT,3273,KOTA BANDUNG,3273200,BANDUNG WETAN,32.73.09,BANDUNG WETAN,"PT. XL AXIATA, TBK",JL. L.L.E MARTADINATA (RIAU) NO. 56 - GRAND HOTEL SERELA,-6.90631,107.61998,POLE,9,-,METER,2018
1580,32,JAWA BARAT,3273,KOTA BANDUNG,3273240,SUKAJADI,32.73.07,SUKAJADI,"PT. XL AXIATA, TBK",JL. PASIR KALIKI (HOS COKROAMINOTO) NO. 237 RT. 002/011,-6.897327,107.597103,POLE,36,-,METER,2018
1581,32,JAWA BARAT,3273,KOTA BANDUNG,3273100,RANCASARI,32.73.23,RANCASARI,"PT. XL AXIATA, TBK",JL. DERWATI NO. 60 RT. 05 RW. 05,-6.96576,107.68476,3 KAKI,42,-,METER,2018
1582,32,JAWA BARAT,3273,KOTA BANDUNG,3273111,PANYILEUKAN,32.73.28,PANYILEUKAN,"PT. XL AXIATA, TBK",JL. AH. NASUTION NO. 14 RT. 01 RW. 07 - BENGKEL CEMERLANG,-6.92489,107.70982,3 KAKI,42,-,METER,2018
1583,32,JAWA BARAT,3273,KOTA BANDUNG,3273050,ASTANAANYAR,32.73.10,ASTANA ANYAR,"PT. XL AXIATA, TBK",JL. CIBADAK GG. NYI EMPOK NO. 1,-6.92174,107.59381,POLE,36,-,METER,2018
1584,32,JAWA BARAT,3273,KOTA BANDUNG,3273070,LENGKONG,32.73.13,LENGKONG,"PT. XL AXIATA, TBK",JL. PUNGKUR NO. 49,-6.927046,107.605327,3 KAKI,25,-,METER,2018
1585,32,JAWA BARAT,3273,KOTA BANDUNG,3273070,LENGKONG,32.73.13,LENGKONG,"PT. XL AXIATA, TBK",JL. KETAPANG NO. 4 KODYA BANDUNG,-6.92172,107.61948,3 KAKI,25,-,METER,2018
1586,32,JAWA BARAT,3273,KOTA BANDUNG,3273070,LENGKONG,32.73.13,LENGKONG,"PT. XL AXIATA, TBK",JL. TERUSAN HALIMUN NO. 37 BANDUNG,-6.92649,107.62653,3 KAKI,25,-,METER,2018
1587,32,JAWA BARAT,3273,KOTA BANDUNG,3273160,BATUNUNGGAL,32.73.12,BATUNUNGGAL,"PT. XL AXIATA, TBK",JL. AHMAD YANI NO. 326 RT. 01/ RW. 07 BANDUNG,-6.9134,107.63497,3 KAKI,25,-,METER,2018
1588,32,JAWA BARAT,3273,KOTA BANDUNG,3273070,LENGKONG,32.73.13,LENGKONG,PT. PERMATA KARYA PERDANA,JL. KARAPITAN NO. 112 RT. 06 RW. 01,10761688.0,-6.92658,POLE,12,-,METER,2018
1589,32,JAWA BARAT,3273,KOTA BANDUNG,3273070,LENGKONG,32.73.13,LENGKONG,PT. PERMATA KARYA PERDANA,JL. RAYA RT. 06/05,107.61984,-693844.0,POLE,18,-,METER,2018
1590,32,JAWA BARAT,3273,KOTA BANDUNG,3273220,CIBEUNYING KALER,32.73.18,CIBEUNYING KALER,PT. PERMATA KARYA PERDANA,JL. CIGADUNG RAYA TIMUR NO. 42,107.63017,-68898.0,POLE,16,-,METER,2018
1591,32,JAWA BARAT,3273,KOTA BANDUNG,3273100,RANCASARI,32.73.23,RANCASARI,PT. PERMATA KARYA PERDANA,RIUNG HEGAR MANAH RT. 07,107.87898,-694265.0,POLE,18,-,METER,2018
1592,32,JAWA BARAT,3273,KOTA BANDUNG,3273101,GEDEBAGE,32.73.27,GEDEBAGE,PT. PERMATA KARYA PERDANA,JL. GEDEBAGE SELATAN NO. 205 RT. 03/ RW. 01,107.68687,-6.957,POLE,18,-,METER,2018
1593,32,JAWA BARAT,3273,KOTA BANDUNG,3273090,BUAHBATU,32.73.22,BUAHBATU,PT. PERMATA KARYA PERDANA,JL. JUPITER IX RT. 06 RW. 02,107.66022,-6.94584,POLE,18,-,METER,2018
1594,32,JAWA BARAT,3273,KOTA BANDUNG,3273120,UJUNG BERUNG,32.73.26,UJUNGBERUNG,PT. PERMATA KARYA PERDANA,JL. KOSAR RT. 08/ RW. 07,107.69139,-6.90082,POLE,21,-,METER,2018
1595,32,JAWA BARAT,3273,KOTA BANDUNG,3273190,CICENDO,32.73.06,CICENDO,PT. PERMATA KARYA PERDANA,JL. OTO ISKANDAR DINATA NO. 20 RT. 01 RW. 10,107.60425,-6.913734,4 KAKI,21,-,METER,2018
1596,32,JAWA BARAT,3273,KOTA BANDUNG,3273180,ANDIR,32.73.05,ANDIR,PT. PERMATA KARYA PERDANA,JL. L.M NURTANIO RT. 02 RW. 05,107.5783,-6.90904,POLE,11,-,METER,2018
1597,32,JAWA BARAT,3273,KOTA BANDUNG,3273020,BABAKAN CIPARAY,32.73.03,BABAKAN CIPARAY,PT. PERMATA KARYA PERDANA,JL. MAKAM CARINGIN RT. 08 RW. 02,107.58089,-6.96251,POLE,17,-,METER,2018
1598,32,JAWA BARAT,3273,KOTA BANDUNG,3273150,KIARACONDONG,32.73.16,KIARACONDONG,PT. PROTELINDO,JL. BABAKAN SARI,107.64486,-6.92192,ROOFTOP MT,28,-,METER,2019
1599,32,JAWA BARAT,3273,KOTA BANDUNG,3273200,BANDUNG WETAN,32.73.09,BANDUNG WETAN,PT. PROTELINDO,JL. PROGO NO. 6,107.61746,-6.90516,MONOPOLE,42,-,METER,2019
1600,32,JAWA BARAT,3273,KOTA BANDUNG,3273070,LENGKONG,32.73.13,LENGKONG,PT. PROTELINDO,JL. SOEKARNO-HATTA NO. 489-491,107.62531,-6.94917,SST,42,-,METER,2019
1601,32,JAWA BARAT,3273,KOTA BANDUNG,3273160,BATUNUNGGAL,32.73.12,BATUNUNGGAL,PT. PROTELINDO,JL. JEND. A YANI NO. 358 RT. 003/07 KODEPOS 40271,107.63664,-6.91247,ROOFTOP MT,40,-,METER,2019
1602,32,JAWA BARAT,3273,KOTA BANDUNG,3273210,CIBEUNYING KIDUL,32.73.14,CIBEUNYING KIDUL,PT. PROTELINDO,JL. CIKUTRA NO. 31 RT. 01 RW. 10,107.64369,-6.90508,ROOFTOP MT,20,-,METER,2019
1603,32,JAWA BARAT,3273,KOTA BANDUNG,3273200,BANDUNG WETAN,32.73.09,BANDUNG WETAN,PT. PROTELINDO,JL. PAJAJARAN NO. 28 RT. 06 RW. 18,107.60527,-6.90693,ROOFTOP MT,25,-,METER,2019
1604,32,JAWA BARAT,3273,KOTA BANDUNG,3273230,COBLONG,32.73.02,COBLONG,PT. PROTELINDO,JL. GANESHA NO. 7 RT. 03 RW. 04,107.61098,-6.89422,POLE,12,-,METER,2019
1605,32,JAWA BARAT,3273,KOTA BANDUNG,3273220,CIBEUNYING KALER,32.73.18,CIBEUNYING KALER,PT. PROTELINDO,"APOTIK LIA FARMA,JL.  SURAPATI NO. 68 RT. 02 RW. 04",107.62832,-6.90008,POLE,6,-,METER,2019
1606,32,JAWA BARAT,3273,KOTA BANDUNG,3273090,BUAHBATU,32.73.22,BUAHBATU,PT. PROTELINDO,JL. CIJAWURA GIRANG RAYA RT. 01 RW.  014,107.64861,-6.9442,SST,30,-,METER,2019
1607,32,JAWA BARAT,3273,KOTA BANDUNG,3273210,CIBEUNYING KIDUL,32.73.14,CIBEUNYING KIDUL,PT. PROTELINDO,JL.  JEND. AHMAD YANI NO. 535 A RT. 01 RW. 01,107.64167,-6.90932,ROOFTOP MT,20,-,METER,2019
1608,32,JAWA BARAT,3273,KOTA BANDUNG,3273240,SUKAJADI,32.73.07,SUKAJADI,PT. PROTELINDO,JL. SUKAGALIH NO. 70 RT. 03 RW. 07,107.59229,-6.89227,POLE,12,-,METER,2019
1609,32,JAWA BARAT,3273,KOTA BANDUNG,3273250,SUKASARI,32.73.01,SUKASARI,PT. PROTELINDO,JL. BUNGUR NO. 41,107.59396,-6.87837,SST,42,-,METER,2019
1610,32,JAWA BARAT,3273,KOTA BANDUNG,3273210,CIBEUNYING KIDUL,32.73.14,CIBEUNYING KIDUL,PT. PROTELINDO,JL.  JEND. AHMAD YANI NO. 435 RT. 01 RW. 02,107.63926,-6.91061,POLE,12,-,METER,2019
1611,32,JAWA BARAT,3273,KOTA BANDUNG,3273130,ARCAMANIK,32.73.24,ARCAMANIK,PT. PROTELINDO,JL. KOMP. CISARANTEN INDAH NO. 46/170 RT. 03 RW. 01,107.6843,-6.91926,MONOPOLE,25,-,METER,2019
1612,32,JAWA BARAT,3273,KOTA BANDUNG,3273040,BOJONGLOA KIDUL,32.73.17,BOJONGLOA KIDUL,PT. PROTELINDO,JL. CIBADUYUT RAYA NO. 85-87 KEBONLEGA,107.5941,-6.95068,POLE,6,-,METER,2019
1613,32,JAWA BARAT,3273,KOTA BANDUNG,3273190,CICENDO,32.73.06,CICENDO,PT. PROTELINDO,KOMPLEK ISTANA PASTEUR REGENCY RT. 05 RW. 06,107.57563,-6.89108,POLE,12,-,METER,2019
1614,32,JAWA BARAT,3273,KOTA BANDUNG,3273040,BOJONGLOA KIDUL,32.73.17,BOJONGLOA KIDUL,PT. PROTELINDO,JL. KARASAK BARAT NO. 5B RT. 01 RW. 09,107.60233,-6.94882,POLE,9,-,METER,2019
1615,32,JAWA BARAT,3273,KOTA BANDUNG,3273200,BANDUNG WETAN,32.73.09,BANDUNG WETAN,PT. PROTELINDO,JL. CITARUM NO. 16 RT. 001 RW. 003,107.62306,-6.90441,POLE,6,-,METER,2019
1616,32,JAWA BARAT,3273,KOTA BANDUNG,3273120,UJUNG BERUNG,32.73.26,UJUNGBERUNG,PT. PROTELINDO,JL. KP. SEKEBURUY,107.70932,-6.89748,SST,30,-,METER,2019
1617,32,JAWA BARAT,3273,KOTA BANDUNG,3273100,RANCASARI,32.73.23,RANCASARI,PT. PROTELINDO,JL. MERKURI TENGAH X NO. 2 RT. 07 RW. 08,107.66717,-6.9462,POLE,12,-,METER,2019
1618,32,JAWA BARAT,3273,KOTA BANDUNG,3273120,UJUNG BERUNG,32.73.26,UJUNGBERUNG,PT. PROTELINDO,GG. KP. BABAKAN TEUREUP RT. 04 RW. 10,107.71071,-6.9042,SST,25,-,METER,2019
1619,32,JAWA BARAT,3273,KOTA BANDUNG,3273070,LENGKONG,32.73.13,LENGKONG,PT. PROTELINDO,JL. BUAHBATU 184 RT. 001 RW. 001,107.62486,-6.93944,POLE,12,-,METER,2019
1620,32,JAWA BARAT,3273,KOTA BANDUNG,3273100,RANCASARI,32.73.23,RANCASARI,PT. PROTELINDO,JL. SATURNUS TENGAH NO. 2 RT. 004 RW. 015,107.66541,-6.95243,POLE,12,-,METER,2019
1621,32,JAWA BARAT,3273,KOTA BANDUNG,3273200,BANDUNG WETAN,32.73.09,BANDUNG WETAN,PT. PROTELINDO,JL. CIHAMPELAS NO. 76A RT. 002 RW. 009,107.60431,-6.90114,ROOFTOP MT,20,-,METER,2019
1622,32,JAWA BARAT,3273,KOTA BANDUNG,3273260,CIDADAP,32.73.08,CIDADAP,PT. PROTELINDO,JL. CIPAKU INDAH 3 NO. 11,107.59969,-6.86406,POLE,6,-,METER,2019
1623,32,JAWA BARAT,3273,KOTA BANDUNG,3273180,ANDIR,32.73.05,ANDIR,PT. PROTELINDO,JL. BABAKAN CIANJUR GG. SEDAP MALAM II RT. 03 RW. 07,107.56534,-6.89375,MONOPOLE,18,-,METER,2019
1624,32,JAWA BARAT,3273,KOTA BANDUNG,3273100,RANCASARI,32.73.23,RANCASARI,PT. PROTELINDO,JL. MERKURI RAYA BLOK Q 40-42 MARGAHAYU RAYA METRO,107.66845,-6.94578,CAMOUFLAGE,6,-,METER,2019
1625,32,JAWA BARAT,3273,KOTA BANDUNG,3273120,UJUNG BERUNG,32.73.26,UJUNGBERUNG,PT. PROTELINDO,"JL. NEGLASARI I NO. 17, RT. 04 RW. 04",107.70779,-6.91611,MONOPOLE,18,-,METER,2019
1626,32,JAWA BARAT,3273,KOTA BANDUNG,3273090,BUAHBATU,32.73.22,BUAHBATU,PT. PROTELINDO,"JL. MARGACINTA NO. 52 A, RT. 01 RW. 04",107.64299,-6.95494,CAMOUFLAGE,6,-,METER,2019
1627,32,JAWA BARAT,3273,KOTA BANDUNG,3273142,MANDALAJATI,32.73.30,MANDALAJATI,PT. PROTELINDO,JL. PASIR IMPUN RT. 01/RW. 12,107.67628,-6.89659,SST,42,-,METER,2019
1628,32,JAWA BARAT,3273,KOTA BANDUNG,3273200,BANDUNG WETAN,32.73.09,BANDUNG WETAN,PT. PROTELINDO,JL. CIHAMPELAS NO. 70 RT. 02 RW. 09,107.60459,-6.90158,ROOFTOP MT,20,-,METER,2019
1629,32,JAWA BARAT,3273,KOTA BANDUNG,3273040,BOJONGLOA KIDUL,32.73.17,BOJONGLOA KIDUL,PT. PROTELINDO,JL. KOMPLEK MEKAR WANGI RT. 3 RW. 3,107.59968,-6.95328,SST,42,-,METER,2019
1630,32,JAWA BARAT,3273,KOTA BANDUNG,0,-,0,-,PT. PROTELINDO,GG. BANYU BIRU,107.66438,-6.9652,SST,42,-,METER,2019
1631,32,JAWA BARAT,3273,KOTA BANDUNG,3273050,ASTANAANYAR,32.73.10,ASTANA ANYAR,"PT. PROTELINDO, TBK",JL. PAGARSIH NO. 21,107.59714,-6.92325,4 KAKI,30,-,METER,2019
1632,32,JAWA BARAT,3273,KOTA BANDUNG,3273240,SUKAJADI,32.73.07,SUKAJADI,"PT. PROTELINDO, TBK",JL. DR. DJUNJUNAN,107.59528,-6.89931,3 KAKI,30,-,METER,2019
1633,32,JAWA BARAT,3273,KOTA BANDUNG,3273190,CICENDO,32.73.06,CICENDO,"PT. PROTELINDO, TBK",JL. DR. ABDUL RIVAI NO. 1,107.60364,-6.90461,3 KAKI,25,-,METER,2019
1634,32,JAWA BARAT,3273,KOTA BANDUNG,3273090,BUAHBATU,32.73.22,BUAHBATU,"PT. PROTELINDO, TBK",JL. SOEKARNO-HATTA NO. 689,107.65855,-6.93917,4 KAKI,42,-,METER,2019
1635,32,JAWA BARAT,3273,KOTA BANDUNG,3273150,KIARACONDONG,32.73.16,KIARACONDONG,"PT. PROTELINDO, TBK",JL. SANGGAR KENCANA III RT. 05 RW. 09,107.66752,-6.93489,3 KAKI,36,-,METER,2019
1636,32,JAWA BARAT,3273,KOTA BANDUNG,3273150,KIARACONDONG,32.73.16,KIARACONDONG,"PT. PROTELINDO, TBK",JL. TERUSAN JAKARTA,107.64974,-6.91339,3 KAKI,35,-,METER,2019
1637,32,JAWA BARAT,3273,KOTA BANDUNG,3273210,CIBEUNYING KIDUL,32.73.14,CIBEUNYING KIDUL,"PT. PROTELINDO, TBK",TERUSAN JALAN JAKARTA RT. 03 RW. 07 KODE POS 40291,107.66006,-6.91344,3 KAKI,35,-,METER,2019
1638,32,JAWA BARAT,3273,KOTA BANDUNG,3273210,CIBEUNYING KIDUL,32.73.14,CIBEUNYING KIDUL,"PT. PROTELINDO, TBK",JL. CIBODAS BARU RT. 002 RW. 022  KODE POS 40291,107.66467,-6.92014,3 KAKI,30,-,METER,2019
1639,32,JAWA BARAT,3273,KOTA BANDUNG,3273130,ARCAMANIK,32.73.24,ARCAMANIK,"PT. PROTELINDO, TBK",JL. CISARANTEN BARU  RT/RW.  06/01 KODE POS 40293,107.67975,-6.91872,3 KAKI,45,-,METER,2019
1640,32,JAWA BARAT,3273,KOTA BANDUNG,3273020,BABAKAN CIPARAY,32.73.03,BABAKAN CIPARAY,"PT. PROTELINDO, TBK",JL. PESANTREN RT/RW. 5/4 KODE POS 40277,107.586,-6.95806,3 KAKI,30,-,METER,2019
1641,32,JAWA BARAT,3273,KOTA BANDUNG,3273120,UJUNG BERUNG,32.73.26,UJUNGBERUNG,"PT. PROTELINDO, TBK",JL. RUMAH SAKIT NO. 163 RT. 001 RW. 007,107.69311,-6.934,3 KAKI,45,-,METER,2019
1642,32,JAWA BARAT,3273,KOTA BANDUNG,3273020,BABAKAN CIPARAY,32.73.03,BABAKAN CIPARAY,"PT. PROTELINDO, TBK",JL. CIBOLERANG NO. 219 RT/RW. 002/008 KODE POS 40224,107.56964,-6.9496,3 KAKI,46,-,METER,2019
1643,32,JAWA BARAT,3273,KOTA BANDUNG,3273100,RANCASARI,32.73.23,RANCASARI,"PT. PROTELINDO, TBK",JL. GEDEBAGE SELATAN NO. 189 RT. 005/02 KODEPOS 40295,107.68672,-6.95539,3 KAKI,45,-,METER,2019
1644,32,JAWA BARAT,3273,KOTA BANDUNG,3273150,KIARACONDONG,32.73.16,KIARACONDONG,"PT. PROTELINDO, TBK",GANG SEKOLAH II RT/RW. 03/02 KODE POS 40283,107.64558,-6.91872,3 KAKI,35,-,METER,2019
1645,32,JAWA BARAT,3273,KOTA BANDUNG,3273030,BOJONGLOA KALER,32.73.04,BOJONGLOA KALER,"PT. PROTELINDO, TBK",JL.  AMD 10 NO. 17 A RT. 006 RW. 007  KODE POS  40232,107.59183,-6.93055,3 KAKI,35,-,METER,2019
1646,32,JAWA BARAT,3273,KOTA BANDUNG,3273020,BABAKAN CIPARAY,32.73.03,BABAKAN CIPARAY,"PT. PROTELINDO, TBK",JL. SOEKARNO HATTA /H. HASAN II NO. 17 RT. 01/07 KODEPOS 40223,107.57758,-6.93847,3 KAKI,35,-,METER,2019
1647,32,JAWA BARAT,3273,KOTA BANDUNG,3273040,BOJONGLOA KIDUL,32.73.17,BOJONGLOA KIDUL,"PT. PROTELINDO, TBK",JL. CIBADUYUT RAYA NO. 55A RT. 01 RW. 10,107.59406,-6.94964,3 KAKI,20,-,METER,2019
1648,32,JAWA BARAT,3273,KOTA BANDUNG,3273060,REGOL,32.73.11,REGOL,"PT. PROTELINDO, TBK",JL. DENKI SELATAN V NO. 38 RT. 05/02 KODEPOS 40255,107.61175,-6.94728,3 KAKI,35,-,METER,2019
1649,32,JAWA BARAT,3273,KOTA BANDUNG,3273120,UJUNG BERUNG,32.73.26,UJUNGBERUNG,"PT. PROTELINDO, TBK",JL. A.H. NASUTION NO. 1 KM 9 RT. 01 RW. 01 KODE POS 40619,107.68728,-6.90725,3 KAKI,35,-,METER,2019
1650,32,JAWA BARAT,3273,KOTA BANDUNG,3273110,CIBIRU,32.73.25,CIBIRU,"PT. PROTELINDO, TBK",JL. MANISI,107.72021,-6.92799,3 KAKI,36,-,METER,2019
1651,32,JAWA BARAT,3273,KOTA BANDUNG,3273230,COBLONG,32.73.02,COBLONG,"PT. PROTELINDO, TBK",KOMPLEK PONDOK PESANTREN MIFTAHUL KHOIR DAGO,107.6218,-6.87995,3 KAKI,46,-,METER,2019
1652,32,JAWA BARAT,3273,KOTA BANDUNG,3273090,BUAHBATU,32.73.22,BUAHBATU,"PT. PROTELINDO, TBK",JL. RANCABOLANG NO. 16,107.66242,-6.94628,4 KAKI,35,-,METER,2019
1653,32,JAWA BARAT,3273,KOTA BANDUNG,3273240,SUKAJADI,32.73.07,SUKAJADI,"PT. PROTELINDO, TBK",JL. CIPEDES TENGAH NO. 15,107.59047,-6.88853,3 KAKI,45,-,METER,2019
1654,32,JAWA BARAT,3273,KOTA BANDUNG,3273110,CIBIRU,32.73.25,CIBIRU,"PT. PROTELINDO, TBK",JL. SINDANGSARI RT. 03 RW. 04 KODE POS 40614,107.7028,-6.91755,3 KAKI,35,-,METER,2019
1655,32,JAWA BARAT,3273,KOTA BANDUNG,3273100,RANCASARI,32.73.23,RANCASARI,"PT. PROTELINDO, TBK",JL. /GANG CIWASTRA RT. 02 RW. 06,107.66931,-6.9624,3 KAKI,38,-,METER,2019
1656,32,JAWA BARAT,3273,KOTA BANDUNG,3273150,KIARACONDONG,32.73.16,KIARACONDONG,"PT. PROTELINDO, TBK",JL. JEND. AHMAD YANI,107.65456,-6.90306,POLE,12,-,METER,2019
1657,32,JAWA BARAT,3273,KOTA BANDUNG,3273060,REGOL,32.73.11,REGOL,"PT. PROTELINDO, TBK",JL. MOCHAMAD RAMDHAN NO. 90 RT. 07/03 KODE POS 40252,107.61061,-6.93603,4 KAKI,60,-,METER,2019
1658,32,JAWA BARAT,3273,KOTA BANDUNG,3273130,ARCAMANIK,32.73.24,ARCAMANIK,"PT. PROTELINDO, TBK",JL. CINGISED RAYA GANG ULIL ALBAB NO. 1 RT. 03 RW. 16 KODE POS 40293,107.67297,-6.92879,3 KAKI,30,-,METER,2019
1659,32,JAWA BARAT,3273,KOTA BANDUNG,3273150,KIARACONDONG,32.73.16,KIARACONDONG,"PT. PROTELINDO, TBK",JL. LEMAH KHEGAR TIMUR RT. 004 RW. 04 KODE POS 40285,107.65436,-6.93048,4 KAKI,36,-,METER,2019
1660,32,JAWA BARAT,3273,KOTA BANDUNG,3273200,BANDUNG WETAN,32.73.09,BANDUNG WETAN,"PT. PROTELINDO, TBK",JL. IR. H. JUANDA NO. 61-63,107.61165,-6.90074,POLE,25,-,METER,2019
1661,32,JAWA BARAT,3273,KOTA BANDUNG,3273090,BUAHBATU,32.73.22,BUAHBATU,"PT. PROTELINDO, TBK",JL. CIDURIAN BARU 17 RT. 04 RW. 05 KODE POS 40286,107.65452,-6.9397,3 KAKI,35,-,METER,2019
1662,32,JAWA BARAT,3273,KOTA BANDUNG,3273020,BABAKAN CIPARAY,32.73.03,BABAKAN CIPARAY,"PT. PROTELINDO, TBK",JL. JAMIKA NO. 118 RT. 05 RW. 06 KODE POS 40221,107.5855,-6.92375,3 KAKI,23,-,METER,2019
1663,32,JAWA BARAT,3273,KOTA BANDUNG,3273030,BOJONGLOA KALER,32.73.04,BOJONGLOA KALER,"PT. PROTELINDO, TBK",JL. BABAKAN CIPARAY  NO. 195 RT. 07 RW. 07 KODE POS 40233,107.58497,-6.93266,3 KAKI,35,-,METER,2019
1664,32,JAWA BARAT,3273,KOTA BANDUNG,3273040,BOJONGLOA KIDUL,32.73.17,BOJONGLOA KIDUL,"PT. PROTELINDO, TBK",JL. K.H WAHID HASIM NO. 235 RT. 02 RW. 06 KODE POS 40234,107.59364,-6.93964,3 KAKI,20,-,METER,2019
1665,32,JAWA BARAT,3273,KOTA BANDUNG,3273030,BOJONGLOA KALER,32.73.04,BOJONGLOA KALER,"PT. PROTELINDO, TBK",JL. PUSRI RT. 04 RW. 11 KODE POS 40233,107.58635,-6.94245,3 KAKI,35,-,METER,2019
1666,32,JAWA BARAT,3273,KOTA BANDUNG,3273050,ASTANAANYAR,32.73.10,ASTANA ANYAR,"PT. PROTELINDO, TBK",KOMPLEK KURDI REGENCY NO. 40 B RT. 02 RW. 06  KODE POS 40243,107.60352,-6.94173,3 KAKI,20,-,METER,2019
1667,32,JAWA BARAT,3273,KOTA BANDUNG,3273070,LENGKONG,32.73.13,LENGKONG,"PT. PROTELINDO, TBK",JL. BUAH BATU NO. 47A RT. 04 RW. 11 KODE POS 40262,107.61891,-6.93257,3 KAKI,23,-,METER,2019
1668,32,JAWA BARAT,3273,KOTA BANDUNG,3273050,ASTANAANYAR,32.73.10,ASTANA ANYAR,"PT. PROTELINDO, TBK",JL. OTO ISKANDARDINATA,107.60378,-6.92269,3 KAKI,25,-,METER,2019
1669,32,JAWA BARAT,3273,KOTA BANDUNG,3273100,RANCASARI,32.73.23,RANCASARI,"PT. PROTELINDO, TBK",JL. CIPAMOKOLAN NO. 38 RT.    04 RW.  08 KODE POS 40292,107.67685,-6.94867,3 KAKI,35,-,METER,2019
1670,32,JAWA BARAT,3273,KOTA BANDUNG,3273090,BUAHBATU,32.73.22,BUAHBATU,"PT. PROTELINDO, TBK",KP. MARGALUYU,107.6511,-6.95275,3 KAKI,45,-,METER,2019
1671,32,JAWA BARAT,3273,KOTA BANDUNG,3273070,LENGKONG,32.73.13,LENGKONG,"PT. PROTELINDO, TBK",JL. JEND. AHMAD YANI,107.62222,-6.92009,4 KAKI,25,-,METER,2019
1672,32,JAWA BARAT,3273,KOTA BANDUNG,3273010,BANDUNG KULON,32.73.15,BANDUNG KULON,"PT. PROTELINDO, TBK",JL. HOLIS NO. 4 RT. 04 RW. 03,107.57602,-6.91787,3 KAKI,20,-,METER,2019
1673,32,JAWA BARAT,3273,KOTA BANDUNG,3273080,BANDUNG KIDUL,32.73.21,BANDUNG KIDUL,"PT. PROTELINDO, TBK",JL. CIPARAY,107.64347,-6.95979,3 KAKI,36,-,METER,2019
1674,32,JAWA BARAT,3273,KOTA BANDUNG,3273210,CIBEUNYING KIDUL,32.73.14,CIBEUNYING KIDUL,"PT. PROTELINDO, TBK",JL. CITAMIANG  NO. 55 RT. 01 RW. 07,107.63478,-6.9078,4 KAKI,18,-,METER,2019
1675,32,JAWA BARAT,3273,KOTA BANDUNG,3273240,SUKAJADI,32.73.07,SUKAJADI,"PT. PROTELINDO, TBK",JL. SEDERHANA 67 PASTEUR,107.59908,-6.89214,POLE,12,-,METER,2019
1676,32,JAWA BARAT,3273,KOTA BANDUNG,3273010,BANDUNG KULON,32.73.15,BANDUNG KULON,"PT. PROTELINDO, TBK",JL. KP. BLOK JAMBANGAN RT. 02 RW. 10,107.56168,-6.9373,3 KAKI,36,-,METER,2019
1677,32,JAWA BARAT,3273,KOTA BANDUNG,3273150,KIARACONDONG,32.73.16,KIARACONDONG,"PT. PROTELINDO, TBK",JL. SETRAWANGI RAYA NO. 10 RT. 04 RW. 15,107.65269,-6.91863,4 KAKI,15,-,METER,2019
1678,32,JAWA BARAT,3273,KOTA BANDUNG,3273250,SUKASARI,32.73.01,SUKASARI,"PT. PROTELINDO, TBK",JL. NEGLA UTARA RT. 05 RW. 04,107.59413,-6.85457,4 KAKI,25,-,METER,2019
1679,32,JAWA BARAT,3273,KOTA BANDUNG,3273090,BUAHBATU,32.73.22,BUAHBATU,"PT. PROTELINDO, TBK",JL. KAWALUYAAN RT. 006 RW. 006,107.66224,-6.93728,4 KAKI,25,-,METER,2019
1680,32,JAWA BARAT,3273,KOTA BANDUNG,3273250,SUKASARI,32.73.01,SUKASARI,"PT. PROTELINDO, TBK",JL. CILANDAK RT. 04 RW. 05,107.58093,-6.8757,3 KAKI,22,-,METER,2019
1681,32,JAWA BARAT,3273,KOTA BANDUNG,3273240,SUKAJADI,32.73.07,SUKAJADI,"PT. PROTELINDO, TBK",JL. SUKAJADI NO. 140 RT. 01 RW. 06,107.59732,-6.88949,4 KAKI,15,-,METER,2019
1682,32,JAWA BARAT,3273,KOTA BANDUNG,3273110,CIBIRU,32.73.25,CIBIRU,"PT. PROTELINDO, TBK",JL. CILENGKRANG RT. 04 RW. 05,107.71944,-6.91299,3 KAKI,53,-,METER,2019
1683,32,JAWA BARAT,3273,KOTA BANDUNG,3273220,CIBEUNYING KALER,32.73.18,CIBEUNYING KALER,"PT. PROTELINDO, TBK",JL. GAGAK NO. 126 RT. 001 RW. 004,107.62787,-6.89575,4 KAKI,25,-,METER,2019
1684,32,JAWA BARAT,3273,KOTA BANDUNG,3273142,MANDALAJATI,32.73.30,MANDALAJATI,"PT. PROTELINDO, TBK",JL. SIRNAGALIH B-15 RT. 01 RW. 08,107.65751,-6.8968,POLE,15,-,METER,2019
1685,32,JAWA BARAT,3273,KOTA BANDUNG,3273040,BOJONGLOA KIDUL,32.73.17,BOJONGLOA KIDUL,"PT. PROTELINDO, TBK",JL. CIBADUYUT RAYA NO. 142 RT. 001 RW. 005,107.59255,-6.95623,3 KAKI,30,-,METER,2019
1686,32,JAWA BARAT,3273,KOTA BANDUNG,3273101,GEDEBAGE,32.73.27,GEDEBAGE,"PT. PROTELINDO, TBK",JL. RANCANUMPANG RT. 03 RW. 02,107.70626,-6.95754,3 KAKI,40,-,METER,2019
1687,32,JAWA BARAT,3273,KOTA BANDUNG,3273260,CIDADAP,32.73.08,CIDADAP,"PT. PROTELINDO, TBK",JL. KP. CIKADU RT. 01 RW. 11,107.60169,-6.85761,3 KAKI,30,-,METER,2019
1688,32,JAWA BARAT,3273,KOTA BANDUNG,3273200,BANDUNG WETAN,32.73.09,BANDUNG WETAN,"PT. PROTELINDO, TBK",JL. R.E MARTADINATA NO. 28 RT. 02 RW. 01,107.61574,-6.90665,POLE,12,-,METER,2019
1689,32,JAWA BARAT,3273,KOTA BANDUNG,3273220,CIBEUNYING KALER,32.73.18,CIBEUNYING KALER,"PT. PROTELINDO, TBK",-,107.62822,-6.88768,POLE,6,-,METER,2019
1690,32,JAWA BARAT,3273,KOTA BANDUNG,3273111,PANYILEUKAN,32.73.28,PANYILEUKAN,"PT. PROTELINDO, TBK",JL. ANYELIR I NO. 22 RT. 04 RW. 12,107.70866,-6.94345,3 KAKI,35,-,METER,2019
1691,32,JAWA BARAT,3273,KOTA BANDUNG,3273040,BOJONGLOA KIDUL,32.73.17,BOJONGLOA KIDUL,"PT. PROTELINDO, TBK",GG. GAGAK HANDOKO NO. 66/198 B RT. 04 RW. 01,107.5976,-6.93353,4 KAKI,25,-,METER,2019
1692,32,JAWA BARAT,3273,KOTA BANDUNG,3273020,BABAKAN CIPARAY,32.73.03,BABAKAN CIPARAY,"PT. PROTELINDO, TBK",JL. CIBOLERANG KAWASAN 45 RT. 04 RW. 07,107.57399,-6.95266,3 KAKI,30,-,METER,2019
1693,32,JAWA BARAT,3273,KOTA BANDUNG,3273121,CINAMBO,32.73.29,CINAMBO,"PT. PROTELINDO, TBK",JL. CISARANTEN WETAN RT. 01 RW. 04,107.68661,-6.93136,3 KAKI,30,-,METER,2019
1694,32,JAWA BARAT,3273,KOTA BANDUNG,3273150,KIARACONDONG,32.73.16,KIARACONDONG,"PT. PROTELINDO, TBK",JL. KIARACONDONG 176 RT. 07 RW. 04,107.64432,-6.92684,3 KAKI,25,-,METER,2019
1695,32,JAWA BARAT,3273,KOTA BANDUNG,3273060,REGOL,32.73.11,REGOL,"PT. PROTELINDO, TBK","ITC KEBON KELAPA,JL. MOCHAMAD TOHA 40252",107.60635,-6.92887,POLE,9,-,METER,2019
1696,32,JAWA BARAT,3273,KOTA BANDUNG,3273121,CINAMBO,32.73.29,CINAMBO,"PT. PROTELINDO, TBK",JL. KOMP. CINAMBO INDAH RT. 05 RW. 05,107.6902,-6.92817,3 KAKI,30,-,METER,2019
1697,32,JAWA BARAT,3273,KOTA BANDUNG,3273070,LENGKONG,32.73.13,LENGKONG,"PT. PROTELINDO, TBK",JL. SITUSARI II NO. 15A RT. 04 RW. 07,107.62974,-6.94656,POLE,12,-,METER,2019
1698,32,JAWA BARAT,3273,KOTA BANDUNG,3273230,COBLONG,32.73.02,COBLONG,"PT. PROTELINDO, TBK",JL. KOMP. BANGBAYANG KAV. B NO. 1 RT. 01 RW. 07,107.61748,-6.88033,POLE,12,-,METER,2019
1699,32,JAWA BARAT,3273,KOTA BANDUNG,3273090,BUAHBATU,32.73.22,BUAHBATU,"PT. PROTELINDO, TBK",JL. CIJAWURA GIRANG II/3 RT. 02 RW. 14,107.64632,-6.94745,POLE,12,-,METER,2019
1700,32,JAWA BARAT,3273,KOTA BANDUNG,3273210,CIBEUNYING KIDUL,32.73.14,CIBEUNYING KIDUL,"PT. PROTELINDO, TBK",JL. PROF. DRG. SURYA SUMANTRI NO. 60 B RT. 01 RW. 01,107.58173,-6.88732,4 KAKI,20,-,METER,2019
1701,32,JAWA BARAT,3273,KOTA BANDUNG,3273210,CIBEUNYING KIDUL,32.73.14,CIBEUNYING KIDUL,"PT. PROTELINDO, TBK",JL. P.H.H MUSTOPA NO. 85 RT. 07 RW. 02,107.6452,-6.90016,POLE,20,-,METER,2019
1702,32,JAWA BARAT,3273,KOTA BANDUNG,3273230,COBLONG,32.73.02,COBLONG,"PT. PROTELINDO, TBK",JL. ISTANA DAGO ASRI RUKO NO. 2A RT. 06 RW. 09,107.61562,-6.87839,POLE,12,-,METER,2019
1703,32,JAWA BARAT,3273,KOTA BANDUNG,3273170,SUMUR BANDUNG,32.73.19,SUMUR BANDUNG,"PT. PROTELINDO, TBK",JL. BANCEUY GG. SUNIARAJA NO. 21 RT. 02 RW. 02,107.60561,-6.91774,POLE,12,-,METER,2019
1704,32,JAWA BARAT,3273,KOTA BANDUNG,3273111,PANYILEUKAN,32.73.28,PANYILEUKAN,"PT. PROTELINDO, TBK",JL. SUKAMAJU RT. 03 RW. 05,107.7058,-6.92349,4 KAKI,25,-,METER,2019
1705,32,JAWA BARAT,3273,KOTA BANDUNG,3273180,ANDIR,32.73.05,ANDIR,"PT. PROTELINDO, TBK","JL. CIROYOM, RT. 01 RW. 02",107.57959,-6.90861,POLE,12,-,METER,2019
1706,32,JAWA BARAT,3273,KOTA BANDUNG,3273060,REGOL,32.73.11,REGOL,"PT. PROTELINDO, TBK",JL. PUNGKUR NO. 94 RT. 05 RW. 03,107.60925,-6.92864,POLE,12,-,METER,2019
1707,32,JAWA BARAT,3273,KOTA BANDUNG,3273010,BANDUNG KULON,32.73.15,BANDUNG KULON,"PT. PROTELINDO, TBK",JL. CICUKANG NO. 26 RT. 01 RW. 08,107.56768,-6.93655,3 KAKI,30,-,METER,2019
1708,32,JAWA BARAT,3273,KOTA BANDUNG,3273180,ANDIR,32.73.05,ANDIR,"PT. PROTELINDO, TBK",JL. KEBONJATI NO. 254 RT. 01 RW. 03,107.59197,-6.91633,POLE,12,-,METER,2019
1709,32,JAWA BARAT,3273,KOTA BANDUNG,3273160,BATUNUNGGAL,32.73.12,BATUNUNGGAL,"PT. PROTELINDO, TBK",JL. SUKABUMI DALAM NO. 14B/123 RT. 008/006,107.63674,-6.91762,POLE,15,-,METER,2019
1710,32,JAWA BARAT,3273,KOTA BANDUNG,3273090,BUAHBATU,32.73.22,BUAHBATU,"PT. PROTELINDO, TBK",JL. PERMATA KAWALUYAAN D-6 RT. 003 RW. 004,107.66301,-6.9313,POLE,21,-,METER,2019
1711,32,JAWA BARAT,3273,KOTA BANDUNG,3273230,COBLONG,32.73.02,COBLONG,"PT. PROTELINDO, TBK",JL. DIPATIUKUR NO. 26 E RT. 04 RW. 08,107.61574,-6.89705,POLE,15,-,METER,2019
1712,32,JAWA BARAT,3273,KOTA BANDUNG,3273240,SUKAJADI,32.73.07,SUKAJADI,"PT. PROTELINDO, TBK",HOTEL NAVAL JL. SUKAJADI NO. 180 RT. 08 RW. 02,107.59686,-6.88489,POLE,6,-,METER,2019
1713,32,JAWA BARAT,3273,KOTA BANDUNG,3273060,REGOL,32.73.11,REGOL,"PT. PROTELINDO, TBK",JL. MOCH. RAMDHAN NO. 5 RT. 01 / 03,107.61491,-6.93301,POLE,12,-,METER,2019
1714,32,JAWA BARAT,3273,KOTA BANDUNG,3273090,BUAHBATU,32.73.22,BUAHBATU,"PT. PROTELINDO, TBK",JL. MARGASARI NO. 221A RT. 04 RW. 10,107.65995,-6.95783,3 KAKI,43,-,METER,2019
1715,32,JAWA BARAT,3273,KOTA BANDUNG,3273190,CICENDO,32.73.06,CICENDO,"PT. PROTELINDO, TBK",JL. CICENDO NO. 19 A RT. 04 RW. 05,107.60359,-6.91075,4 KAKI,28,-,METER,2019
1716,32,JAWA BARAT,3273,KOTA BANDUNG,3273040,BOJONGLOA KIDUL,32.73.17,BOJONGLOA KIDUL,"PT. PROTELINDO, TBK",JL. LEUWISARI X NO. 28 RT. 01 RW. 08,107.59833,-6.94594,POLE,12,-,METER,2019
1717,32,JAWA BARAT,3273,KOTA BANDUNG,3273020,BABAKAN CIPARAY,32.73.03,BABAKAN CIPARAY,"PT. PROTELINDO, TBK",JL. TERUSAN PASIRKOJA RT. 01 RW. 07,107.57702,-6.93034,POLE,12,-,METER,2019
1718,32,JAWA BARAT,3273,KOTA BANDUNG,3273010,BANDUNG KULON,32.73.15,BANDUNG KULON,"PT. PROTELINDO, TBK",JL. TERUSAN SURYANI NO. 30 RT. 001 RW. 003,107.57973,-6.92372,POLE,12,-,METER,2019
1719,32,JAWA BARAT,3273,KOTA BANDUNG,3273190,CICENDO,32.73.06,CICENDO,"PT. PROTELINDO, TBK",JL. ARJUNA NO. 15 RT. 002 RW. 008,107.59084,-6.91009,POLE,15,-,METER,2019
1720,32,JAWA BARAT,3273,KOTA BANDUNG,3273230,COBLONG,32.73.02,COBLONG,"PT. PROTELINDO, TBK",GG. GAGAK DALAM / KP. KARANG ASIH RT. 02 RW. 13,107.62276,-6.8947,POLE,12,-,METER,2019
1721,32,JAWA BARAT,3273,KOTA BANDUNG,3273030,BOJONGLOA KALER,32.73.04,BOJONGLOA KALER,"PT. PROTELINDO, TBK",JL. K. H. WAHID HASYIM / KOPO NO. 218 RT. 01 RW. 04,107.59516,-6.93653,4 KAKI,25,-,METER,2019
1722,32,JAWA BARAT,3273,KOTA BANDUNG,3273060,REGOL,32.73.11,REGOL,"PT. PROTELINDO, TBK",JL. BBK. CISEUREUH TIMUR (CIBURUY) RT. 003 RW. 007,107.61343,-6.9565,POLE,12,-,METER,2019
1723,32,JAWA BARAT,3273,KOTA BANDUNG,3273230,COBLONG,32.73.02,COBLONG,"PT. PROTELINDO, TBK",JL. CISITU LAMA I NO. 4 RT. 06 RW. 11,107.61214,-6.88232,POLE,15,-,METER,2019
1724,32,JAWA BARAT,3273,KOTA BANDUNG,3273080,BANDUNG KIDUL,32.73.21,BANDUNG KIDUL,"PT. PROTELINDO, TBK",JL. TERS BUAHBATU NO. 275 RT. 007 RW. 006,107.63864,-6.96293,4 KAKI,25,-,METER,2019
1725,32,JAWA BARAT,3273,KOTA BANDUNG,3273010,BANDUNG KULON,32.73.15,BANDUNG KULON,"PT. PROTELINDO, TBK",JL. KOMP. TAMAN HOLIS INDAH (BLOK KASUR) RT. 03 RW. 05,107.56031,-6.94297,POLE,28,-,METER,2019
1726,32,JAWA BARAT,3273,KOTA BANDUNG,3273130,ARCAMANIK,32.73.24,ARCAMANIK,"PT. PROTELINDO, TBK",JL. PASAR SINDANGLAYA II RT. 01 RW. 01,107.68029,-6.90543,POLE,30,-,METER,2019
1727,32,JAWA BARAT,3273,KOTA BANDUNG,3273060,REGOL,32.73.11,REGOL,"PT. PROTELINDO, TBK",JL. MOCH. TOHA NO. 38,107.60644,-6.93146,POLE,12,-,METER,2019
1728,32,JAWA BARAT,3273,KOTA BANDUNG,3273050,ASTANAANYAR,32.73.10,ASTANA ANYAR,"PT. PROTELINDO, TBK",JL. MOH. TOHA NO. 96A RT. 06 RW. 09,107.60632,-6.93975,POLE,12,-,METER,2019
1729,32,JAWA BARAT,3273,KOTA BANDUNG,3273110,CIBIRU,32.73.25,CIBIRU,"PT. PROTELINDO, TBK",JL. CIGAGAK RT. 006 RW. 014,107.71799,-6.9208,4 KAKI,25,-,METER,2019
1730,32,JAWA BARAT,3273,KOTA BANDUNG,3273090,BUAHBATU,32.73.22,BUAHBATU,"PT. PROTELINDO, TBK",JL. CIJAWURA HILIR (GG. 3) RT. 006 RW. 012,107.65709,-6.96332,4 KAKI,20,-,METER,2019
1731,32,JAWA BARAT,3273,KOTA BANDUNG,3273010,BANDUNG KULON,32.73.15,BANDUNG KULON,"PT. PROTELINDO, TBK",JL. CIGONDEWAH (GEMPOL) RT. 002 RW. 001,107.5574,-6.9404,3 KAKI,30,-,METER,2019
1732,32,JAWA BARAT,3273,KOTA BANDUNG,3273040,BOJONGLOA KIDUL,32.73.17,BOJONGLOA KIDUL,"PT. PROTELINDO, TBK",JL. KOPO NO. 367 RT. 001 RW. 007,107.58945,-6.9466,POLE,12,-,METER,2019
1733,32,JAWA BARAT,3273,KOTA BANDUNG,3273190,CICENDO,32.73.06,CICENDO,"PT. PROTELINDO, TBK",JL. H. MESRI NO. 36A/68 RT. 004 RW. 06,107.60066,-6.90915,POLE,12,-,METER,2019
1734,32,JAWA BARAT,3273,KOTA BANDUNG,3273230,COBLONG,32.73.02,COBLONG,"PT. PROTELINDO, TBK",GG. SEKELOA TIMUR NO. 66/52B RT. 003 RW. 003,107.6215,-6.8909,POLE,12,-,METER,2019
1735,32,JAWA BARAT,3273,KOTA BANDUNG,3273110,CIBIRU,32.73.25,CIBIRU,"PT. PROTELINDO, TBK",JL. DESA CIPADUNG NO. 166,107.71609,-6.92779,4 KAKI,26,-,METER,2019
1736,32,JAWA BARAT,3273,KOTA BANDUNG,3273142,MANDALAJATI,32.73.30,MANDALAJATI,"PT. PROTELINDO, TBK",JL. CIKADUT NO. 8,107.66976,-6.89692,3 KAKI,40,-,METER,2019
1737,32,JAWA BARAT,3273,KOTA BANDUNG,3273080,BANDUNG KIDUL,32.73.21,BANDUNG KIDUL,"PT. PROTELINDO, TBK",JL. BATUNUNGGAL PERMAI I NO. 87 RT. 008 RW. 001,107.6305,-6.957,POLE,12,-,METER,2019
1738,32,JAWA BARAT,3273,KOTA BANDUNG,3273040,BOJONGLOA KIDUL,32.73.17,BOJONGLOA KIDUL,"PT. PROTELINDO, TBK",JL. SAUYUNAN MAS V NO. 1,107.58988,-6.95126,POLE,12,-,METER,2019
1739,32,JAWA BARAT,3273,KOTA BANDUNG,3273090,BUAHBATU,32.73.22,BUAHBATU,"PT. PROTELINDO, TBK",JL. SANGGAR KENCANA UTAMA,107.66679,-6.93847,POLE,12,-,METER,2019
1740,32,JAWA BARAT,3273,KOTA BANDUNG,3273050,ASTANAANYAR,32.73.10,ASTANA ANYAR,"PT. PROTELINDO, TBK",JL. PETA NO. 52 RT. 006 RW. 001,107.60011,-6.93705,4 KAKI,25,-,METER,2019
1741,32,JAWA BARAT,3273,KOTA BANDUNG,3273142,MANDALAJATI,32.73.30,MANDALAJATI,"PT. PROTELINDO, TBK",JL. MANDALA VIII NO. 153,107.66612,-6.8915,3 KAKI,40,-,METER,2019
1742,32,JAWA BARAT,3273,KOTA BANDUNG,3273240,SUKAJADI,32.73.07,SUKAJADI,"PT. PROTELINDO, TBK",JL. GANG SUKABAKTI,107.59482,-6.89353,POLE,12,-,METER,2019
1743,32,JAWA BARAT,3273,KOTA BANDUNG,3273210,CIBEUNYING KIDUL,32.73.14,CIBEUNYING KIDUL,"PT. PROTELINDO, TBK",JL. SUKASENANG NO. 3 RT. 6 RW. 15,107.63746,-6.89885,POLE,12,-,METER,2019
1744,32,JAWA BARAT,3273,KOTA BANDUNG,3273160,BATUNUNGGAL,32.73.12,BATUNUNGGAL,"PT. PROTELINDO, TBK",JL. BABAKAN JATI II RT. 004 RW. 008,107.64069,-6.94193,POLE,12,-,METER,2019
1745,32,JAWA BARAT,3273,KOTA BANDUNG,3273060,REGOL,32.73.11,REGOL,"PT. PROTELINDO, TBK",JL. SUKAATI PERMAI I NO. 7,107.62018,-6.9532,POLE,12,-,METER,2019
1746,32,JAWA BARAT,3273,KOTA BANDUNG,3273121,CINAMBO,32.73.29,CINAMBO,"PT. PROTELINDO, TBK",JL. RUMAH SAKIT NO. 118 RT. 02 RW. 07,107.69214,-6.93183,3 KAKI,30,-,METER,2019
1747,32,JAWA BARAT,3273,KOTA BANDUNG,3273260,CIDADAP,32.73.08,CIDADAP,"PT. PROTELINDO, TBK",JL. BUKIT JARIAN DALAM IV RT. 05 RW. 11,107.60674,-6.87814,POLE,12,-,METER,2019
1748,32,JAWA BARAT,3273,KOTA BANDUNG,3273060,REGOL,32.73.11,REGOL,"PT. PROTELINDO, TBK",JL. SRIMAHI III NO. 1 RT. 06 RW. 01,107.61436,-6.93717,POLE,12,-,METER,2019
1749,32,JAWA BARAT,3273,KOTA BANDUNG,3273010,BANDUNG KULON,32.73.15,BANDUNG KULON,"PT. PROTELINDO, TBK",JL. GG. AMBIA,107.56764,-6.92168,3 KAKI,31,-,METER,2019
1750,32,JAWA BARAT,3273,KOTA BANDUNG,3273240,SUKAJADI,32.73.07,SUKAJADI,"PT. PROTELINDO, TBK",BABAKAN CARINGIN RT. 004 / RW. 004,107.58604,-6.88906,POLE,12,-,METER,2019
1751,32,JAWA BARAT,3273,KOTA BANDUNG,3273230,COBLONG,32.73.02,COBLONG,"PT. PROTELINDO, TBK",JL. CISITU INDAH VL NO. 181 RT. 001/004,107.61395,-6.8729,POLE,12,-,METER,2019
1752,32,JAWA BARAT,3273,KOTA BANDUNG,3273260,CIDADAP,32.73.08,CIDADAP,"PT. PROTELINDO, TBK",JL. SERSAN SURIP NO. 38/169A,107.59555,-6.85872,POLE,12,-,METER,2019
1753,32,JAWA BARAT,3273,KOTA BANDUNG,3273230,COBLONG,32.73.02,COBLONG,"PT. PROTELINDO, TBK",JL. CISITU INDAH IV RT. 004 RW. 004,107.61417,-6.87676,POLE,31,-,METER,2019
1754,32,JAWA BARAT,3273,KOTA BANDUNG,3273230,COBLONG,32.73.02,COBLONG,"PT. PROTELINDO, TBK",JL. SILIWANGI NO. 37,107.60661,-6.88497,4 KAKI,25,-,METER,2019
1755,32,JAWA BARAT,3273,KOTA BANDUNG,3273110,CIBIRU,32.73.25,CIBIRU,"PT. PROTELINDO, TBK",JL. MEKARJATI RT. 03 RW. 005,107.72392,-6.92932,3 KAKI,31,-,METER,2019
1756,32,JAWA BARAT,3273,KOTA BANDUNG,3273220,CIBEUNYING KALER,32.73.18,CIBEUNYING KALER,"PT. PROTELINDO, TBK",JL. CUKANG KAWUNG NO. 70 RT. 01 RW. 14,107.63407,-6.88846,POLE,12,-,METER,2019
1757,32,JAWA BARAT,3273,KOTA BANDUNG,3273080,BANDUNG KIDUL,32.73.21,BANDUNG KIDUL,"PT. PROTELINDO, TBK",JL. BUANASARI IV RT. 08 RW. 04,107.64287,-6.96509,3 KAKI,41,-,METER,2019
1758,32,JAWA BARAT,3273,KOTA BANDUNG,3273142,MANDALAJATI,32.73.30,MANDALAJATI,"PT. PROTELINDO, TBK",JL. A. H. NASUTION NO. 87 RT. 004 RW. 006,107.67254,-6.90456,POLE,12,-,METER,2019
1759,32,JAWA BARAT,3273,KOTA BANDUNG,3273220,CIBEUNYING KALER,32.73.18,CIBEUNYING KALER,"PT. PROTELINDO, TBK",JL. CIGADUNG RAYA TENGAH NO. 66 RT. 002 RW. 006,107.62769,-6.88212,POLE,12,-,METER,2019
1760,32,JAWA BARAT,3273,KOTA BANDUNG,3273160,BATUNUNGGAL,32.73.12,BATUNUNGGAL,"PT. PROTELINDO, TBK",JL. KAREES NO. 36/118 D RT. 001 RW. 004,107.62814,-6.92327,POLE,12,-,METER,2019
1761,32,JAWA BARAT,3273,KOTA BANDUNG,3273120,UJUNG BERUNG,32.73.26,UJUNGBERUNG,"PT. PROTELINDO, TBK",JL. NEGLASARI NO. 2 RT. 002 RW. 003,107.70612,-6.91699,POLE,12,-,METER,2019
1762,32,JAWA BARAT,3273,KOTA BANDUNG,3273230,COBLONG,32.73.02,COBLONG,"PT. PROTELINDO, TBK",JL. TITIRAN NO. 19,107.61954,-6.89603,4 KAKI,25,-,METER,2019
1763,32,JAWA BARAT,3273,KOTA BANDUNG,3273040,BOJONGLOA KIDUL,32.73.17,BOJONGLOA KIDUL,"PT. PROTELINDO, TBK",JL. LEUWI ANYAR I NO. 33,107.59479,-6.94386,POLE,12,-,METER,2019
1764,32,JAWA BARAT,3273,KOTA BANDUNG,3273200,BANDUNG WETAN,32.73.09,BANDUNG WETAN,"PT. PROTELINDO, TBK",JL. WIRA ANGUN ANGUN NO. 15 RT. 02 RW. 02,107.61452,-6.90447,POLE,12,-,METER,2019
1765,32,JAWA BARAT,3273,KOTA BANDUNG,3273070,LENGKONG,32.73.13,LENGKONG,"PT. PROTELINDO, TBK",JL. K. H. ACHMAD DAHLAN NO. 56 RT. 02 RW. 010,107.62127,-6.9326,POLE,12,-,METER,2019
1766,32,JAWA BARAT,3273,KOTA BANDUNG,3273200,BANDUNG WETAN,32.73.09,BANDUNG WETAN,"PT. PROTELINDO, TBK",JL. PURNAWARMAN NO. 59,107.60905,-6.90329,POLE,15,-,METER,2019
1767,32,JAWA BARAT,3273,KOTA BANDUNG,3273090,BUAHBATU,32.73.22,BUAHBATU,"PT. PROTELINDO, TBK",JL. MARGAHAYU RAYA BLOK L2 NO. 125A,107.65762,-6.95005,4 KAKI,27,-,METER,2019
1768,32,JAWA BARAT,3273,KOTA BANDUNG,3273220,CIBEUNYING KALER,32.73.18,CIBEUNYING KALER,"PT. PROTELINDO, TBK",JL. RANCAKENDAL 1B RT. 005 RW. 001,107.62807,-6.87586,3 KAKI,40,-,METER,2019
1769,32,JAWA BARAT,3273,KOTA BANDUNG,3273180,ANDIR,32.73.05,ANDIR,"PT. PROTELINDO, TBK",JL. GG. H. SAID NO. 29,107.56268,-6.89798,POLE,12,-,METER,2019
1770,32,JAWA BARAT,3273,KOTA BANDUNG,3273070,LENGKONG,32.73.13,LENGKONG,"PT. PROTELINDO, TBK",JL. CIJAGRA NO. 19 RT. 004 RW. 003,107.62715,-6.94445,POLE,12,-,METER,2019
1771,32,JAWA BARAT,3273,KOTA BANDUNG,3273120,UJUNG BERUNG,32.73.26,UJUNGBERUNG,"PT. PROTELINDO, TBK",JL. KP. BUKA TANAH RT. 001 RT. 007,107.7056,-6.89927,4 KAKI,25,-,METER,2019
1772,32,JAWA BARAT,3273,KOTA BANDUNG,3273240,SUKAJADI,32.73.07,SUKAJADI,"PT. PROTELINDO, TBK",JL. CIBOGO ATAS NO. 136 RT. 003 RW. 003,107.57743,-6.88381,POLE,12,-,METER,2019
1773,32,JAWA BARAT,3273,KOTA BANDUNG,3273260,CIDADAP,32.73.08,CIDADAP,"PT. PROTELINDO, TBK",JL. CIUMBULEUIT NO. 133B,107.60358,-6.87825,POLE,12,-,METER,2019
1774,32,JAWA BARAT,3273,KOTA BANDUNG,3273040,BOJONGLOA KIDUL,32.73.17,BOJONGLOA KIDUL,"PT. PROTELINDO, TBK",JL. MEKAR AGUNG NO. 1-3 RT. 02 RW. 04,107.60651,-6.95562,POLE,12,-,METER,2019
1775,32,JAWA BARAT,3273,KOTA BANDUNG,3273220,CIBEUNYING KALER,32.73.18,CIBEUNYING KALER,"PT. PROTELINDO, TBK",JL. SIDOMUKTI NO. 58 RT. 02 RW. 07,107.63112,-6.89357,POLE,12,-,METER,2019
1776,32,JAWA BARAT,3273,KOTA BANDUNG,3273120,UJUNG BERUNG,32.73.26,UJUNGBERUNG,"PT. PROTELINDO, TBK",KP. SUKAGALIH RT. 001 RW. 006,107.70621,-6.91394,POLE,12,-,METER,2019
1777,32,JAWA BARAT,3273,KOTA BANDUNG,3273230,COBLONG,32.73.02,COBLONG,"PT. PROTELINDO, TBK",JL. PASTEUR BANDUNG,107.60316,-6.96213,POLE,27,-,METER,2019
1778,32,JAWA BARAT,3273,KOTA BANDUNG,3273030,BOJONGLOA KALER,32.73.04,BOJONGLOA KALER,"PT. PROTELINDO, TBK",JL. LUNA IV NO. 8 RT. 015 RW. 004,107.59215,-6.92061,POLE,12,-,METER,2019
1779,32,JAWA BARAT,3273,KOTA BANDUNG,3273190,CICENDO,32.73.06,CICENDO,"PT. PROTELINDO, TBK",JL. GUNUNG BATU NO. 135,107.5648,-6.88866,4 KAKI,23,-,METER,2019
1780,32,JAWA BARAT,3273,KOTA BANDUNG,3273141,ANTAPANI,32.73.20,ANTAPANI,"PT. PROTELINDO, TBK",JL. SINDANG SARI III NO. 5A,107.66393,-6.91036,4 KAKI,18,-,METER,2019
1781,32,JAWA BARAT,3273,KOTA BANDUNG,3273220,CIBEUNYING KALER,32.73.18,CIBEUNYING KALER,"PT. PROTELINDO, TBK",JL. MANTERON NO. 1B RT. 06 RW. 11,107.63069,-6.89638,POLE,9,-,METER,2019
1782,32,JAWA BARAT,3273,KOTA BANDUNG,3273060,REGOL,32.73.11,REGOL,"PT. PROTELINDO, TBK",JL. OTTO ISKANDARDINATA NO. 419,107.60369,-6.92836,4 KAKI,15,-,METER,2019
1783,32,JAWA BARAT,3273,KOTA BANDUNG,3273180,ANDIR,32.73.05,ANDIR,"PT. PROTELINDO, TBK",KING GARDEN HOTEL JL. GARDU JATI NO. 81-83 RT. 02/07,107.59788,-6.9174,POLE,6,-,METER,2019
1784,32,JAWA BARAT,3273,KOTA BANDUNG,3273080,BANDUNG KIDUL,32.73.21,BANDUNG KIDUL,"PT. PROTELINDO, TBK",JL. BATU NUNGGAL,107.63765,-6.95675,4 KAKI,30,-,METER,2019
1785,32,JAWA BARAT,3273,KOTA BANDUNG,3273050,ASTANAANYAR,32.73.10,ASTANA ANYAR,"PT. PROTELINDO, TBK","JL. BAPA SUHAYA, RT. 04 RW. 06",107.60035,-6.93451,3 KAKI,31,-,METER,2019
1786,32,JAWA BARAT,3273,KOTA BANDUNG,3273240,SUKAJADI,32.73.07,SUKAJADI,"PT. PROTELINDO, TBK","GG. CAMPAKA, JL. CIPEDES TENGAH RT. 03 RW. 01",107.59067,-6.88201,POLE,6,-,METER,2019
1787,32,JAWA BARAT,3273,KOTA BANDUNG,3273141,ANTAPANI,32.73.20,ANTAPANI,"PT. PROTELINDO, TBK",JL. CIBODAS NO. 7 RT. 06 RW. 08,107.66277,-6.91985,POLE,18,-,METER,2019
1788,32,JAWA BARAT,3273,KOTA BANDUNG,3273220,CIBEUNYING KALER,32.73.18,CIBEUNYING KALER,"PT. PROTELINDO, TBK",GG. MASJID AL-IKHLAS RT. 02 RW. 08,107.62675,-6.88318,POLE,6,-,METER,2019
1789,32,JAWA BARAT,3273,KOTA BANDUNG,3273070,LENGKONG,32.73.13,LENGKONG,"PT. PROTELINDO, TBK",JL. BUAH BATU NO. 148 RT. 01/01,107.62482,-6.93938,POLE,6,-,METER,2019
1790,32,JAWA BARAT,3273,KOTA BANDUNG,3273141,ANTAPANI,32.73.20,ANTAPANI,"PT. PROTELINDO, TBK",JL. TERUSAN JAKARTA NO. 184 RT. 01/14,107.66167,-6.91433,POLE,6,-,METER,2019
1791,32,JAWA BARAT,3273,KOTA BANDUNG,3273111,PANYILEUKAN,32.73.28,PANYILEUKAN,"PT. PROTELINDO, TBK",JL. KOMP. BUMI PANYILEUKAN BLOK AB6 NO. 9 RT. 03 RW. 13,107.7138,-6.94027,POLE,18,-,METER,2019
1792,32,JAWA BARAT,3273,KOTA BANDUNG,3273120,UJUNG BERUNG,32.73.26,UJUNGBERUNG,"PT. PROTELINDO, TBK",JL. SOEKARNO HATTA NO. 752 RT. 07 RW. 01,107.70992,-6.93647,POLE,6,-,METER,2019
1793,32,JAWA BARAT,3273,KOTA BANDUNG,3273120,UJUNG BERUNG,32.73.26,UJUNGBERUNG,"PT. PROTELINDO, TBK",JL. TERITORIAL RT. 04 RW. 09,107.70288,-6.90854,POLE,18,-,METER,2019
1794,32,JAWA BARAT,3273,KOTA BANDUNG,3273120,UJUNG BERUNG,32.73.26,UJUNGBERUNG,"PT. PROTELINDO, TBK",JL. UJUNG BERUNG INDAH,107.69743,-6.90855,POLE,18,-,METER,2019
1795,32,JAWA BARAT,3273,KOTA BANDUNG,3273130,ARCAMANIK,32.73.24,ARCAMANIK,"PT. PROTELINDO, TBK",JL. PESANTREN RT. 001 RW. 011,107.6785,-6.90915,POLE,6,-,METER,2019
1796,32,JAWA BARAT,3273,KOTA BANDUNG,3273150,KIARACONDONG,32.73.16,KIARACONDONG,"PT. PROTELINDO, TBK",JL. JEND. AHMAD YANI NO. 1033,107.65988,-6.9021,POLE,6,-,METER,2019
1797,32,JAWA BARAT,3273,KOTA BANDUNG,3273080,BANDUNG KIDUL,32.73.21,BANDUNG KIDUL,"PT. PROTELINDO, TBK","KOMPLEK BUAH BATU REGENSI A1 KAV NO. 9, RT. 09 RW. 07",107.63999,-6.96126,POLE,6,-,METER,2019
1798,32,JAWA BARAT,3273,KOTA BANDUNG,3273100,RANCASARI,32.73.23,RANCASARI,"PT. PROTELINDO, TBK",JL. MANJAH LEGA RT. 004 RW. 013,107.67012,-6.95224,3 KAKI,20,-,METER,2019
1799,32,JAWA BARAT,3273,KOTA BANDUNG,3273060,REGOL,32.73.11,REGOL,"PT. PROTELINDO, TBK",JL. PASIR SALAM RAYA NO. 36 RT. 007 RW. 05,107.61931,-6.94551,POLE,15,-,METER,2019
1800,32,JAWA BARAT,3273,KOTA BANDUNG,3273070,LENGKONG,32.73.13,LENGKONG,"PT. PROTELINDO, TBK",JL. SUKARNO Ã HATTA NO. 505,107.62836,-6.94801,POLE,18,-,METER,2019
1801,32,JAWA BARAT,3273,KOTA BANDUNG,3273060,REGOL,32.73.11,REGOL,"PT. PROTELINDO, TBK",JL. MOH. TOHA NO. 119 A RT. 002 RW. 04,107.6072,-6.94102,POLE,9,-,METER,2019
1802,32,JAWA BARAT,3273,KOTA BANDUNG,3273040,BOJONGLOA KIDUL,32.73.17,BOJONGLOA KIDUL,"PT. PROTELINDO, TBK","KOMPLEK PERTOKOAN ISTANA MEKAR WANGI, JL. KARASAK BARAT MEKAR MAS KAV. 5E",107.60221,-6.94889,POLE,6,-,METER,2019
1803,32,JAWA BARAT,3273,KOTA BANDUNG,3273060,REGOL,32.73.11,REGOL,"PT. PROTELINDO, TBK",JL. SRIMAHI DALAM I NO. 23 Ã 24 RT. 02 RW. 01,107.61572,-6.93586,POLE,9,-,METER,2019
1804,32,JAWA BARAT,3273,KOTA BANDUNG,3273040,BOJONGLOA KIDUL,32.73.17,BOJONGLOA KIDUL,"PT. PROTELINDO, TBK",JL. MUARASARI I NO. 41 RT. 02 RW. 11,107.59996,-6.94457,POLE,6,-,METER,2019
1805,32,JAWA BARAT,3273,KOTA BANDUNG,3273030,BOJONGLOA KALER,32.73.04,BOJONGLOA KALER,"PT. PROTELINDO, TBK","JL. KOPO NO. 178, RT. 04 RW. 03",107.59575,-6.9344,POLE,6,-,METER,2019
1806,32,JAWA BARAT,3273,KOTA BANDUNG,3273080,BANDUNG KIDUL,32.73.21,BANDUNG KIDUL,"PT. PROTELINDO, TBK",JL. BUANA SARI IV RT. 08 RW. 04,107.6428,-6.965,POLE,18,-,METER,2019
1807,32,JAWA BARAT,3273,KOTA BANDUNG,3273040,BOJONGLOA KIDUL,32.73.17,BOJONGLOA KIDUL,"PT. PROTELINDO, TBK","JL. LEUWI PANJANG GG. H. SAMSUDIN, RT. 009 RW. 004",107.59394,-6.94505,POLE,6,-,METER,2019
1808,32,JAWA BARAT,3273,KOTA BANDUNG,3273101,GEDEBAGE,32.73.27,GEDEBAGE,"PT. PROTELINDO, TBK",JL. RIUNG SEKAR III NO. 13,107.67994,-6.94241,POLE,9,-,METER,2019
1809,32,JAWA BARAT,3273,KOTA BANDUNG,3273010,BANDUNG KULON,32.73.15,BANDUNG KULON,"PT. PROTELINDO, TBK",KP. RENGGAS RT. 04 RW. 06,107.54964,-6.93032,3 KAKI,31,-,METER,2019
1810,32,JAWA BARAT,3273,KOTA BANDUNG,3273050,ASTANAANYAR,32.73.10,ASTANA ANYAR,"PT. PROTELINDO, TBK",JL. SOEKARNO HATTA 421 RT. 03 RW. 04,107.6084,-6.94788,POLE,31,-,METER,2019
1811,32,JAWA BARAT,3273,KOTA BANDUNG,3273050,ASTANAANYAR,32.73.10,ASTANA ANYAR,"PT. PROTELINDO, TBK",JL. INHOFTANK KAV. 37B - 38A RT. 02 RW. 06,107.60355,-6.94162,3 KAKI,20,-,METER,2019
1812,32,JAWA BARAT,3273,KOTA BANDUNG,3273150,KIARACONDONG,32.73.16,KIARACONDONG,"PT. PROTELINDO, TBK",JL. TERUSAN PSM RT. 07 RW. 06,107.65268,-6.93091,3 KAKI,31,-,METER,2019
1813,32,JAWA BARAT,3273,KOTA BANDUNG,3273080,BANDUNG KIDUL,32.73.21,BANDUNG KIDUL,"PT. PROTELINDO, TBK",JL. SOEKARNO HATTA RT. 04 RW. 01,107.62372,-6.94994,POLE,5,-,METER,2019
1814,32,JAWA BARAT,3273,KOTA BANDUNG,3273230,COBLONG,32.73.02,COBLONG,"PT. PROTELINDO, TBK",JL. DIPATIUKUR NO 26,107.61588,-6.89713,4 KAKI,21,-,METER,2019
1815,32,JAWA BARAT,3273,KOTA BANDUNG,3273020,BABAKAN CIPARAY,32.73.03,BABAKAN CIPARAY,"PT. PROTELINDO, TBK",JL. TERUSAN PASIR KOJA BLOK. 8,107.57694,-6.92966,3 KAKI,15,-,METER,2019
1816,32,JAWA BARAT,3273,KOTA BANDUNG,3273141,ANTAPANI,32.73.20,ANTAPANI,"PT. PROTELINDO, TBK",JL. CIBODAS,107.66462,-6.92447,4 KAKI,30,-,METER,2019
1817,32,JAWA BARAT,3273,KOTA BANDUNG,3273170,SUMUR BANDUNG,32.73.19,SUMUR BANDUNG,"PT. PROTELINDO, TBK",JL. BABAKAN CIAMIS RT. 05 RW. 03,107.60789,-6.91086,POLE,36,-,METER,2019
1818,32,JAWA BARAT,3273,KOTA BANDUNG,3273190,CICENDO,32.73.06,CICENDO,"PT. PROTELINDO, TBK",JL. BUNISUGIH RT. 03 RW. 04,107.55842,-6.88916,3 KAKI,32,-,METER,2019
1819,32,JAWA BARAT,3273,KOTA BANDUNG,3273190,CICENDO,32.73.06,CICENDO,"PT. PROTELINDO, TBK",JL. DR. DJUNJUNGAN DALAM NOMOR 8A RT. 001 RW. 03 KODE POS 40173,107.58747,-6.89621,3 KAKI,25,-,METER,2019
1820,32,JAWA BARAT,3273,KOTA BANDUNG,3273180,ANDIR,32.73.05,ANDIR,"PT. PROTELINDO, TBK",JL. DULATIP NO. 1B,107.602,-6.92027,3 KAKI,20,-,METER,2019
1821,32,JAWA BARAT,3273,KOTA BANDUNG,3273250,SUKASARI,32.73.01,SUKASARI,"PT. PROTELINDO, TBK",JLN. PADASALUYU 10 RT. 03/RW. 03,107.59447,-6.85088,3 KAKI,42,-,METER,2019
1822,32,JAWA BARAT,3273,KOTA BANDUNG,3273220,CIBEUNYING KALER,32.73.18,CIBEUNYING KALER,"PT. PROTELINDO, TBK",JL. RANCA KENDAL,107.62811,-6.87568,3 KAKI,42,-,METER,2019
1823,32,JAWA BARAT,3273,KOTA BANDUNG,3273130,ARCAMANIK,32.73.24,ARCAMANIK,"PT. PROTELINDO, TBK",JL. ATLETIK II NO. 27 RT. 03 RW. 13 KODE POS 40293,107.67219,-6.91924,3 KAKI,42,-,METER,2019
1824,32,JAWA BARAT,3273,KOTA BANDUNG,3273090,BUAHBATU,32.73.22,BUAHBATU,"PT. PROTELINDO, TBK",JL. JEND IBRAHIM ADJIE RT. 04 RW. 01,107.64215,-6.94749,4 KAKI,31,-,METER,2019
1825,32,JAWA BARAT,3273,KOTA BANDUNG,3273130,ARCAMANIK,32.73.24,ARCAMANIK,"PT. PROTELINDO, TBK",JL. TERUSAN JAKARTA NO. 280,107.66743,-6.91604,4 KAKI,31,-,METER,2019
1826,32,JAWA BARAT,3273,KOTA BANDUNG,3273020,BABAKAN CIPARAY,32.73.03,BABAKAN CIPARAY,"PT. PROTELINDO, TBK",JL. BABAKAN CIPARAY RT. 01 RW. 09,107.5841,-6.93593,3 KAKI,31,-,METER,2019
1827,32,JAWA BARAT,3273,KOTA BANDUNG,3273100,RANCASARI,32.73.23,RANCASARI,"PT. PROTELINDO, TBK",JL. RAYA GEDEBAGE,107.68862,-6.94783,4 KAKI,31,-,METER,2019
1828,32,JAWA BARAT,3273,KOTA BANDUNG,3273110,CIBIRU,32.73.25,CIBIRU,"PT. PROTELINDO, TBK",JL. GEMPOL NO. 2,107.70503,-6.93037,3 KAKI,31,-,METER,2019
1829,32,JAWA BARAT,3273,KOTA BANDUNG,3273040,BOJONGLOA KIDUL,32.73.17,BOJONGLOA KIDUL,"PT. PROTELINDO, TBK",JL. ANGGACARANG RT. 01/004,107.603,-6.9571,3 KAKI,31,-,METER,2019
1830,32,JAWA BARAT,3273,KOTA BANDUNG,3273220,CIBEUNYING KALER,32.73.18,CIBEUNYING KALER,"PT. PROTELINDO, TBK",JL. SUPRATMAN  NO. 90,107.62762,-6.90275,4 KAKI,30,-,METER,2019
1831,32,JAWA BARAT,3273,KOTA BANDUNG,3273180,ANDIR,32.73.05,ANDIR,"PT. PROTELINDO, TBK",TERMINAL CIROYOM,107.58797,-6.91424,3 KAKI,26,-,METER,2019
1832,32,JAWA BARAT,3273,KOTA BANDUNG,3273050,ASTANAANYAR,32.73.10,ASTANA ANYAR,"PT. PROTELINDO, TBK",JL. ASTANA ANYAR NO. 330 RT. 02 RW. 03,107.60247,-6.93498,3 KAKI,25,-,METER,2019
1833,32,JAWA BARAT,3273,KOTA BANDUNG,3273260,CIDADAP,32.73.08,CIDADAP,"PT. PROTELINDO, TBK",JL. CIUMBULEUIT NO. 179 RT. 01/RW. 07 KODE POS 40142,107.60548,-6.87049,POLE,36,-,METER,2019
1834,32,JAWA BARAT,3273,KOTA BANDUNG,3273020,BABAKAN CIPARAY,32.73.03,BABAKAN CIPARAY,"PT. PROTELINDO, TBK",JL. MAKAM CARINGIN NO. 93 B RT. 01 RW. 02 KODE POS 40224,107.58079,-6.95194,3 KAKI,42,-,METER,2019
1835,32,JAWA BARAT,3273,KOTA BANDUNG,3273240,SUKAJADI,32.73.07,SUKAJADI,"PT. PROTELINDO, TBK",JL. MULYASARI SELATAN RT. 2 RW. 4,107.5887,-6.89141,3 KAKI,42,-,METER,2019
1836,32,JAWA BARAT,3273,KOTA BANDUNG,3273170,SUMUR BANDUNG,32.73.19,SUMUR BANDUNG,"PT. PROTELINDO, TBK",JL. MERDEKA NO. 62A,107.61091,-6.90783,4 KAKI,21,-,METER,2019
1837,32,JAWA BARAT,3273,KOTA BANDUNG,3273020,BABAKAN CIPARAY,32.73.03,BABAKAN CIPARAY,"PT. PROTELINDO, TBK",JL. BABAKAN CIPARAY GG. AIR MANCUR RT. 006/003,107.5831,-6.92996,POLE,9,-,METER,2019
1838,32,JAWA BARAT,3273,KOTA BANDUNG,3273020,BABAKAN CIPARAY,32.73.03,BABAKAN CIPARAY,"PT. PROTELINDO, TBK",JL. BABAKAN CIPARAY RT. 7 RW. 05,107.5812,-6.94166,4 KAKI,30,-,METER,2019
1839,32,JAWA BARAT,3273,KOTA BANDUNG,3273180,ANDIR,32.73.05,ANDIR,"PT. PROTELINDO, TBK","RAJAWALI PLAZA, JL. RAJAWALI TIMUR NO. 52 RT. / RW. 05",107.58836,-6.91585,4 KAKI,30,-,METER,2019
1840,32,JAWA BARAT,3273,KOTA BANDUNG,3273030,BOJONGLOA KALER,32.73.04,BOJONGLOA KALER,"PT. PROTELINDO, TBK",GG PESANTREN/JL. PETA RT. 01/RW. 03,107.59227,-6.93454,3 KAKI,31,-,METER,2019
1841,32,JAWA BARAT,3273,KOTA BANDUNG,3273100,RANCASARI,32.73.23,RANCASARI,"PT. PROTELINDO, TBK",JL. PARAKAN SAAT RT. 01 RW. 01,107.6723,-6.93932,3 KAKI,31,-,METER,2019
1842,32,JAWA BARAT,3273,KOTA BANDUNG,3273240,SUKAJADI,32.73.07,SUKAJADI,"PT. PROTELINDO, TBK","REDDOORZ, JL. CIBOGO BAWAH NO. 23-25",107.57898,-6.88982,POLE,6,-,METER,2019
1843,32,JAWA BARAT,3273,KOTA BANDUNG,3273250,SUKASARI,32.73.01,SUKASARI,DAYA MITRA TELEKOMUNIKASI,JL. GEGER KALONG RT. 05/03,107.592784,-6.864771,4 KAKI,20,-,METER,2019
1844,32,JAWA BARAT,3273,KOTA BANDUNG,3273220,CIBEUNYING KALER,32.73.18,CIBEUNYING KALER,DAYA MITRA TELEKOMUNIKASI,JL. MANTERON,107.630722,-6.896353,4 KAKI,10,-,METER,2019
1845,32,JAWA BARAT,3273,KOTA BANDUNG,3273090,BUAHBATU,32.73.22,BUAHBATU,DAYA MITRA TELEKOMUNIKASI,JL. KENCANA WANGI UTARA,107.652494,-6.959432,4 KAKI,42,-,METER,2019
1846,32,JAWA BARAT,3273,KOTA BANDUNG,3273160,BATUNUNGGAL,32.73.12,BATUNUNGGAL,DAYA MITRA TELEKOMUNIKASI,JL. AHMAD YANI NO. 248,107.627542,-6.917212,4 KAKI,25,-,METER,2019
1847,32,JAWA BARAT,3273,KOTA BANDUNG,3273120,UJUNG BERUNG,32.73.26,UJUNGBERUNG,DAYA MITRA TELEKOMUNIKASI,GG. MELATI JL. CINANGRA,107.705085,-6.905579,4 KAKI,52,-,METER,2019
1848,32,JAWA BARAT,3273,KOTA BANDUNG,3273100,RANCASARI,32.73.23,RANCASARI,DAYA MITRA TELEKOMUNIKASI,JL. CIPAMOKOLAN KOLOT,107.674815,-6.941171,4 KAKI,42,-,METER,2019
1849,32,JAWA BARAT,3273,KOTA BANDUNG,3273142,MANDALAJATI,32.73.30,MANDALAJATI,DAYA MITRA TELEKOMUNIKASI,JL. SUKA ASIH RAYA ATAS NO. 273,107.685212,-6.899188,4 KAKI,42,-,METER,2019
1850,32,JAWA BARAT,3273,KOTA BANDUNG,3273260,CIDADAP,32.73.08,CIDADAP,DAYA MITRA TELEKOMUNIKASI,JL. CIUMBULEUIT ATAS RT. 08/03,107.606591,-6.86259,4 KAKI,42,-,METER,2019
1851,32,JAWA BARAT,3273,KOTA BANDUNG,3273190,CICENDO,32.73.06,CICENDO,DAYA MITRA TELEKOMUNIKASI,JL. KU. SUPADIO NO. 30,107.585541,-6.909555,4 KAKI,36,-,METER,2019
1852,32,JAWA BARAT,3273,KOTA BANDUNG,3273060,REGOL,32.73.11,REGOL,DAYA MITRA TELEKOMUNIKASI,JL. MOCH. TOHA NO. 191 A,107.608152,-6.944582,POLE,9,-,METER,2019
1853,32,JAWA BARAT,3273,KOTA BANDUNG,3273160,BATUNUNGGAL,32.73.12,BATUNUNGGAL,DAYA MITRA TELEKOMUNIKASI,JL. CIBANGKONG,107.632997,-6.928094,POLE,24,-,METER,2019
1854,32,JAWA BARAT,3273,KOTA BANDUNG,3273080,BANDUNG KIDUL,32.73.21,BANDUNG KIDUL,DAYA MITRA TELEKOMUNIKASI,JL. BATU NUNGGAL INDAH,107.627058,-6.964021,3 KAKI,36,-,METER,2019
1855,32,JAWA BARAT,3273,KOTA BANDUNG,3273142,MANDALAJATI,32.73.30,MANDALAJATI,DAYA MITRA TELEKOMUNIKASI,JL. RAYA CIKADUT NO. 3 RT. 01/01,107.665398,-6.903476,POLE,12,-,METER,2019
1856,32,JAWA BARAT,3273,KOTA BANDUNG,3273050,ASTANAANYAR,32.73.10,ASTANA ANYAR,DAYA MITRA TELEKOMUNIKASI,JL. OTO ISKANDAR DINATA NO. 305,107.603799,-6.925148,POLE,9,-,METER,2019
1857,32,JAWA BARAT,3273,KOTA BANDUNG,3273060,REGOL,32.73.11,REGOL,DAYA MITRA TELEKOMUNIKASI,JL. SAWAH KURUNG RAYA NO. 30,107.610714,-6.935123,POLE,6,-,METER,2019
1858,32,JAWA BARAT,3273,KOTA BANDUNG,3273180,ANDIR,32.73.05,ANDIR,DAYA MITRA TELEKOMUNIKASI,JL. RAJAWALI TIMUR,107.583417,-6.9150906,POLE,6,-,METER,2019
1859,32,JAWA BARAT,3273,KOTA BANDUNG,3273080,BANDUNG KIDUL,32.73.21,BANDUNG KIDUL,DAYA MITRA TELEKOMUNIKASI,KOMP. BATU NUNGGAL PERMAI I,107.630501,-6.956938,POLE,6,-,METER,2019
1860,32,JAWA BARAT,3273,KOTA BANDUNG,3273030,BOJONGLOA KALER,32.73.04,BOJONGLOA KALER,DAYA MITRA TELEKOMUNIKASI,JL. KOPO NO. 86 RT. 01/07,107.596706,-6.931463,POLE,6,-,METER,2019
1861,32,JAWA BARAT,3273,KOTA BANDUNG,3273070,LENGKONG,32.73.13,LENGKONG,DAYA MITRA TELEKOMUNIKASI,JL. SOEKARNO HATTA NO. 529,107.634617,-6.94742,POLE,6,-,METER,2019
1862,32,JAWA BARAT,3273,KOTA BANDUNG,3273050,ASTANAANYAR,32.73.10,ASTANA ANYAR,DAYA MITRA TELEKOMUNIKASI,JL. PETA NO. 32,107.600073,-6.937146,POLE,12,-,METER,2019
1863,32,JAWA BARAT,3273,KOTA BANDUNG,3273260,CIDADAP,32.73.08,CIDADAP,DAYA MITRA TELEKOMUNIKASI,JL. KAPTEN. ABD. HAMID PANORAMA 3 NO. 44,107.596133,-6.865695,POLE,6,-,METER,2019
1864,32,JAWA BARAT,3273,KOTA BANDUNG,3273040,BOJONGLOA KIDUL,32.73.17,BOJONGLOA KIDUL,DAYA MITRA TELEKOMUNIKASI,JL. MEKAR PUSPITA NO. 88,107.598683,-6.950684,POLE,6,-,METER,2019
1865,32,JAWA BARAT,3273,KOTA BANDUNG,3273210,CIBEUNYING KIDUL,32.73.14,CIBEUNYING KIDUL,DAYA MITRA TELEKOMUNIKASI,JL. JAKARTA NO. 73,107.642545,-6.913858,POLE,12,-,METER,2019
1866,32,JAWA BARAT,3273,KOTA BANDUNG,3273130,ARCAMANIK,32.73.24,ARCAMANIK,DAYA MITRA TELEKOMUNIKASI,JL. CISARANTEN KULON,107.678806,-6.934835,POLE,15,-,METER,2019
1867,32,JAWA BARAT,3273,KOTA BANDUNG,3273230,COBLONG,32.73.02,COBLONG,DAYA MITRA TELEKOMUNIKASI,KARANG ASIH NO. 314 RT. 4/RW. 13,107.62349,-6.89478,POLE,9,-,METER,2019
1868,32,JAWA BARAT,3273,KOTA BANDUNG,3273130,ARCAMANIK,32.73.24,ARCAMANIK,DAYA MITRA TELEKOMUNIKASI,JL. PERMATA TAMAN SARI RAYA RT. 11,107.679689,-6.917863,POLE,15,-,METER,2019
1869,32,JAWA BARAT,3273,KOTA BANDUNG,3273230,COBLONG,32.73.02,COBLONG,DAYA MITRA TELEKOMUNIKASI,JL. CISITU INDAH VL NO. 181 RT. 001/004,107.61395,-6.8729,POLE,9,-,METER,2019
1870,32,JAWA BARAT,3273,KOTA BANDUNG,3273190,CICENDO,32.73.06,CICENDO,DAYA MITRA TELEKOMUNIKASI,JL. CITEPUS 3 RT. 07/11,107.589333,-6.900101,POLE,9,-,METER,2019
1871,32,JAWA BARAT,3273,KOTA BANDUNG,3273070,LENGKONG,32.73.13,LENGKONG,DAYA MITRA TELEKOMUNIKASI,JL. BUAH BATU NO. 184 RT. 01/12,107.624767,-6.939451,POLE,12,-,METER,2019
1872,32,JAWA BARAT,3273,KOTA BANDUNG,3273240,SUKAJADI,32.73.07,SUKAJADI,DAYA MITRA TELEKOMUNIKASI,JL. SURYA SUMANTRI NO. 6,107.581717,-6.891543,POLE,6,-,METER,2019
1873,32,JAWA BARAT,3273,KOTA BANDUNG,3273090,BUAHBATU,32.73.22,BUAHBATU,DAYA MITRA TELEKOMUNIKASI,JL. CIPAGALO GIRANG NO. 81,107.64789,-6.953073,POLE,18,-,METER,2019
1874,32,JAWA BARAT,3273,KOTA BANDUNG,3273200,BANDUNG WETAN,32.73.09,BANDUNG WETAN,DAYA MITRA TELEKOMUNIKASI,JL. RANGGA GADING NO. 8,107.610569,-6.9028684,POLE,6,-,METER,2019
1875,32,JAWA BARAT,3273,KOTA BANDUNG,3273260,CIDADAP,32.73.08,CIDADAP,DAYA MITRA TELEKOMUNIKASI,JL. BUKIT JARIAN DALAM 156,107.606732,-6.878274,POLE,6,-,METER,2019
1876,32,JAWA BARAT,3273,KOTA BANDUNG,3273080,BANDUNG KIDUL,32.73.21,BANDUNG KIDUL,DAYA MITRA TELEKOMUNIKASI,JL. TERUSAN BUAH BATU (MASJID AL-HILAL),107.638306,-6.962835,POLE,9,-,METER,2019
1877,32,JAWA BARAT,3273,KOTA BANDUNG,3273230,COBLONG,32.73.02,COBLONG,DAYA MITRA TELEKOMUNIKASI,JL. DIPATIUKUR,107.616651,-6.890605,POLE,9,-,METER,2019
1878,32,JAWA BARAT,3273,KOTA BANDUNG,3273230,COBLONG,32.73.02,COBLONG,DAYA MITRA TELEKOMUNIKASI,JL. IR.H. JUANDA NO. 129,107.612774,-6.891199,POLE,6,-,METER,2019
1879,32,JAWA BARAT,3273,KOTA BANDUNG,3273240,SUKAJADI,32.73.07,SUKAJADI,DAYA MITRA TELEKOMUNIKASI,JL.  DR. JUNJUNAN,107.58799,-6.893899,POLE,6,-,METER,2019
1880,32,JAWA BARAT,3273,KOTA BANDUNG,3273170,SUMUR BANDUNG,32.73.19,SUMUR BANDUNG,DAYA MITRA TELEKOMUNIKASI,JL. VETERAN,107.617066,-6.920138,POLE,6,-,METER,2019
1881,32,JAWA BARAT,3273,KOTA BANDUNG,3273020,BABAKAN CIPARAY,32.73.03,BABAKAN CIPARAY,DAYA MITRA TELEKOMUNIKASI,JL. CARINGIN BLOK KOPAT,107.573399,-6.943511,POLE,6,-,METER,2019
1882,32,JAWA BARAT,3273,KOTA BANDUNG,3273010,BANDUNG KULON,32.73.15,BANDUNG KULON,DAYA MITRA TELEKOMUNIKASI,JL. CIGONDEWAH KALER NO. 15 RT. 01,107.562335,-6.934936,POLE,24,-,METER,2019
1883,32,JAWA BARAT,3273,KOTA BANDUNG,3273010,BANDUNG KULON,32.73.15,BANDUNG KULON,DAYA MITRA TELEKOMUNIKASI,JL. HOLIS (INDOMARET),107.574586,-6.926192,POLE,10,-,METER,2019
1884,32,JAWA BARAT,3273,KOTA BANDUNG,3273230,COBLONG,32.73.02,COBLONG,DAYA MITRA TELEKOMUNIKASI,JL. IR.H. JUANDA NO. 381A,107.619693,-6.87101,POLE,6,-,METER,2019
1885,32,JAWA BARAT,3273,KOTA BANDUNG,3273030,BOJONGLOA KALER,32.73.04,BOJONGLOA KALER,DAYA MITRA TELEKOMUNIKASI,JL. BABAKAN TARUYONG,107.592667,-6.932969,3 KAKI,15,-,METER,2019
1886,32,JAWA BARAT,3273,KOTA BANDUNG,3273170,SUMUR BANDUNG,32.73.19,SUMUR BANDUNG,DAYA MITRA TELEKOMUNIKASI,JL. ASIA AFRIKA DEPAN KANTOR POS,107.606197,-6.920984,POLE,10,-,METER,2019
1887,32,JAWA BARAT,3273,KOTA BANDUNG,3273240,SUKAJADI,32.73.07,SUKAJADI,DAYA MITRA TELEKOMUNIKASI,MASJID AL MURABY JL. HEGARMANAH NO.10,107.582378,-6.8811867,POLE,9,-,METER,2019
1888,32,JAWA BARAT,3273,KOTA BANDUNG,3273040,BOJONGLOA KIDUL,32.73.17,BOJONGLOA KIDUL,DAYA MITRA TELEKOMUNIKASI,BABAKAN MUSLIMIN RT. 03/06,107.608889,-6.955549,POLE,12,-,METER,2019
1889,32,JAWA BARAT,3273,KOTA BANDUNG,3273010,BANDUNG KULON,32.73.15,BANDUNG KULON,DAYA MITRA TELEKOMUNIKASI,JL. CIJERAH,107.570517,-6.918624,POLE,12,-,METER,2019
1890,32,JAWA BARAT,3273,KOTA BANDUNG,3273190,CICENDO,32.73.06,CICENDO,DAYA MITRA TELEKOMUNIKASI,JL. KAF. KATA NEGARA,107.58556,-6.900011,4 KAKI,36,-,METER,2019
1891,32,JAWA BARAT,3273,KOTA BANDUNG,3273142,MANDALAJATI,32.73.30,MANDALAJATI,DAYA MITRA TELEKOMUNIKASI,KP. CICAGE RT. 01/03,107.661089,-6.901766,POLE,29,-,METER,2019
1892,32,JAWA BARAT,3273,KOTA BANDUNG,3273030,BOJONGLOA KALER,32.73.04,BOJONGLOA KALER,DAYA MITRA TELEKOMUNIKASI,JL. PETA NO. 252 D,107.586139,-6.927391,POLE,9,-,METER,2019
1893,32,JAWA BARAT,3273,KOTA BANDUNG,3273160,BATUNUNGGAL,32.73.12,BATUNUNGGAL,DAYA MITRA TELEKOMUNIKASI,JL. JENDRAL AHMAD YANI NO. 456,107.641687,-6.909481,POLE,12,-,METER,2019
1894,32,JAWA BARAT,3273,KOTA BANDUNG,3273080,BANDUNG KIDUL,32.73.21,BANDUNG KIDUL,DAYA MITRA TELEKOMUNIKASI,JL. BONASARI 4 RT. 08/04,107.642762,-6.96501,POLE,25,-,METER,2019
1895,32,JAWA BARAT,3273,KOTA BANDUNG,3273180,ANDIR,32.73.05,ANDIR,DAYA MITRA TELEKOMUNIKASI,JL. CIROYOM (PASAR CIROYOM),107.587172,-6.914056,POLE,9,-,METER,2019
1896,32,JAWA BARAT,3273,KOTA BANDUNG,3273170,SUMUR BANDUNG,32.73.19,SUMUR BANDUNG,DAYA MITRA TELEKOMUNIKASI,JL. NATUNA,107.616522,-6.916808,POLE,15,-,METER,2019
1897,32,JAWA BARAT,3273,KOTA BANDUNG,3273230,COBLONG,32.73.02,COBLONG,DAYA MITRA TELEKOMUNIKASI,JL. KEBON BIBIT TENGAH NO. 27,107.606211,-6.897981,POLE,10,-,METER,2019
1898,32,JAWA BARAT,3273,KOTA BANDUNG,3273180,ANDIR,32.73.05,ANDIR,DAYA MITRA TELEKOMUNIKASI,JL. GARUDA NO. 108,107.578507,-6.908318,POLE,12,-,METER,2019
1899,32,JAWA BARAT,3273,KOTA BANDUNG,3273090,BUAHBATU,32.73.22,BUAHBATU,DAYA MITRA TELEKOMUNIKASI,JATI SARI,107.663136,-6.93494,POLE,20,-,METER,2019
1900,32,JAWA BARAT,3273,KOTA BANDUNG,3273110,CIBIRU,32.73.25,CIBIRU,DAYA MITRA TELEKOMUNIKASI,JL. A.H NASUTION  525 RT. 002/010,107.716833,-6.934267,POLE,20,-,METER,2019
1901,32,JAWA BARAT,3273,KOTA BANDUNG,3273090,BUAHBATU,32.73.22,BUAHBATU,DAYA MITRA TELEKOMUNIKASI,JL. CIJAURA GIRANG NO. 2,107.648057,-6.944564,3 KAKI,10,-,METER,2019
1902,32,JAWA BARAT,3273,KOTA BANDUNG,3273020,BABAKAN CIPARAY,32.73.03,BABAKAN CIPARAY,DAYA MITRA TELEKOMUNIKASI,JL. TERS. SURYANI GG. ABADI RT. 03 RW. 02,107.57957,-6.92615,POLE,30,-,METER,2019
1903,32,JAWA BARAT,3273,KOTA BANDUNG,3273101,GEDEBAGE,32.73.27,GEDEBAGE,DAYA MITRA TELEKOMUNIKASI,JL. CIMENCRANG RT. 01/04,107.705132,-6.947759,POLE,25,-,METER,2019
1904,32,JAWA BARAT,3273,KOTA BANDUNG,3273250,SUKASARI,32.73.01,SUKASARI,DAYA MITRA TELEKOMUNIKASI,"JL. SERSAN BAJURI NO. 43 A, RT. 008 RW. 004",107.59149,-6.855146,POLE,15,-,METER,2019
1905,32,JAWA BARAT,3273,KOTA BANDUNG,3273250,SUKASARI,32.73.01,SUKASARI,DAYA MITRA TELEKOMUNIKASI,JL. CIPEDES ATAS NO. 9,107.59053,-6.87693,POLE,4,-,METER,2019
1906,32,JAWA BARAT,3273,KOTA BANDUNG,3273150,KIARACONDONG,32.73.16,KIARACONDONG,DAYA MITRA TELEKOMUNIKASI,JL. KAMPUS 1 NO. 39,107.649527,-6.924699,POLE,9,-,METER,2019
1907,32,JAWA BARAT,3273,KOTA BANDUNG,3273020,BABAKAN CIPARAY,32.73.03,BABAKAN CIPARAY,DAYA MITRA TELEKOMUNIKASI,JL. KOPO MAS REGENCY,107.578526,-6.95803,POLE,6,-,METER,2019
1908,32,JAWA BARAT,3273,KOTA BANDUNG,3273200,BANDUNG WETAN,32.73.09,BANDUNG WETAN,DAYA MITRA TELEKOMUNIKASI,JL. WASTUKENCANA GANG NANGKASUNI,107.6059,-6.9058602,POLE,3,-,METER,2019
1909,32,JAWA BARAT,3273,KOTA BANDUNG,3273210,CIBEUNYING KIDUL,32.73.14,CIBEUNYING KIDUL,DAYA MITRA TELEKOMUNIKASI,JL. BOJONG KONENG NO. 12 RT. 04 RW. 12,107.643719,-6.89435,POLE,6,-,METER,2019
1910,32,JAWA BARAT,3273,KOTA BANDUNG,3273030,BOJONGLOA KALER,32.73.04,BOJONGLOA KALER,DAYA MITRA TELEKOMUNIKASI,JL. BABAKAN CIPARAY,107.58484,-6.930082,POLE,3,-,METER,2019
1911,32,JAWA BARAT,3273,KOTA BANDUNG,3273160,BATUNUNGGAL,32.73.12,BATUNUNGGAL,DAYA MITRA TELEKOMUNIKASI,JL. CIGONDEWAH KOLOT,107.63012,-6.92474,POLE,6,-,METER,2019
1912,32,JAWA BARAT,3273,KOTA BANDUNG,3273130,ARCAMANIK,32.73.24,ARCAMANIK,DAYA MITRA TELEKOMUNIKASI,JL. BANJARSARI INDAH A-IF RT. 03/RW. 015,107.667069,-6.919414,POLE,6,-,METER,2019
1913,32,JAWA BARAT,3273,KOTA BANDUNG,3273111,PANYILEUKAN,32.73.28,PANYILEUKAN,"PT. INDOSAT, TBK","JI. SUKARNO HATTA KM 12.5, KOMPLEK LINGKUNGAN INDUSTRI KECIL",107.699494,-6.935507,4 KAKI,42,-,METER,2019
1914,32,JAWA BARAT,3273,KOTA BANDUNG,3273111,PANYILEUKAN,32.73.28,PANYILEUKAN,"PT. INDOSAT, TBK",JL. PANGHEGAR,107.698209,-6.92424,4 KAKI,62,-,METER,2019
1915,32,JAWA BARAT,3273,KOTA BANDUNG,3273101,GEDEBAGE,32.73.27,GEDEBAGE,"PT. INDOSAT, TBK",JI. GEDEBAGE KUION 56 RT. 01/04,107.68964,-6.941845,4 KAKI,62,-,METER,2019
1916,32,JAWA BARAT,3273,KOTA BANDUNG,3273101,GEDEBAGE,32.73.27,GEDEBAGE,"PT. INDOSAT, TBK",JI. BOJONGLOA NO. 63 RT. 04 RW.  05,107.687654,-6.957323,4 KAKI,62,-,METER,2019
1917,32,JAWA BARAT,3273,KOTA BANDUNG,3273100,RANCASARI,32.73.23,RANCASARI,"PT. INDOSAT, TBK",KP/BLOK RANCALOA RT. 02/08,107.677,-6.945718,4 KAKI,52,-,METER,2019
1918,32,JAWA BARAT,3273,KOTA BANDUNG,3273090,BUAHBATU,32.73.22,BUAHBATU,"PT. INDOSAT, TBK",JI. CIPAGALO GIRANG RT. 02/03,107.647887,-6.950068,4 KAKI,52,-,METER,2019
1919,32,JAWA BARAT,3273,KOTA BANDUNG,3273100,RANCASARI,32.73.23,RANCASARI,"PT. INDOSAT, TBK",JI. SOEKARNO HATTA 644A,107.67005,-6.939174,4 KAKI,55,-,METER,2019
1920,32,JAWA BARAT,3273,KOTA BANDUNG,3273110,CIBIRU,32.73.25,CIBIRU,"PT. INDOSAT, TBK","CILENGKANG II NO. 53 RT. 03/09,UJUNG BERUNG",107.71229,-6.924538,4 KAKI,52,-,METER,2019
1921,32,JAWA BARAT,3273,KOTA BANDUNG,3273120,UJUNG BERUNG,32.73.26,UJUNGBERUNG,"PT. INDOSAT, TBK",PALEDANG DUSUN MANDALAWANGI BLOK PASIR TANJUNG,107.711656,-6.912382,4 KAKI,62,-,METER,2019
1922,32,JAWA BARAT,3273,KOTA BANDUNG,3273120,UJUNG BERUNG,32.73.26,UJUNGBERUNG,"PT. INDOSAT, TBK",JL. KOSAR NO. 133 RT. 08/07,107.69096,-6.904063,4 KAKI,42,-,METER,2019
1923,32,JAWA BARAT,3273,KOTA BANDUNG,3273130,ARCAMANIK,32.73.24,ARCAMANIK,"PT. INDOSAT, TBK",CISARANTEN KULON NO. 223 (PANCA TENGAH),107.681965,-6.929318,4 KAKI,42,-,METER,2019
1924,32,JAWA BARAT,3273,KOTA BANDUNG,3273130,ARCAMANIK,32.73.24,ARCAMANIK,"PT. INDOSAT, TBK",JI. PAWENANG II RT. 03/06,107.688677,-6.910188,4 KAKI,52,-,METER,2019
1925,32,JAWA BARAT,3273,KOTA BANDUNG,3273130,ARCAMANIK,32.73.24,ARCAMANIK,"PT. INDOSAT, TBK",SEMBRANI NO. 7,107.672181,-6.90732,4 KAKI,32,-,METER,2019
1926,32,JAWA BARAT,3273,KOTA BANDUNG,3273160,BATUNUNGGAL,32.73.12,BATUNUNGGAL,"PT. INDOSAT, TBK",BABAKAN JATI,107.641486,-6.942666,4 KAKI,32,-,METER,2019
1927,32,JAWA BARAT,3273,KOTA BANDUNG,3273070,LENGKONG,32.73.13,LENGKONG,"PT. INDOSAT, TBK",JI. TERUSAN HALIMUN NO. 37 (KAMPUS ITA),107.626191,-6.92641,4 KAKI,40,-,METER,2019
1928,32,JAWA BARAT,3273,KOTA BANDUNG,3273070,LENGKONG,32.73.13,LENGKONG,"PT. INDOSAT, TBK","JL. KERAWITAN ""KOPERASI KEKAR""",107.627602,-6.938959,4 KAKI,32,-,METER,2019
1929,32,JAWA BARAT,3273,KOTA BANDUNG,3273142,MANDALAJATI,32.73.30,MANDALAJATI,"PT. INDOSAT, TBK",KP. DANGUS MAUNG PASIR IMPUN RT. 04/07 KARANG PAMULANG,107.674916,-6.898666,4 KAKI,42,-,METER,2019
1930,32,JAWA BARAT,3273,KOTA BANDUNG,3273210,CIBEUNYING KIDUL,32.73.14,CIBEUNYING KIDUL,"PT. INDOSAT, TBK","YIN PRAMUKHA VII, KOMPLEK PERUMAHAN PUSENIF",107.637677,-6.904531,4 KAKI,42,-,METER,2019
1931,32,JAWA BARAT,3273,KOTA BANDUNG,3273141,ANTAPANI,32.73.20,ANTAPANI,"PT. INDOSAT, TBK",TERUSAN JAKARTA RT. 03/07,107.659865,-6.913443,POLE,31,-,METER,2019
1932,32,JAWA BARAT,3273,KOTA BANDUNG,3273150,KIARACONDONG,32.73.16,KIARACONDONG,"PT. INDOSAT, TBK",PSM,107.64944,-6.929682,4 KAKI,42,-,METER,2019
1933,32,JAWA BARAT,3273,KOTA BANDUNG,3273150,KIARACONDONG,32.73.16,KIARACONDONG,"PT. INDOSAT, TBK",KIARACONDONG NO. 145 / 177,107.644531,-6.922533,4 KAKI,52,-,METER,2019
1934,32,JAWA BARAT,3273,KOTA BANDUNG,3273141,ANTAPANI,32.73.20,ANTAPANI,"PT. INDOSAT, TBK",JI. TERUSAN JAKARTA NO. 53 RT. 01/12 GANG SUKAKARYA,107.649149,-6.9119167,POLE,30,-,METER,2019
1935,32,JAWA BARAT,3273,KOTA BANDUNG,3273210,CIBEUNYING KIDUL,32.73.14,CIBEUNYING KIDUL,"PT. INDOSAT, TBK",JI. JENDRAL A.YANI NO. 995 RT. 01 RW.  04 CICAHEUM,107.658064,-6.902114,POLE,6,-,METER,2019
1936,32,JAWA BARAT,3273,KOTA BANDUNG,3273160,BATUNUNGGAL,32.73.12,BATUNUNGGAL,"PT. INDOSAT, TBK",JI. AHMAD YANI NO. 312 WILAYAH KAREES,107.634465,-6.913528,4 KAKI,25,-,METER,2019
1937,32,JAWA BARAT,3273,KOTA BANDUNG,3273160,BATUNUNGGAL,32.73.12,BATUNUNGGAL,"PT. INDOSAT, TBK",JL. TERUSAN RANCAGOONG II RT. 05/04 MALEER SELATAN,107.637298,-6.93174,4 KAKI,55,-,METER,2019
1938,32,JAWA BARAT,3273,KOTA BANDUNG,3273080,BANDUNG KIDUL,32.73.21,BANDUNG KIDUL,"PT. INDOSAT, TBK",JI. SUKARNO HATTA NO. 1,107.634141,-6.948542,4 KAKI,55,-,METER,2019
1939,32,JAWA BARAT,3273,KOTA BANDUNG,3273010,BANDUNG KULON,32.73.15,BANDUNG KULON,"PT. INDOSAT, TBK",TB RAHAYU II JI. CIBOLERANG NO. 69 RT. 01/03 MARGASUKA,107.564855,-6.950523,4 KAKI,32,-,METER,2019
1940,32,JAWA BARAT,3273,KOTA BANDUNG,3273010,BANDUNG KULON,32.73.15,BANDUNG KULON,"PT. INDOSAT, TBK",JI. HOLIS NO. 35 RT. 02/01 WARUNG MUNCANG,107.576388,-6.919555,4 KAKI,32,-,METER,2019
1941,32,JAWA BARAT,3273,KOTA BANDUNG,3273180,ANDIR,32.73.05,ANDIR,"PT. INDOSAT, TBK",KEBON JATI 254B,107.591793,-6.91613,4 KAKI,32,-,METER,2019
1942,32,JAWA BARAT,3273,KOTA BANDUNG,3273180,ANDIR,32.73.05,ANDIR,"PT. INDOSAT, TBK",JL. GARDUJATI 55-61 (40181),107.597633,-6.918203,4 KAKI,15,-,METER,2019
1943,32,JAWA BARAT,3273,KOTA BANDUNG,3273020,BABAKAN CIPARAY,32.73.03,BABAKAN CIPARAY,"PT. INDOSAT, TBK",JL. CARINGIN RT. 02 RW. 09,107.570607,-6.940137,4 KAKI,42,-,METER,2019
1944,32,JAWA BARAT,3273,KOTA BANDUNG,3273030,BOJONGLOA KALER,32.73.04,BOJONGLOA KALER,"PT. INDOSAT, TBK",JL. BABAKAN CIPARAY NO. 299 RT. 01/011,107.584552,-6.941879,4 KAKI,42,-,METER,2019
1945,32,JAWA BARAT,3273,KOTA BANDUNG,3273020,BABAKAN CIPARAY,32.73.03,BABAKAN CIPARAY,"PT. INDOSAT, TBK",JL. BABAKAN CIPARAY NO. 240,107.582849,-6.938397,4 KAKI,52,-,METER,2019
1946,32,JAWA BARAT,3273,KOTA BANDUNG,3273040,BOJONGLOA KIDUL,32.73.17,BOJONGLOA KIDUL,"PT. INDOSAT, TBK",JI. PETA NO. 75 RT. 12/03 SITUSAEUR,107.598223,-6.937988,4 KAKI,25,-,METER,2019
1947,32,JAWA BARAT,3273,KOTA BANDUNG,3273060,REGOL,32.73.11,REGOL,"PT. INDOSAT, TBK",JI. KEMBAR TIMUR VII RT. 02/07 ANCOL,107.614879,-6.945067,4 KAKI,42,-,METER,2019
1948,32,JAWA BARAT,3273,KOTA BANDUNG,3273040,BOJONGLOA KIDUL,32.73.17,BOJONGLOA KIDUL,"PT. INDOSAT, TBK",JL. CIBADUYUT NO. 53 KEBON LEGA,107.594605,-6.949694,4 KAKI,32,-,METER,2019
1949,32,JAWA BARAT,3273,KOTA BANDUNG,3273050,ASTANAANYAR,32.73.10,ASTANA ANYAR,"PT. INDOSAT, TBK",JL. ASTANA ANYAR NO. 132 CIBADAK,107.599318,-6.925209,4 KAKI,20,-,METER,2019
1950,32,JAWA BARAT,3273,KOTA BANDUNG,3273060,REGOL,32.73.11,REGOL,"PT. INDOSAT, TBK",JL. CIATEUL NO. 122 CIATEUL,107.609774,-6.932257,4 KAKI,15,-,METER,2019
1951,32,JAWA BARAT,3273,KOTA BANDUNG,3273060,REGOL,32.73.11,REGOL,"PT. INDOSAT, TBK",JI. PUNGKUR (JI. RD. DEWI SARTIKA) NO. 64 RT. 05/03,107.605657,-6.927364,POLE,20,-,METER,2019
1952,32,JAWA BARAT,3273,KOTA BANDUNG,3273050,ASTANAANYAR,32.73.10,ASTANA ANYAR,"PT. INDOSAT, TBK",JI. OTTO LSKANDARDINATA NO. 455 (RUKO SURYA),107.603421,-6.929731,4 KAKI,15,-,METER,2019
1953,32,JAWA BARAT,3273,KOTA BANDUNG,3273240,SUKAJADI,32.73.07,SUKAJADI,"PT. INDOSAT, TBK","BABAKAN CILANDAK RT. 02/04,SUKARASA",107.579269,-6.882599,4 KAKI,25,-,METER,2019
1954,32,JAWA BARAT,3273,KOTA BANDUNG,3273240,SUKAJADI,32.73.07,SUKAJADI,"PT. INDOSAT, TBK",JL. PROF. DR. SURIA SUMANTRI NO. 65,107.580974,-6.88534,4 KAKI,15,-,METER,2019
1955,32,JAWA BARAT,3273,KOTA BANDUNG,3273190,CICENDO,32.73.06,CICENDO,"PT. INDOSAT, TBK",JI. KOMODOR UDARA SUPADIO NO. 30 RT. 09/06,107.585693,-6.909366,4 KAKI,45,-,METER,2019
1956,32,JAWA BARAT,3273,KOTA BANDUNG,3273190,CICENDO,32.73.06,CICENDO,"PT. INDOSAT, TBK",JI. PASIRKALIKI NO. 102 (TESSA CELLULAR) PASIRKALIKI,107.597824,-6.908759,4 KAKI,20,-,METER,2019
1957,32,JAWA BARAT,3273,KOTA BANDUNG,3273240,SUKAJADI,32.73.07,SUKAJADI,"PT. INDOSAT, TBK",JL. SUKAJADI GANG SUKAGALIH NO. 18C,107.597461,-6.895042,4 KAKI,15,-,METER,2019
1958,32,JAWA BARAT,3273,KOTA BANDUNG,3273240,SUKAJADI,32.73.07,SUKAJADI,"PT. INDOSAT, TBK",SUKAJADI NO. 174 (HOTEL SUKAJADI),107.597224,-6.885394,POLE,15,-,METER,2019
1959,32,JAWA BARAT,3273,KOTA BANDUNG,3273240,SUKAJADI,32.73.07,SUKAJADI,"PT. INDOSAT, TBK",JL. SEMPURNA NO. 33C RT. 07/08,107.599449,-6.891111,POLE,15,-,METER,2019
1960,32,JAWA BARAT,3273,KOTA BANDUNG,3273190,CICENDO,32.73.06,CICENDO,"PT. INDOSAT, TBK",JL. DR. RUM NO. 30-32 CIPAGANTI,107.600667,-6.905082,4 KAKI,15,-,METER,2019
1961,32,JAWA BARAT,3273,KOTA BANDUNG,3273250,SUKASARI,32.73.01,SUKASARI,"PT. INDOSAT, TBK",SARIJADI BARU 1 KAV. 122 SUKARASA,107.581622,-6.87242,4 KAKI,42,-,METER,2019
1962,32,JAWA BARAT,3273,KOTA BANDUNG,3273250,SUKASARI,32.73.01,SUKASARI,"PT. INDOSAT, TBK",JI. BUDI LUHUR NO. 4,107.593212,-6.871214,4 KAKI,42,-,METER,2019
1963,32,JAWA BARAT,3273,KOTA BANDUNG,3273250,SUKASARI,32.73.01,SUKASARI,"PT. INDOSAT, TBK","JI. RAYA SETIABUDI, GG. PADA SALUYU NO. 10 RT 03/03",107.594258,-6.85066,4 KAKI,42,-,METER,2019
1964,32,JAWA BARAT,3273,KOTA BANDUNG,3273260,CIDADAP,32.73.08,CIDADAP,"PT. INDOSAT, TBK",CIPAKU INDAH III NO. 9,107.59957,-6.864052,4 KAKI,25,-,METER,2019
1965,32,JAWA BARAT,3273,KOTA BANDUNG,3273260,CIDADAP,32.73.08,CIDADAP,"PT. INDOSAT, TBK",WILAYAH RS. AU TK II DR. SALAMUN,107.604315,-6.865434,4 KAKI,30,-,METER,2019
1966,32,JAWA BARAT,3273,KOTA BANDUNG,3273230,COBLONG,32.73.02,COBLONG,"PT. INDOSAT, TBK",JI. CIHAMPELAS NO. 169 (GRAHA MARANATHA),107.603767,-6.890658,POLE,32,-,METER,2019
1967,32,JAWA BARAT,3273,KOTA BANDUNG,3273230,COBLONG,32.73.02,COBLONG,"PT. INDOSAT, TBK",JL. GANESHA NO. 03 (AREA MASJID SALMAN ITB),107.6111,-6.894028,4 KAKI,25,-,METER,2019
1968,32,JAWA BARAT,3273,KOTA BANDUNG,3273230,COBLONG,32.73.02,COBLONG,"PT. INDOSAT, TBK",CISITU LAMA,107.612253,-6.879604,4 KAKI,45,-,METER,2019
1969,32,JAWA BARAT,3273,KOTA BANDUNG,3273230,COBLONG,32.73.02,COBLONG,"PT. INDOSAT, TBK",JL. SADANG SARI NO. 23 SEKELOA,107.626724,-6.889931,4 KAKI,52,-,METER,2019
1970,32,JAWA BARAT,3273,KOTA BANDUNG,3273230,COBLONG,32.73.02,COBLONG,"PT. INDOSAT, TBK","JL. TERUSAN CIHEULANG, KP. KUBANG RT. 01/05 SADANG SERANG",107.619682,-6.887243,4 KAKI,62,-,METER,2019
1971,32,JAWA BARAT,3273,KOTA BANDUNG,3273220,CIBEUNYING KALER,32.73.18,CIBEUNYING KALER,"PT. INDOSAT, TBK",CIKUTRA BARU VI (BLOK SEKEJATI) RT. 03/05,107.641024,-6.896255,4 KAKI,32,-,METER,2019
1972,32,JAWA BARAT,3273,KOTA BANDUNG,3273230,COBLONG,32.73.02,COBLONG,"PT. INDOSAT, TBK",JI. SURAPATI NO. 55E,107.620228,-6.898822,4 KAKI,32,-,METER,2019
1973,32,JAWA BARAT,3273,KOTA BANDUNG,3273200,BANDUNG WETAN,32.73.09,BANDUNG WETAN,"PT. INDOSAT, TBK",PRAMUKA (JI. RE MARTADINATA) NO. 159 RT. 01/02,107.626213,-6.90934,4 KAKI,20,-,METER,2019
1974,32,JAWA BARAT,3273,KOTA BANDUNG,3273170,SUMUR BANDUNG,32.73.19,SUMUR BANDUNG,"PT. INDOSAT, TBK",SUMBAWA NO. 9,107.617644,-6.914363,4 KAKI,15,-,METER,2019
1975,32,JAWA BARAT,3273,KOTA BANDUNG,3273170,SUMUR BANDUNG,32.73.19,SUMUR BANDUNG,"PT. INDOSAT, TBK",RE MARTADINATA NO. 15 CITARUM,107.611905,-6.906446,3 KAKI,15,-,METER,2019
1976,32,JAWA BARAT,3273,KOTA BANDUNG,3273030,BOJONGLOA KALER,32.73.04,BOJONGLOA KALER,"PT. INDOSAT, TBK",BLOK PETIR RW. 05,107.589633,-6.931292,4 KAKI,42,-,METER,2019
1977,32,JAWA BARAT,3273,KOTA BANDUNG,3273030,BOJONGLOA KALER,32.73.04,BOJONGLOA KALER,"PT. INDOSAT, TBK",JL. RAYA KOPO DEPAN PINTU TOL KOPO MARGASUKA,107.581486,-6.956352,4 KAKI,52,-,METER,2019
1978,32,JAWA BARAT,3273,KOTA BANDUNG,3273170,SUMUR BANDUNG,32.73.19,SUMUR BANDUNG,"PT. INDOSAT, TBK",BRAGA NO. 129 (GEDUNG LANDMARK),107.608779,-6.915559,POLE,10,-,METER,2019
1979,32,JAWA BARAT,3273,KOTA BANDUNG,3273010,BANDUNG KULON,32.73.15,BANDUNG KULON,"PT. INDOSAT, TBK","AREA GERBANG TOL PASIR KOJA,",107.570279,-6.9310657,4 KAKI,42,-,METER,2019
1980,32,JAWA BARAT,3273,KOTA BANDUNG,3273170,SUMUR BANDUNG,32.73.19,SUMUR BANDUNG,"PT. INDOSAT, TBK",JL. A. YANI NO. 221 -223 (JL. GANDAPURA DIAN LUCKY COMPUTER),107.625377,-6.917456,4 KAKI,20,-,METER,2019
1981,32,JAWA BARAT,3273,KOTA BANDUNG,3273110,CIBIRU,32.73.25,CIBIRU,PT. TOWER BERSAMA GROUP,EASTERNHILS CIGURUWIK,107.726,-6.92728,4 KAKI,42,-,METER,2019
1982,32,JAWA BARAT,3273,KOTA BANDUNG,3273110,CIBIRU,32.73.25,CIBIRU,PT. TOWER BERSAMA GROUP,JL. SUKALUYU,107.726,-6.91648,4 KAKI,42,-,METER,2019
1983,32,JAWA BARAT,3273,KOTA BANDUNG,3273110,CIBIRU,32.73.25,CIBIRU,PT. TOWER BERSAMA GROUP,JL. SUKALUYU RT. 01/12,107.723,-6.91934,4 KAKI,55,-,METER,2019
1984,32,JAWA BARAT,3273,KOTA BANDUNG,3273110,CIBIRU,32.73.25,CIBIRU,PT. TOWER BERSAMA GROUP,JL. MANISI GG. REFORMASI NO. 5 RT. 03/13,107.72,-6.9239,4 KAKI,42,-,METER,2019
1985,32,JAWA BARAT,3273,KOTA BANDUNG,3273120,UJUNG BERUNG,32.73.26,UJUNGBERUNG,PT. TOWER BERSAMA GROUP,BDGN-174/JL. SEKEMALA,107.718,-6.90654,4 KAKI,42,-,METER,2019
1986,32,JAWA BARAT,3273,KOTA BANDUNG,3273111,PANYILEUKAN,32.73.28,PANYILEUKAN,PT. TOWER BERSAMA GROUP,KP. PANYILEUKAN RT. 03/01,107.716,-6.9382,4 KAKI,47,-,METER,2019
1987,32,JAWA BARAT,3273,KOTA BANDUNG,3273110,CIBIRU,32.73.25,CIBIRU,PT. TOWER BERSAMA GROUP,JL. A.H NASUTION RT. 01/02 KM 13,107.712,-6.92931,4 KAKI,42,-,METER,2019
1988,32,JAWA BARAT,3273,KOTA BANDUNG,3273120,UJUNG BERUNG,32.73.26,UJUNGBERUNG,PT. TOWER BERSAMA GROUP,JL. NAGROG 1 RT. 01/07,107.706,-6.91046,4 KAKI,33,-,METER,2019
1989,32,JAWA BARAT,3273,KOTA BANDUNG,3273101,GEDEBAGE,32.73.27,GEDEBAGE,PT. TOWER BERSAMA GROUP,JL. RANCANUMPANG RT. 05/07,107.705,-6.96487,4 KAKI,32,-,METER,2019
1990,32,JAWA BARAT,3273,KOTA BANDUNG,3273111,PANYILEUKAN,32.73.28,PANYILEUKAN,PT. TOWER BERSAMA GROUP,JL. SINDANG SARI VI,107.7,-6.92067,4 KAKI,34,-,METER,2019
1991,32,JAWA BARAT,3273,KOTA BANDUNG,3273121,CINAMBO,32.73.29,CINAMBO,PT. TOWER BERSAMA GROUP,JL. GOLEF NO. 19,107.689,-6.92067,4 KAKI,42,-,METER,2019
1992,32,JAWA BARAT,3273,KOTA BANDUNG,3273101,GEDEBAGE,32.73.27,GEDEBAGE,PT. TOWER BERSAMA GROUP,JL. GEDEBAGE SELATAN,107.687,-6.95231,4 KAKI,80,-,METER,2019
1993,32,JAWA BARAT,3273,KOTA BANDUNG,3273130,ARCAMANIK,32.73.24,ARCAMANIK,PT. TOWER BERSAMA GROUP,JL. CICUKANG,107.684,-6.91333,3 KAKI,31,-,METER,2019
1994,32,JAWA BARAT,3273,KOTA BANDUNG,3273130,ARCAMANIK,32.73.24,ARCAMANIK,PT. TOWER BERSAMA GROUP,JL. PERMATA BUMI RAYA,107.682,-6.92041,4 KAKI,52,-,METER,2019
1995,32,JAWA BARAT,3273,KOTA BANDUNG,3273130,ARCAMANIK,32.73.24,ARCAMANIK,PT. TOWER BERSAMA GROUP,JL. PANCA TENGAH 1,107.682,-6.92937,MCP,20,-,METER,2019
1996,32,JAWA BARAT,3273,KOTA BANDUNG,3273130,ARCAMANIK,32.73.24,ARCAMANIK,PT. TOWER BERSAMA GROUP,JL. CISARANTEN,107.68,-6.93186,4 KAKI,55,-,METER,2019
1997,32,JAWA BARAT,3273,KOTA BANDUNG,3273100,RANCASARI,32.73.23,RANCASARI,PT. TOWER BERSAMA GROUP,KOMP. RIUNG BANDUNG 26 KEMAKMURAN 8 RT. 06/11,107.68,-6.95746,POLE,32,-,METER,2019
1998,32,JAWA BARAT,3273,KOTA BANDUNG,3273130,ARCAMANIK,32.73.24,ARCAMANIK,PT. TOWER BERSAMA GROUP,JL. PERMATA PERMAI,107.677,-6.92327,4 KAKI,32,-,METER,2019
1999,32,JAWA BARAT,3273,KOTA BANDUNG,3273142,MANDALAJATI,32.73.30,MANDALAJATI,PT. TOWER BERSAMA GROUP,JL. RAYA PASIR IMPUN RW. 03,107.676,-6.90055,4 KAKI,53,-,METER,2019
2000,32,JAWA BARAT,3273,KOTA BANDUNG,3273100,RANCASARI,32.73.23,RANCASARI,PT. TOWER BERSAMA GROUP,KP. RANCACAI,107.673,-6.95926,4 KAKI,36,-,METER,2019
2001,32,JAWA BARAT,3273,KOTA BANDUNG,3273090,BUAHBATU,32.73.22,BUAHBATU,PT. TOWER BERSAMA GROUP,JL. RANCASAWO,107.671,-6.95976,4 KAKI,52,-,METER,2019
2002,32,JAWA BARAT,3273,KOTA BANDUNG,3273100,RANCASARI,32.73.23,RANCASARI,PT. TOWER BERSAMA GROUP,JL. MERCURI TIMUR NO. 1,107.67,-6.94463,POLE,30,-,METER,2019
2003,32,JAWA BARAT,3273,KOTA BANDUNG,3273100,RANCASARI,32.73.23,RANCASARI,PT. TOWER BERSAMA GROUP,JL. MERCURI INDAH TIMUR NO. 72,107.67,-6.94188,4 KAKI,42,-,METER,2019
2004,32,JAWA BARAT,3273,KOTA BANDUNG,3273130,ARCAMANIK,32.73.24,ARCAMANIK,PT. TOWER BERSAMA GROUP,JL. PARAKAN SAAT NO. 5 RT. 2/11,107.669,-6.93204,3 KAKI,31,-,METER,2019
2005,32,JAWA BARAT,3273,KOTA BANDUNG,3273100,RANCASARI,32.73.23,RANCASARI,PT. TOWER BERSAMA GROUP,JL. MANJAH LEGA RT. 01/01,107.669,-6.95061,3 KAKI,31,-,METER,2019
2006,32,JAWA BARAT,3273,KOTA BANDUNG,3273141,ANTAPANI,32.73.20,ANTAPANI,PT. TOWER BERSAMA GROUP,JL. CIBODAS,107.664,-6.92486,4 KAKI,53,-,METER,2019
2007,32,JAWA BARAT,3273,KOTA BANDUNG,3273141,ANTAPANI,32.73.20,ANTAPANI,PT. TOWER BERSAMA GROUP,JL. SINDANG SARI RT. 03/09 (JL. CIHARU KUKU),107.663,-6.91189,4 KAKI,36,-,METER,2019
2008,32,JAWA BARAT,3273,KOTA BANDUNG,3273100,RANCASARI,32.73.23,RANCASARI,PT. TOWER BERSAMA GROUP,KOMP. PASIR POGOR,107.662,-6.96342,4 KAKI,32,-,METER,2019
2009,32,JAWA BARAT,3273,KOTA BANDUNG,3273142,MANDALAJATI,32.73.30,MANDALAJATI,PT. TOWER BERSAMA GROUP,JL. H. ACENG RT. 07/08,107.661,-6.89502,4 KAKI,40,-,METER,2019
2010,32,JAWA BARAT,3273,KOTA BANDUNG,3273141,ANTAPANI,32.73.20,ANTAPANI,PT. TOWER BERSAMA GROUP,JL. RANDU SARI RAYA,107.661,-6.92627,4 KAKI,46,-,METER,2019
2011,32,JAWA BARAT,3273,KOTA BANDUNG,3273090,BUAHBATU,32.73.22,BUAHBATU,PT. TOWER BERSAMA GROUP,JL. CIJAURA ILIR RT. 15/06,107.66,-6.96045,POLE,9,-,METER,2019
2012,32,JAWA BARAT,3273,KOTA BANDUNG,3273141,ANTAPANI,32.73.20,ANTAPANI,PT. TOWER BERSAMA GROUP,JL. TERUSAN JAKARTA 112,107.655,-6.91275,POLE,6,-,METER,2019
2013,32,JAWA BARAT,3273,KOTA BANDUNG,3273090,BUAHBATU,32.73.22,BUAHBATU,PT. TOWER BERSAMA GROUP,JL. CIJAWURA GIRANG RT. 13/08,107.653,-6.9477,4 KAKI,36,-,METER,2019
2014,32,JAWA BARAT,3273,KOTA BANDUNG,3273150,KIARACONDONG,32.73.16,KIARACONDONG,PT. TOWER BERSAMA GROUP,JL. TERUSAN CITRA DALAM,107.652,-6.91883,POLE,18,-,METER,2019
2015,32,JAWA BARAT,3273,KOTA BANDUNG,3273210,CIBEUNYING KIDUL,32.73.14,CIBEUNYING KIDUL,PT. TOWER BERSAMA GROUP,JL. BABAKAN GEMPOL RT. 04/04,107.651,-6.90012,POLE,30,-,METER,2019
2016,32,JAWA BARAT,3273,KOTA BANDUNG,3273210,CIBEUNYING KIDUL,32.73.14,CIBEUNYING KIDUL,PT. TOWER BERSAMA GROUP,BOJONGKONENG ATAS,107.645,-6.88972,4 KAKI,42,-,METER,2019
2017,32,JAWA BARAT,3273,KOTA BANDUNG,3273210,CIBEUNYING KIDUL,32.73.14,CIBEUNYING KIDUL,PT. TOWER BERSAMA GROUP,JL. JENDRAL AHMAD YANI NO. 635,107.644,-6.90792,POLE,18,-,METER,2019
2018,32,JAWA BARAT,3273,KOTA BANDUNG,3273160,BATUNUNGGAL,32.73.12,BATUNUNGGAL,PT. TOWER BERSAMA GROUP,JL. KIARA CONDONG NO. 350,107.642,-6.93696,4 KAKI,26,-,METER,2019
2019,32,JAWA BARAT,3273,KOTA BANDUNG,3273220,CIBEUNYING KALER,32.73.18,CIBEUNYING KALER,PT. TOWER BERSAMA GROUP,JL. CIKUTRA BARU IV,107.64,-6.8957,4 KAKI,42,-,METER,2019
2020,32,JAWA BARAT,3273,KOTA BANDUNG,3273090,BUAHBATU,32.73.22,BUAHBATU,PT. TOWER BERSAMA GROUP,JL. TERUSAN CIWASTRA,107.64,-6.95473,3 KAKI,31,-,METER,2019
2021,32,JAWA BARAT,3273,KOTA BANDUNG,3273210,CIBEUNYING KIDUL,32.73.14,CIBEUNYING KIDUL,PT. TOWER BERSAMA GROUP,JL. JENDRAL AHMAD YANI NO. 393,107.638,-6.91126,4 KAKI,26,-,METER,2019
2022,32,JAWA BARAT,3273,KOTA BANDUNG,3273210,CIBEUNYING KIDUL,32.73.14,CIBEUNYING KIDUL,PT. TOWER BERSAMA GROUP,JL. YUDHA WATSU PRAMUKA,107.637,-6.90355,4 KAKI,36,-,METER,2019
2023,32,JAWA BARAT,3273,KOTA BANDUNG,3273080,BANDUNG KIDUL,32.73.21,BANDUNG KIDUL,PT. TOWER BERSAMA GROUP,JL. SEKELIMUS BARAT,107.637,-6.94998,3 KAKI,31,-,METER,2019
2024,32,JAWA BARAT,3273,KOTA BANDUNG,3273160,BATUNUNGGAL,32.73.12,BATUNUNGGAL,PT. TOWER BERSAMA GROUP,JL. SURADHARMA,107.635,-6.95166,POLE,36,-,METER,2019
2025,32,JAWA BARAT,3273,KOTA BANDUNG,3273220,CIBEUNYING KALER,32.73.18,CIBEUNYING KALER,PT. TOWER BERSAMA GROUP,CIGADUNG SETRA 1 NO. 28 RT. 01/10,107.629,-6.88676,4 KAKI,25,-,METER,2019
2026,32,JAWA BARAT,3273,KOTA BANDUNG,3273220,CIBEUNYING KALER,32.73.18,CIBEUNYING KALER,PT. TOWER BERSAMA GROUP,JL. CIGADUNG RAYA TENGAH NO. 50,107.629,-6.8824,4 KAKI,32,-,METER,2019
2027,32,JAWA BARAT,3273,KOTA BANDUNG,3273070,LENGKONG,32.73.13,LENGKONG,PT. TOWER BERSAMA GROUP,JL. PELAJAR PEJUANG NO. 22,107.627,-6.92834,4 KAKI,25,-,METER,2019
2028,32,JAWA BARAT,3273,KOTA BANDUNG,3273070,LENGKONG,32.73.13,LENGKONG,PT. TOWER BERSAMA GROUP,JL. SURYALAYA TIMUR II,107.625,-6.9455,4 KAKI,32,-,METER,2019
2029,32,JAWA BARAT,3273,KOTA BANDUNG,3273070,LENGKONG,32.73.13,LENGKONG,PT. TOWER BERSAMA GROUP,JL. SURYALAYA INDAH (BALAI SARTIKA),107.625,-6.94292,POLE,26,-,METER,2019
2030,32,JAWA BARAT,3273,KOTA BANDUNG,3273220,CIBEUNYING KALER,32.73.18,CIBEUNYING KALER,PT. TOWER BERSAMA GROUP,JL. CIGADUNG RAYA KP. CIPAHEUT KIDUL RT. 03/04,107.623,-6.87401,4 KAKI,42,-,METER,2019
2031,32,JAWA BARAT,3273,KOTA BANDUNG,3273060,REGOL,32.73.11,REGOL,PT. TOWER BERSAMA GROUP,JL. KUTRA RAYA NO. 2,107.622,-6.95604,4 KAKI,52,-,METER,2019
2032,32,JAWA BARAT,3273,KOTA BANDUNG,3273230,COBLONG,32.73.02,COBLONG,PT. TOWER BERSAMA GROUP,JL. IR. H. DJUANDA NO. 4 A/163 E,107.62,-6.86642,4 KAKI,32,-,METER,2019
2033,32,JAWA BARAT,3273,KOTA BANDUNG,3273060,REGOL,32.73.11,REGOL,PT. TOWER BERSAMA GROUP,JL. PASIR SALAM RT. 06/09,107.618,-6.94396,POLE,36,-,METER,2019
2034,32,JAWA BARAT,3273,KOTA BANDUNG,3273230,COBLONG,32.73.02,COBLONG,PT. TOWER BERSAMA GROUP,TERMINAL DAGO/JL. DAGO POJOK,107.615,-6.86884,4 KAKI,55,-,METER,2019
2035,32,JAWA BARAT,3273,KOTA BANDUNG,3273230,COBLONG,32.73.02,COBLONG,PT. TOWER BERSAMA GROUP,JL. JUANDA NO. 64,107.613,-6.89935,4 KAKI,21,-,METER,2019
2036,32,JAWA BARAT,3273,KOTA BANDUNG,3273070,LENGKONG,32.73.13,LENGKONG,PT. TOWER BERSAMA GROUP,JL. DALEM KAUM NO. 85,107.609,-6.92265,4 KAKI,25,-,METER,2019
2037,32,JAWA BARAT,3273,KOTA BANDUNG,3273080,BANDUNG KIDUL,32.73.21,BANDUNG KIDUL,PT. TOWER BERSAMA GROUP,JL. NARADIRJA,107.609,-6.96095,4 KAKI,55,-,METER,2019
2038,32,JAWA BARAT,3273,KOTA BANDUNG,3273230,COBLONG,32.73.02,COBLONG,PT. TOWER BERSAMA GROUP,JL. CIHAMPELAS NO. 264,107.604,-6.88791,POLE,6,-,METER,2019
2039,32,JAWA BARAT,3273,KOTA BANDUNG,3273180,ANDIR,32.73.05,ANDIR,PT. TOWER BERSAMA GROUP,JL. DULATIF,107.602,-6.91665,POLE,12,-,METER,2019
2040,32,JAWA BARAT,3273,KOTA BANDUNG,3273260,CIDADAP,32.73.08,CIDADAP,PT. TOWER BERSAMA GROUP,JL. DR. SOMAMUDI KM 10 NO. 8B / 9 RT. 03/02,107.602,-6.84656,4 KAKI,52,-,METER,2019
2041,32,JAWA BARAT,3273,KOTA BANDUNG,3273260,CIDADAP,32.73.08,CIDADAP,PT. TOWER BERSAMA GROUP,KP. CIKADU,107.602,-6.85881,4 KAKI,36,-,METER,2019
2042,32,JAWA BARAT,3273,KOTA BANDUNG,3273190,CICENDO,32.73.06,CICENDO,PT. TOWER BERSAMA GROUP,JL. PASIR KALIKI NO. 36-42,107.598,-6.9119,POLE,6,-,METER,2019
2043,32,JAWA BARAT,3273,KOTA BANDUNG,3273260,CIDADAP,32.73.08,CIDADAP,PT. TOWER BERSAMA GROUP,HOTEL TALAGA SARI KP. CIKADO,107.598,-6.85513,POLE,12,-,METER,2019
2044,32,JAWA BARAT,3273,KOTA BANDUNG,3273180,ANDIR,32.73.05,ANDIR,PT. TOWER BERSAMA GROUP,JL. GARDU JATI NO. 6,107.598,-6.91736,POLE,6,-,METER,2019
2045,32,JAWA BARAT,3273,KOTA BANDUNG,3273040,BOJONGLOA KIDUL,32.73.17,BOJONGLOA KIDUL,PT. TOWER BERSAMA GROUP,JL. LEUWI PANJANG NO. 90  RT. 01/06,107.596,-6.94289,4 KAKI,25,-,METER,2019
2046,32,JAWA BARAT,3273,KOTA BANDUNG,3273240,SUKAJADI,32.73.07,SUKAJADI,PT. TOWER BERSAMA GROUP,JL. SUKAGALIH NO. 15 / JL. BUNGUR,107.595,-6.87984,4 KAKI,42,-,METER,2019
2047,32,JAWA BARAT,3273,KOTA BANDUNG,3273040,BOJONGLOA KIDUL,32.73.17,BOJONGLOA KIDUL,PT. TOWER BERSAMA GROUP,JL. GAUNG DAYA BAKTI 3 RT. 10/04,107.595,-6.94664,MCP,12,-,METER,2019
2048,32,JAWA BARAT,3273,KOTA BANDUNG,3273250,SUKASARI,32.73.01,SUKASARI,PT. TOWER BERSAMA GROUP,JL. CIIMUS RT. 07/06,107.59,-6.85718,4 KAKI,42,-,METER,2019
2049,32,JAWA BARAT,3273,KOTA BANDUNG,3273240,SUKAJADI,32.73.07,SUKAJADI,PT. TOWER BERSAMA GROUP,JL. CIPEDES TENGAH 1,107.59,-6.87911,POLE,26,-,METER,2019
2050,32,JAWA BARAT,3273,KOTA BANDUNG,3273030,BOJONGLOA KALER,32.73.04,BOJONGLOA KALER,PT. TOWER BERSAMA GROUP,JL. TITIAN KENCANA,107.589,-6.93355,4 KAKI,26,-,METER,2019
2051,32,JAWA BARAT,3273,KOTA BANDUNG,3273030,BOJONGLOA KALER,32.73.04,BOJONGLOA KALER,PT. TOWER BERSAMA GROUP,JL. KOPO,107.589,-6.93864,4 KAKI,53,-,METER,2019
2052,32,JAWA BARAT,3273,KOTA BANDUNG,3273240,SUKAJADI,32.73.07,SUKAJADI,PT. TOWER BERSAMA GROUP,JL. SETRAWANGI SELATAN,107.585,-6.88483,POLE,12,-,METER,2019
2053,32,JAWA BARAT,3273,KOTA BANDUNG,3273180,ANDIR,32.73.05,ANDIR,PT. TOWER BERSAMA GROUP,JL. RAJAWALI TIMUR NO. 11 RT. 08/06,107.585,-6.91599,POLE,12,-,METER,2019
2054,32,JAWA BARAT,3273,KOTA BANDUNG,3273180,ANDIR,32.73.05,ANDIR,PT. TOWER BERSAMA GROUP,JL. RAJAWALI TIMUR NO. 167 RT. 08/10,107.583,-6.91511,4 KAKI,20,-,METER,2019
2055,32,JAWA BARAT,3273,KOTA BANDUNG,3273020,BABAKAN CIPARAY,32.73.03,BABAKAN CIPARAY,PT. TOWER BERSAMA GROUP,JL. BABAKAN CIPARAY 108,107.583,-6.94171,4 KAKI,42,-,METER,2019
2056,32,JAWA BARAT,3273,KOTA BANDUNG,3273020,BABAKAN CIPARAY,32.73.03,BABAKAN CIPARAY,PT. TOWER BERSAMA GROUP,JL. CARINGIN NO. 113,107.582,-6.94546,POLE,6,-,METER,2019
2057,32,JAWA BARAT,3273,KOTA BANDUNG,3273020,BABAKAN CIPARAY,32.73.03,BABAKAN CIPARAY,PT. TOWER BERSAMA GROUP,KP. BABAKAN JL. CIBUNTU SELATAN RT. 01/10,107.575,-6.93103,4 KAKI,32,-,METER,2019
2058,32,JAWA BARAT,3273,KOTA BANDUNG,3273250,SUKASARI,32.73.01,SUKASARI,PT. TOWER BERSAMA GROUP,JL. SARI MANIS,107.574,-6.87767,POLE,15,-,METER,2019
2059,32,JAWA BARAT,3273,KOTA BANDUNG,3273190,CICENDO,32.73.06,CICENDO,PT. TOWER BERSAMA GROUP,JL. AGUSTA,107.573,-6.89504,4 KAKI,36,-,METER,2019
2060,32,JAWA BARAT,3273,KOTA BANDUNG,3273020,BABAKAN CIPARAY,32.73.03,BABAKAN CIPARAY,PT. TOWER BERSAMA GROUP,JL. H. ABDURROHMAN RT. 05/07,107.573,-6.95341,4 KAKI,26,-,METER,2019
2061,32,JAWA BARAT,3273,KOTA BANDUNG,3273010,BANDUNG KULON,32.73.15,BANDUNG KULON,PT. TOWER BERSAMA GROUP,JL. BOJONG RAYA NO. 48,107.571,-6.92754,4 KAKI,20,-,METER,2019
2062,32,JAWA BARAT,3273,KOTA BANDUNG,3273020,BABAKAN CIPARAY,32.73.03,BABAKAN CIPARAY,PT. TOWER BERSAMA GROUP,JL. TERUSAN HOLIS RT. 01/10,107.568,-6.94522,4 KAKI,32,-,METER,2019
2063,32,JAWA BARAT,3273,KOTA BANDUNG,3273010,BANDUNG KULON,32.73.15,BANDUNG KULON,PT. TOWER BERSAMA GROUP,JL. CIJERAH RT. 04,107.566,-6.92614,4 KAKI,42,-,METER,2019
2064,32,JAWA BARAT,3273,KOTA BANDUNG,3273180,ANDIR,32.73.05,ANDIR,PT. TOWER BERSAMA GROUP,JL. SAPTA MARGA,107.566,-6.90001,4 KAKI,30,-,METER,2019
2065,32,JAWA BARAT,3273,KOTA BANDUNG,3273010,BANDUNG KULON,32.73.15,BANDUNG KULON,PT. TOWER BERSAMA GROUP,JL. CIGONDEWAH RT. 09/06,107.565,-6.94483,4 KAKI,32,-,METER,2019
2066,32,JAWA BARAT,3273,KOTA BANDUNG,3273010,BANDUNG KULON,32.73.15,BANDUNG KULON,PT. TOWER BERSAMA GROUP,JL. TAMAN HOLIS RT. 02/03,107.562,-6.94841,4 KAKI,42,-,METER,2019
2067,32,JAWA BARAT,3273,KOTA BANDUNG,3273190,CICENDO,32.73.06,CICENDO,PT. TOWER BERSAMA GROUP,JL. BUMI SUGIH,107.559,-6.8893,4 KAKI,32,-,METER,2019
2068,32,JAWA BARAT,3273,KOTA BANDUNG,3273010,BANDUNG KULON,32.73.15,BANDUNG KULON,PT. TOWER BERSAMA GROUP,JL. GEMPOLSARI,107.557,-6.92985,4 KAKI,55,-,METER,2019
2069,32,JAWA BARAT,3273,KOTA BANDUNG,3273010,BANDUNG KULON,32.73.15,BANDUNG KULON,PT. SOLUSI TUNAS PRATAMA,KAMPUNG BLOK SAWAH RT. 002 RW. 002,107.5626,-6.93978,4 KAKI,32,-,METER,2019
2070,32,JAWA BARAT,3273,KOTA BANDUNG,3273260,CIDADAP,32.73.08,CIDADAP,PT. SOLUSI TUNAS PRATAMA,WINDY SWALAYAN JL. SETIA BUDI NO. 170 FG RT. 03/RW. 05,107.595,-6.87242,4 KAKI,25,-,METER,2019
2071,32,JAWA BARAT,3273,KOTA BANDUNG,3273050,ASTANAANYAR,32.73.10,ASTANA ANYAR,PT. SOLUSI TUNAS PRATAMA,JL. M. TOHA NO. 191,107.60842,-6.9446,POLE,15,-,METER,2019
2072,32,JAWA BARAT,3273,KOTA BANDUNG,3273050,ASTANAANYAR,32.73.10,ASTANA ANYAR,PT. SOLUSI TUNAS PRATAMA,JL. ASTANA ANYAR NO. 238 RT. 05/02,107.600529,-6.930037,POLE,15,-,METER,2019
2073,32,JAWA BARAT,3273,KOTA BANDUNG,3273250,SUKASARI,32.73.01,SUKASARI,PT. SOLUSI TUNAS PRATAMA,JL. PROF. DR. IR. SUTAMI NO. 81-83 RT. 04 RW. 02,107.58877,-6.87788,POLE,9,-,METER,2019
2074,32,JAWA BARAT,3273,KOTA BANDUNG,3273250,SUKASARI,32.73.01,SUKASARI,PT. SOLUSI TUNAS PRATAMA,JL. GEGERKALONG GIRANG BARU NO. 11,107.59062,-6.86269,POLE,9,-,METER,2019
2075,32,JAWA BARAT,3273,KOTA BANDUNG,3273030,BOJONGLOA KALER,32.73.04,BOJONGLOA KALER,PT. SOLUSI TUNAS PRATAMA,JL. JENDRAL SUDIRMAN 511,107.5869,-6.91904,POLE,15,-,METER,2019
2076,32,JAWA BARAT,3273,KOTA BANDUNG,3273160,BATUNUNGGAL,32.73.12,BATUNUNGGAL,PT. SOLUSI TUNAS PRATAMA,KELURAHAN KEBON GEDANG,107.64407,-6.92859,POLE,15,-,METER,2019
2077,32,JAWA BARAT,3273,KOTA BANDUNG,3273080,BANDUNG KIDUL,32.73.21,BANDUNG KIDUL,PT. SOLUSI TUNAS PRATAMA,JL. TERUSAN BUAH BATU NO. 36,107.63605,-6.95102,POLE,15,-,METER,2019
2078,32,JAWA BARAT,3273,KOTA BANDUNG,3273160,BATUNUNGGAL,32.73.12,BATUNUNGGAL,PT. SOLUSI TUNAS PRATAMA,JL. IBRAHIM ADJIE NO. 362,107.64203,-6.9379,POLE,9,-,METER,2019
2079,32,JAWA BARAT,3273,KOTA BANDUNG,3273180,ANDIR,32.73.05,ANDIR,PT. SOLUSI TUNAS PRATAMA,JL. JEND. SUDIRMAN NO. 656,107.57555,-6.91718,4 KAKI,25,-,METER,2019
2080,32,JAWA BARAT,3273,KOTA BANDUNG,3273260,CIDADAP,32.73.08,CIDADAP,PT. SOLUSI TUNAS PRATAMA,JL. CIMBULEUT NO. 152  KODE POS 40142,107.60664,-6.86722,POLE,6,-,METER,2019
2081,32,JAWA BARAT,3273,KOTA BANDUNG,3273160,BATUNUNGGAL,32.73.12,BATUNUNGGAL,PT. SOLUSI TUNAS PRATAMA,JL. LIBRA V NO. 11,107.63631,-6.93844,POLE,9,-,METER,2019
2082,32,JAWA BARAT,3273,KOTA BANDUNG,3273100,RANCASARI,32.73.23,RANCASARI,PT. SOLUSI TUNAS PRATAMA,JL. RANCALILI NO. 29 RT. 002 RW. 006,107.6774,-6.95385,POLE,40,-,METER,2019
2083,32,JAWA BARAT,3273,KOTA BANDUNG,3273111,PANYILEUKAN,32.73.28,PANYILEUKAN,PT. SOLUSI TUNAS PRATAMA,JL. MEKAR RAYA KAV. 55,107.700302,-6.92989,3 KAKI,45,-,METER,2019
2084,32,JAWA BARAT,3273,KOTA BANDUNG,3273150,KIARACONDONG,32.73.16,KIARACONDONG,PT. SOLUSI TUNAS PRATAMA,JLN. A. YANI NO. 802 - 804 RT. 01 / RW. 05,107.65462,-6.90291,4 KAKI,25,-,METER,2019
2085,32,JAWA BARAT,3273,KOTA BANDUNG,3273190,CICENDO,32.73.06,CICENDO,PT. SOLUSI TUNAS PRATAMA,JL. OTTO ISKANDARDINATA NO. 16,107.60397,-6.9134,POLE,6,-,METER,2019
2086,32,JAWA BARAT,3273,KOTA BANDUNG,3273142,MANDALAJATI,32.73.30,MANDALAJATI,PT. SOLUSI TUNAS PRATAMA,KAMP. MANDE RT. 04/05,107.671494,-6.892378,4 KAKI,42,-,METER,2019
2087,32,JAWA BARAT,3273,KOTA BANDUNG,3273220,CIBEUNYING KALER,32.73.18,CIBEUNYING KALER,PT. SOLUSI TUNAS PRATAMA,JL. PAHLAWAN BELAKANGâ  NO. 17 B,107.63358,-6.900051,POLE,15,-,METER,2019
2088,32,JAWA BARAT,3273,KOTA BANDUNG,3273170,SUMUR BANDUNG,32.73.19,SUMUR BANDUNG,PT. SOLUSI TUNAS PRATAMA,DENINTELDAM JL. SUMATERA 37  BANDUNG,107.61266,-6.91226,4 KAKI,30,-,METER,2019
2089,32,JAWA BARAT,3273,KOTA BANDUNG,3273150,KIARACONDONG,32.73.16,KIARACONDONG,PT. SOLUSI TUNAS PRATAMA,JL. SEKEJATI KOMPLEK DEZINBANG 1 / III,107.645329,-6.939495,3 KAKI,35,-,METER,2019
2090,32,JAWA BARAT,3273,KOTA BANDUNG,3273220,CIBEUNYING KALER,32.73.18,CIBEUNYING KALER,PT. SOLUSI TUNAS PRATAMA,APOTIK LIA FARMA JL. SURAPATI NO. 68 RT. 02 RW. 04,107.62831,-6.90015,3 KAKI,20,-,METER,2019
2091,32,JAWA BARAT,3273,KOTA BANDUNG,3273160,BATUNUNGGAL,32.73.12,BATUNUNGGAL,PT. SOLUSI TUNAS PRATAMA,SURYA TJONG  STORE JL. JEND. GATOT SUBROTO NO. 245 RT. 01 RW. 03,107.63358,-6.92601,4 KAKI,20,-,METER,2019
2092,32,JAWA BARAT,3273,KOTA BANDUNG,3273070,LENGKONG,32.73.13,LENGKONG,PT. SOLUSI TUNAS PRATAMA,RUKO JL. KARAPITAN NO. 20B RT/RW. 03/04,107.617,-6.92478,POLE,12,-,METER,2019
2093,32,JAWA BARAT,3273,KOTA BANDUNG,3273070,LENGKONG,32.73.13,LENGKONG,PT. SOLUSI TUNAS PRATAMA,JL. MASKUMAMBANG NO. 6D RT. 03 RW. 03,107.6265,-6.93461,3 KAKI,20,-,METER,2019
2094,32,JAWA BARAT,3273,KOTA BANDUNG,3273240,SUKAJADI,32.73.07,SUKAJADI,PT. SOLUSI TUNAS PRATAMA,LONDON BEAUTY CENTRE JL. SURYA SUMANTRI NO. 8 B RT. 05 / 04,107.58118,-6.88159,3 KAKI,20,-,METER,2019
2095,32,JAWA BARAT,3273,KOTA BANDUNG,3273080,BANDUNG KIDUL,32.73.21,BANDUNG KIDUL,PT. SOLUSI TUNAS PRATAMA,JL. WAAS II RT. 07 RW. 01,107.62675,-6.95261,3 KAKI,35,-,METER,2019
2096,32,JAWA BARAT,3273,KOTA BANDUNG,3273100,RANCASARI,32.73.23,RANCASARI,PT. SOLUSI TUNAS PRATAMA,JL. BINAASIH UTARA NO. 20 RT. 2 RW. 4,107.674,-6.94391,POLE,4,-,METER,2019
2097,32,JAWA BARAT,3273,KOTA BANDUNG,3273010,BANDUNG KULON,32.73.15,BANDUNG KULON,PT. SOLUSI TUNAS PRATAMA,JL. CIGONDEWAH KIDUL NO. 1 RT. 1 RW. 1,107.56659,-6.940998,POLE,15,-,METER,2019
2098,32,JAWA BARAT,3273,KOTA BANDUNG,3273130,ARCAMANIK,32.73.24,ARCAMANIK,PT. SOLUSI TUNAS PRATAMA,JL. TERUSAN CISARANTEN KULON NO. 05 RT. 08/ RW. 07,107.67709,-6.93692,POLE,6,-,METER,2019
2099,32,JAWA BARAT,3273,KOTA BANDUNG,3273060,REGOL,32.73.11,REGOL,PT. SOLUSI TUNAS PRATAMA,JL. MOH. TOHA NO. 71-73,107.60677,-6.93482,4 KAKI,52,-,METER,2019
2100,32,JAWA BARAT,3273,KOTA BANDUNG,3273210,CIBEUNYING KIDUL,32.73.14,CIBEUNYING KIDUL,PT. SOLUSI TUNAS PRATAMA,JL. JEND. AHMAD YANI NO. 524-526 RT. 03 RW. 05,107.64388,-6.90798,POLE,6,-,METER,2019
2101,32,JAWA BARAT,3273,KOTA BANDUNG,3273240,SUKAJADI,32.73.07,SUKAJADI,PT. SOLUSI TUNAS PRATAMA,JL. CIHAMPELAS NO. 186 BANDUNG,107.60469,-6.89294,POLE,6,-,METER,2019
2102,32,JAWA BARAT,3273,KOTA BANDUNG,3273230,COBLONG,32.73.02,COBLONG,PT. SOLUSI TUNAS PRATAMA,JL. DIPATI UKUR  NO. 57  RT. 03  RW. 10,107.61645,-6.8905,POLE,20,-,METER,2019
2103,32,JAWA BARAT,3273,KOTA BANDUNG,3273180,ANDIR,32.73.05,ANDIR,PT. SOLUSI TUNAS PRATAMA,JL. KEBONJATI NO. 222,107.59353,-6.91636,POLE,20,-,METER,2019
2104,32,JAWA BARAT,3273,KOTA BANDUNG,3273130,ARCAMANIK,32.73.24,ARCAMANIK,PT. SOLUSI TUNAS PRATAMA,JL. GG. PAWENANG I RT. 02/05 CIPANJALU,107.6877,-6.912,POLE,20,-,METER,2019
2105,32,JAWA BARAT,3273,KOTA BANDUNG,3273130,ARCAMANIK,32.73.24,ARCAMANIK,PT. SOLUSI TUNAS PRATAMA,JL. GOLF III RT. 002/011,107.689139,-6.91775,POLE,20,-,METER,2019
2106,32,JAWA BARAT,3273,KOTA BANDUNG,3273190,CICENDO,32.73.06,CICENDO,PT. SOLUSI TUNAS PRATAMA,JL. PASIR KALIKI NO. 48 RT. 01/08,107.598195,-6.911616,POLE,20,-,METER,2019
2107,32,JAWA BARAT,3273,KOTA BANDUNG,3273141,ANTAPANI,32.73.20,ANTAPANI,PT. SOLUSI TUNAS PRATAMA,JL. BABAKAN SARI NO. 86/135 RT. 04/RW. 06,107.65988,-6.92658,3 KAKI,32,-,METER,2019
2108,32,JAWA BARAT,3273,KOTA BANDUNG,3273150,KIARACONDONG,32.73.16,KIARACONDONG,PT. SOLUSI TUNAS PRATAMA,JL. MEKARSARI NO. 67 RT. 03 RW. 13,107.654607,-6.92653,3 KAKI,32,-,METER,2019
2109,32,JAWA BARAT,3273,KOTA BANDUNG,3273101,GEDEBAGE,32.73.27,GEDEBAGE,PT. SOLUSI TUNAS PRATAMA,JL. CIMENRANG RT. 02 RW. 06,107.706326,-6.951576,3 KAKI,32,-,METER,2019
2110,32,JAWA BARAT,3273,KOTA BANDUNG,3273240,SUKAJADI,32.73.07,SUKAJADI,PT. SOLUSI TUNAS PRATAMA,JL. SARIJADI NO. 116,107.59695,-6.89112,3 KAKI,15,-,METER,2019
2111,32,JAWA BARAT,3273,KOTA BANDUNG,3273230,COBLONG,32.73.02,COBLONG,PT. SOLUSI TUNAS PRATAMA,JL. TAMAN HEWAN NO. 33 RW. 08,107.607,-6.89319,POLE,15,-,METER,2019
2112,32,JAWA BARAT,3273,KOTA BANDUNG,3273120,UJUNG BERUNG,32.73.26,UJUNGBERUNG,PT. SOLUSI TUNAS PRATAMA,PALEDANG,107.711083,-6.909305556,4 KAKI,30,-,METER,2019
2113,32,JAWA BARAT,3273,KOTA BANDUNG,3273050,ASTANAANYAR,32.73.10,ASTANA ANYAR,PT. SOLUSI TUNAS PRATAMA,JL. KOPO NO. 38 A RT. 004 RW. 04,107.597417,-6.928888889,3 KAKI,20,-,METER,2019
2114,32,JAWA BARAT,3273,KOTA BANDUNG,3273030,BOJONGLOA KALER,32.73.04,BOJONGLOA KALER,PT. SOLUSI TUNAS PRATAMA,JL. PANGARSIH NO. 142 RT. 10 RW. 04,107.591778,-6.922388889,3 KAKI,20,-,METER,2019
2115,32,JAWA BARAT,3273,KOTA BANDUNG,3273190,CICENDO,32.73.06,CICENDO,PT. SOLUSI TUNAS PRATAMA,JL. KRESNA NO. 32 RT. 003/04,107.593722,-6.909611111,4 KAKI,15,-,METER,2019
2116,32,JAWA BARAT,3273,KOTA BANDUNG,3273180,ANDIR,32.73.05,ANDIR,PT. SOLUSI TUNAS PRATAMA,JL. CIBEREUM NO. 14 RT. 01 / RW. 01,107.568528,-6.907916667,3 KAKI,31,-,METER,2019
2117,32,JAWA BARAT,3273,KOTA BANDUNG,3273070,LENGKONG,32.73.13,LENGKONG,PT. SOLUSI TUNAS PRATAMA,JL. TERUSAN HALIMUN NO. 37,107.626611,-6.926388889,4 KAKI,30,-,METER,2019
2118,32,JAWA BARAT,3273,KOTA BANDUNG,3273170,SUMUR BANDUNG,32.73.19,SUMUR BANDUNG,PT. SOLUSI TUNAS PRATAMA,JL. GATOT SUBROTO NO. 83 K,107.62375,-6.923305556,POLE,6,-,METER,2019
2119,32,JAWA BARAT,3273,KOTA BANDUNG,3273260,CIDADAP,32.73.08,CIDADAP,PT. SOLUSI TUNAS PRATAMA,JL. RANCABENTANG I NO. 15 C,107.607444,-6.874555556,3 KAKI,20,-,METER,2019
2120,32,JAWA BARAT,3273,KOTA BANDUNG,3273040,BOJONGLOA KIDUL,32.73.17,BOJONGLOA KIDUL,PT. SOLUSI TUNAS PRATAMA,JL. RANCAMAYA,107.595611,-6.9555,3 KAKI,32,-,METER,2019
2121,32,JAWA BARAT,3273,KOTA BANDUNG,3273080,BANDUNG KIDUL,32.73.21,BANDUNG KIDUL,PT. SOLUSI TUNAS PRATAMA,JL. BATUNUNGGAL INDAH IV NO. 35 RT. 07/RW. 03,107.628639,-6.95622222,POLE,6,-,METER,2019
2122,32,JAWA BARAT,3273,KOTA BANDUNG,3273260,CIDADAP,32.73.08,CIDADAP,PT. SOLUSI TUNAS PRATAMA,JL. HEGARMANAH GG. MARHALI NO. 7  RT. 07/RW. 03,107.601472,-6.87913889,POLE,6,-,METER,2019
2123,32,JAWA BARAT,3273,KOTA BANDUNG,3273210,CIBEUNYING KIDUL,32.73.14,CIBEUNYING KIDUL,PT. SOLUSI TUNAS PRATAMA,GG. SUKA MULYA RT. 02 RW. 09,107.64175,-6.904222222,3 KAKI,31,-,METER,2019
2124,32,JAWA BARAT,3273,KOTA BANDUNG,3273090,BUAHBATU,32.73.22,BUAHBATU,PT. SOLUSI TUNAS PRATAMA,JL. RANCABOLANG RT. 06 RW. 09,107.661917,-6.952416667,4 KAKI,30,-,METER,2019
2125,32,JAWA BARAT,3273,KOTA BANDUNG,3273100,RANCASARI,32.73.23,RANCASARI,PT. SOLUSI TUNAS PRATAMA,KP. DARW.  ALI RT. 001 RW. 007,107.68738,-6.96437,4 KAKI,30,-,METER,2019
2126,32,JAWA BARAT,3273,KOTA BANDUNG,3273130,ARCAMANIK,32.73.24,ARCAMANIK,PT. SOLUSI TUNAS PRATAMA,JL. SUMBERSARI NO. 101 RT. 01 RW. 08,107.682,-6.93729,3 KAKI,31,-,METER,2019
2127,32,JAWA BARAT,3273,KOTA BANDUNG,3273130,ARCAMANIK,32.73.24,ARCAMANIK,PT. SOLUSI TUNAS PRATAMA,JL. PARAKANSAAT NO. 147  RT. 002/RW. 013,107.668306,-6.932444444,3 KAKI,31,-,METER,2019
2128,32,JAWA BARAT,3273,KOTA BANDUNG,3273130,ARCAMANIK,32.73.24,ARCAMANIK,PT. SOLUSI TUNAS PRATAMA,JL. CISARANTEN WETAN RT. 01 RW. 03,107.6872,-6.92458,3 KAKI,31,-,METER,2019
2129,32,JAWA BARAT,3273,KOTA BANDUNG,3273110,CIBIRU,32.73.25,CIBIRU,PT. SOLUSI TUNAS PRATAMA,JL. RAYA CIPADUNG RT. 001/RW. 001,107.71018,-6.92274,3 KAKI,31,-,METER,2019
2130,32,JAWA BARAT,3273,KOTA BANDUNG,3273110,CIBIRU,32.73.25,CIBIRU,PT. SOLUSI TUNAS PRATAMA,JL. CICALENGKRANG 1 KP. CIGAGAK RT/RW. 05/07,107.72625,-6.907944444,3 KAKI,31,-,METER,2019
2131,32,JAWA BARAT,3273,KOTA BANDUNG,3273110,CIBIRU,32.73.25,CIBIRU,PT. SOLUSI TUNAS PRATAMA,JL. CILENGKARANG I NO. 113 RT. 03/RW. 05,107.717583,-6.913388889,POLE,15,-,METER,2019
2132,32,JAWA BARAT,3273,KOTA BANDUNG,3273040,BOJONGLOA KIDUL,32.73.17,BOJONGLOA KIDUL,PT. SOLUSI TUNAS PRATAMA,KOMPLEKS PERUMAHAN BABAKAN MUSLIMIN NO. 40 RT. 03/RW. 06,107.609139,-6.955555556,POLE,6,-,METER,2019
2133,32,JAWA BARAT,3273,KOTA BANDUNG,3273080,BANDUNG KIDUL,32.73.21,BANDUNG KIDUL,PT. SOLUSI TUNAS PRATAMA,JL. TERUSAN LOGAM NO. 5 RT. 04/RW. 05 KUJANGSARI,107.644667,-6.961277778,POLE,6,-,METER,2019
2134,32,JAWA BARAT,3273,KOTA BANDUNG,3273142,MANDALAJATI,32.73.30,MANDALAJATI,PT. SOLUSI TUNAS PRATAMA,JL. TERUSAN CIKADUT NO. 19 RT. 03/RW. 04,107.669472,-6.896972222,POLE,9,-,METER,2019
2135,32,JAWA BARAT,3273,KOTA BANDUNG,3273090,BUAHBATU,32.73.22,BUAHBATU,PT. SOLUSI TUNAS PRATAMA,JL. KOMPLEKS PASIR PAGAR BLOK RQ NO. 7 RT. 02/RW. 14 CIWASTRA,107.660389,-6.965666667,POLE,9,-,METER,2019
2136,32,JAWA BARAT,3273,KOTA BANDUNG,3273070,LENGKONG,32.73.13,LENGKONG,PT. SOLUSI TUNAS PRATAMA,JL. BUAH BATU NO. 281,107.633219,-6.94744444,POLE,9,-,METER,2019
2137,32,JAWA BARAT,3273,KOTA BANDUNG,3273020,BABAKAN CIPARAY,32.73.03,BABAKAN CIPARAY,PT. SOLUSI TUNAS PRATAMA,JL. MAKAM CARINGIN NO. 31 RT. 04/RW. 02,107.583528,-6.947416667,POLE,9,-,METER,2019
2138,32,JAWA BARAT,3273,KOTA BANDUNG,3273250,SUKASARI,32.73.01,SUKASARI,PT. SOLUSI TUNAS PRATAMA,JL. SARIMANAH 1 BLOK 14 NO. 106,107.577389,-6.880444,POLE,6,-,METER,2019
2139,32,JAWA BARAT,3273,KOTA BANDUNG,3273240,SUKAJADI,32.73.07,SUKAJADI,PT. SOLUSI TUNAS PRATAMA,JL. H. YASIN NO. 78 A RT. 02/RW. 03,107.593583,-6.893,POLE,6,-,METER,2019
2140,32,JAWA BARAT,3273,KOTA BANDUNG,3273250,SUKASARI,32.73.01,SUKASARI,PT. SOLUSI TUNAS PRATAMA,JL. SINDANG SIRNA NO. 14 RT. 08/RW. 06,107.593694,-6.877472,POLE,9,-,METER,2019
2141,32,JAWA BARAT,3273,KOTA BANDUNG,3273240,SUKAJADI,32.73.07,SUKAJADI,PT. SOLUSI TUNAS PRATAMA,JL. BABAKAN JERUK III B NO. 4 PASTEUR,107.585333,-6.890916667,POLE,9,-,METER,2019
2142,32,JAWA BARAT,3273,KOTA BANDUNG,3273020,BABAKAN CIPARAY,32.73.03,BABAKAN CIPARAY,PT. SOLUSI TUNAS PRATAMA,JL. CARINGIN RT. 02 RW. 09,107.5705,-6.940222222,3 KAKI,31,-,METER,2019
2143,32,JAWA BARAT,3273,KOTA BANDUNG,3273150,KIARACONDONG,32.73.16,KIARACONDONG,PT. SOLUSI TUNAS PRATAMA,JL. MANDALA RT. 02 RW. 11,107.644639,-6.942944444,3 KAKI,31,-,METER,2019
2144,32,JAWA BARAT,3273,KOTA BANDUNG,3273040,BOJONGLOA KIDUL,32.73.17,BOJONGLOA KIDUL,PT. SOLUSI TUNAS PRATAMA,JL. CIBADUYUT LAMA NO. 37 RT. 07 RW. 07,107.590722,-6.948166667,3 KAKI,31,-,METER,2019
2145,32,JAWA BARAT,3273,KOTA BANDUNG,3273020,BABAKAN CIPARAY,32.73.03,BABAKAN CIPARAY,PT. SOLUSI TUNAS PRATAMA,JL. CARINGIN NO. 180B RT. 001 RW. 05,107.57837,-6.9432,3 KAKI,20,-,METER,2019
2146,32,JAWA BARAT,3273,KOTA BANDUNG,3273120,UJUNG BERUNG,32.73.26,UJUNGBERUNG,PT. SOLUSI TUNAS PRATAMA,KOMPLEK UJUNG BERUNG INDAH,107.69866,-6.90963,POLE,32,-,METER,2019
2147,32,JAWA BARAT,3273,KOTA BANDUNG,3273100,RANCASARI,32.73.23,RANCASARI,PT. SOLUSI TUNAS PRATAMA,JL. RAYA MARGACINTA NO. 27 RT. 004 RW. 003,107.67474,-6.9635,3 KAKI,32,-,METER,2019
2148,32,JAWA BARAT,3273,KOTA BANDUNG,3273260,CIDADAP,32.73.08,CIDADAP,PT. SOLUSI TUNAS PRATAMA,KP. BENGKOK RT. 09 RW. 01,107.62079,-6.86009,3 KAKI,32,-,METER,2019
2149,32,JAWA BARAT,3273,KOTA BANDUNG,3273121,CINAMBO,32.73.29,CINAMBO,PT. SOLUSI TUNAS PRATAMA,JL. RANCAMEONG NO. 18 RT. 04 RW. 04,107.687511,-6.938215,3 KAKI,32,-,METER,2019
2150,32,JAWA BARAT,3273,KOTA BANDUNG,3273230,COBLONG,32.73.02,COBLONG,PT. SOLUSI TUNAS PRATAMA,JL. DIPATI UKUR DEPAN TRAVEL D'TRANS NO. 107,107.614367,-6.885483,POLE,18,-,METER,2019
2151,32,JAWA BARAT,3273,KOTA BANDUNG,3273111,PANYILEUKAN,32.73.28,PANYILEUKAN,PT. SOLUSI TUNAS PRATAMA,JL. A.H. NASUTION NO. 236,107.708543,-6.921654,4 KAKI,43,-,METER,2019
2152,32,JAWA BARAT,3273,KOTA BANDUNG,3273160,BATUNUNGGAL,32.73.12,BATUNUNGGAL,PT. SOLUSI TUNAS PRATAMA,JL. SUKARNO HATTA NO. 450,107.62291,-6.95121,4 KAKI,60,-,METER,2019
2153,32,JAWA BARAT,3273,KOTA BANDUNG,3273260,CIDADAP,32.73.08,CIDADAP,PT. SOLUSI TUNAS PRATAMA,UNIV. KRISTEN MARANATHA PROF. DRG. SURIA SUMANTRI MPH NO. 65,107.580927,-6.88611,POLE,3,-,METER,2019
2154,32,JAWA BARAT,3273,KOTA BANDUNG,3273010,BANDUNG KULON,32.73.15,BANDUNG KULON,PT. SOLUSI TUNAS PRATAMA,JL. SOEKARNO HATTA NO. 47,107.6993,-6.93426,4 KAKI,43,-,METER,2019
2155,32,JAWA BARAT,3273,KOTA BANDUNG,3273210,CIBEUNYING KIDUL,32.73.14,CIBEUNYING KIDUL,PT. SOLUSI TUNAS PRATAMA,JL. RAYA A YANI NO. 630,107.64755,-6.906635,4 KAKI,20,-,METER,2019
2156,32,JAWA BARAT,3273,KOTA BANDUNG,3273060,REGOL,32.73.11,REGOL,PT. SOLUSI TUNAS PRATAMA,JL. MENGGER GIRANG I NO. 39 RT. 13 RW. 08,107.61603,-6.95194,POLE,9,-,METER,2019
2157,32,JAWA BARAT,3273,KOTA BANDUNG,3273250,SUKASARI,32.73.01,SUKASARI,PT. SOLUSI TUNAS PRATAMA,JL. CEPEDES ATAS NO. 46A RT. 04 RW. 07,107.59088,-6.87469,POLE,20,-,METER,2019
2158,32,JAWA BARAT,3273,KOTA BANDUNG,3273180,ANDIR,32.73.05,ANDIR,PT. SOLUSI TUNAS PRATAMA,JL. HALTEA SELATAN RT. 07 RW. 03,107.57837,-6.9151,POLE,20,-,METER,2019
2159,32,JAWA BARAT,3273,KOTA BANDUNG,3273060,REGOL,32.73.11,REGOL,PT. SOLUSI TUNAS PRATAMA,KOMPLEK PLN NO. 102/103 RT. 01 RW. 05,107.61276,-6.95092,POLE,12,-,METER,2019
2160,32,JAWA BARAT,3273,KOTA BANDUNG,3273180,ANDIR,32.73.05,ANDIR,PT. SOLUSI TUNAS PRATAMA,JL. MALEBER BARAT NO. 52 RT. 004 RW. 003,107.57122,-6.90765,POLE,12,-,METER,2019
2161,32,JAWA BARAT,3273,KOTA BANDUNG,3273160,BATUNUNGGAL,32.73.12,BATUNUNGGAL,PT. SOLUSI TUNAS PRATAMA,JL. SOEKARNO HATTA GANG. H. KURDI RT. 02/10,107.63921,-6.944559,POLE,20,-,METER,2019
2162,32,JAWA BARAT,3273,KOTA BANDUNG,3273080,BANDUNG KIDUL,32.73.21,BANDUNG KIDUL,PT. TELKOMSEL,JL. SOEKARNO HATTA,107.62381,-6.949833,4 KAKI,15,-,METER,2019
2163,32,JAWA BARAT,3273,KOTA BANDUNG,3273090,BUAHBATU,32.73.22,BUAHBATU,PT. TELKOMSEL,JL. SOEKARNO HATTA NO. 702,107.661227,-6.938452,4 KAKI,0,-,METER,2019
2164,32,JAWA BARAT,3273,KOTA BANDUNG,3273060,REGOL,32.73.11,REGOL,PT. TELKOMSEL,JL. BKR NO. 90,107.616689,-6.937812,3 KAKI,15,-,METER,2019
2165,32,JAWA BARAT,3273,KOTA BANDUNG,3273190,CICENDO,32.73.06,CICENDO,PT. TELKOMSEL,JL. JATAYU,107.585943,-6.910218,3 KAKI,20,-,METER,2019
2166,32,JAWA BARAT,3273,KOTA BANDUNG,3273220,CIBEUNYING KALER,32.73.18,CIBEUNYING KALER,PT. TELKOMSEL,JL. GAGAK,107.627999,-6.895626,KAMUFLASE POHON,30,-,METER,2019
2167,32,JAWA BARAT,3273,KOTA BANDUNG,3273230,COBLONG,32.73.02,COBLONG,PT. TELKOMSEL,JL. TITIRAN NO. 18 RT. 04/07,107.619944,-6.895784,3 KAKI,15,-,METER,2019
2168,32,JAWA BARAT,3273,KOTA BANDUNG,3273101,GEDEBAGE,32.73.27,GEDEBAGE,PT. TELKOMSEL,JL. BABAKAN RIUNG BANDUNG,107.682245,-6.939642,4 KAKI,62,-,METER,2019
2169,32,JAWA BARAT,3273,KOTA BANDUNG,3273090,BUAHBATU,32.73.22,BUAHBATU,PT. TELKOMSEL,JL. MARGAASIH NO. 3B,107.653295,-6.958473,4 KAKI,52,-,METER,2019
2170,32,JAWA BARAT,3273,KOTA BANDUNG,3273090,BUAHBATU,32.73.22,BUAHBATU,PT. TELKOMSEL,JL. KIARASARI 1,107.644093,-6.94899,4 KAKI,36,-,METER,2019
2171,32,JAWA BARAT,3273,KOTA BANDUNG,3273090,BUAHBATU,32.73.22,BUAHBATU,PT. TELKOMSEL,JL. KOMPLEK KPAD PINDAD TIMUR,107.654966,-6.939251,4 KAKI,42,-,METER,2019
2172,32,JAWA BARAT,3273,KOTA BANDUNG,3273090,BUAHBATU,32.73.22,BUAHBATU,PT. TELKOMSEL,JL. RANCABOLANG MARGAHAYU RAYA,107.661372,-6.952211,4 KAKI,52,-,METER,2019
2173,32,JAWA BARAT,3273,KOTA BANDUNG,3273120,UJUNG BERUNG,32.73.26,UJUNGBERUNG,PT. TELKOMSEL,KP. CIWARU,107.71767,-6.899573,3 KAKI,42,-,METER,2019
2174,32,JAWA BARAT,3273,KOTA BANDUNG,3273110,CIBIRU,32.73.25,CIBIRU,PT. TELKOMSEL,JL. RAYA CIBIRU,107.722183,-6.932906,4 KAKI,52,-,METER,2019
2175,32,JAWA BARAT,3273,KOTA BANDUNG,3273130,ARCAMANIK,32.73.24,ARCAMANIK,PT. TELKOMSEL,JL. CINGISED,107.67705,-6.929015,4 KAKI,42,-,METER,2019
2176,32,JAWA BARAT,3273,KOTA BANDUNG,3273130,ARCAMANIK,32.73.24,ARCAMANIK,PT. TELKOMSEL,JL. GADING UTAMA,107.671138,-6.937548,3 KAKI,15,-,METER,2019
2177,32,JAWA BARAT,3273,KOTA BANDUNG,3273121,CINAMBO,32.73.29,CINAMBO,PT. TELKOMSEL,JL. CINAMBO RT. 01/05,107.691353,-6.924745,4 KAKI,60,-,METER,2019
2178,32,JAWA BARAT,3273,KOTA BANDUNG,3273130,ARCAMANIK,32.73.24,ARCAMANIK,PT. TELKOMSEL,JL. TERUSAN PASANTREN,107.678677,-6.910683,4 KAKI,12,-,METER,2019
2179,32,JAWA BARAT,3273,KOTA BANDUNG,3273130,ARCAMANIK,32.73.24,ARCAMANIK,PT. TELKOMSEL,JL. ATLENTIK 2,107.672696,-6.919231,MONOPOLE,20,-,METER,2019
2180,32,JAWA BARAT,3273,KOTA BANDUNG,3273070,LENGKONG,32.73.13,LENGKONG,PT. TELKOMSEL,JL. BUAHBATU NO. 26,107.617209,-6.931348,3 KAKI,20,-,METER,2019
2181,32,JAWA BARAT,3273,KOTA BANDUNG,3273160,BATUNUNGGAL,32.73.12,BATUNUNGGAL,PT. TELKOMSEL,JL. GATOT SUBROTO NO. 133,107.627008,-6.924539,4 KAKI,29,-,METER,2019
2182,32,JAWA BARAT,3273,KOTA BANDUNG,3273142,MANDALAJATI,32.73.30,MANDALAJATI,PT. TELKOMSEL,JL. RAYA PASIR IMPUN,107.676168,-6.898767,4 KAKI,42,-,METER,2019
2183,32,JAWA BARAT,3273,KOTA BANDUNG,3273141,ANTAPANI,32.73.20,ANTAPANI,PT. TELKOMSEL,JL. CIBODAS RAYA,107.665087,-6.926198,4 KAKI,52,-,METER,2019
2184,32,JAWA BARAT,3273,KOTA BANDUNG,3273141,ANTAPANI,32.73.20,ANTAPANI,PT. TELKOMSEL,JL. CIKAMPEK RAYA,107.657434,-6.916226,4 KAKI,42,-,METER,2019
2185,32,JAWA BARAT,3273,KOTA BANDUNG,3273150,KIARACONDONG,32.73.16,KIARACONDONG,PT. TELKOMSEL,JL. TERUSAN PSM RT. 06/06,107.652278,-6.930385,4 KAKI,42,-,METER,2019
2186,32,JAWA BARAT,3273,KOTA BANDUNG,3273150,KIARACONDONG,32.73.16,KIARACONDONG,PT. TELKOMSEL,JL. KIARA CONDONG,107.644968,-6.921815,4 KAKI,20,-,METER,2019
2187,32,JAWA BARAT,3273,KOTA BANDUNG,3273150,KIARACONDONG,32.73.16,KIARACONDONG,PT. TELKOMSEL,JL. KIARA CONDONG NO. 277,107.64429,-6.929052,3 KAKI,20,-,METER,2019
2188,32,JAWA BARAT,3273,KOTA BANDUNG,3273210,CIBEUNYING KIDUL,32.73.14,CIBEUNYING KIDUL,PT. TELKOMSEL,JL. JENDRAL AHMAD YANI NO. 971,107.657469,-6.902067,3 KAKI,20,-,METER,2019
2189,32,JAWA BARAT,3273,KOTA BANDUNG,3273210,CIBEUNYING KIDUL,32.73.14,CIBEUNYING KIDUL,PT. TELKOMSEL,JL. JENDRAL AHMAD YANI,107.639463,-6.910643,3 KAKI,20,-,METER,2019
2190,32,JAWA BARAT,3273,KOTA BANDUNG,3273070,LENGKONG,32.73.13,LENGKONG,PT. TELKOMSEL,JL. LENGKONG BESAR,107.612868,-6.92876,POLE ROOFTOP,6,-,METER,2019
2191,32,JAWA BARAT,3273,KOTA BANDUNG,3273010,BANDUNG KULON,32.73.15,BANDUNG KULON,PT. TELKOMSEL,JL. TERUSAN SURYANI CIBUNTU TIMUR NO. 4 RT. 6,107.580133,-6.923406,4 KAKI,32,-,METER,2019
2192,32,JAWA BARAT,3273,KOTA BANDUNG,3273010,BANDUNG KULON,32.73.15,BANDUNG KULON,PT. TELKOMSEL,JL. H. ALFI RT. 03/01,107.573243,-6.919558,MONOPOLE,25,-,METER,2019
2193,32,JAWA BARAT,3273,KOTA BANDUNG,3273010,BANDUNG KULON,32.73.15,BANDUNG KULON,PT. TELKOMSEL,JL. MEKAR INDAH NO. 1 RT. 08/08,107.565003,-6.923369,MONOPOLE,32,-,METER,2019
2194,32,JAWA BARAT,3273,KOTA BANDUNG,3273180,ANDIR,32.73.05,ANDIR,PT. TELKOMSEL,JL. CIBADAK NO. 336,107.592893,-6.919689,3 KAKI,9,-,METER,2019
2195,32,JAWA BARAT,3273,KOTA BANDUNG,3273180,ANDIR,32.73.05,ANDIR,PT. TELKOMSEL,JL. JENDRAL SUDIRMAN,107.586235,-6.91879,POLE ROOFTOP,9,-,METER,2019
2196,32,JAWA BARAT,3273,KOTA BANDUNG,3273020,BABAKAN CIPARAY,32.73.03,BABAKAN CIPARAY,PT. TELKOMSEL,JL. MARGAGJAYA III,107.576116,-6.949438,4 KAKI,52,-,METER,2019
2197,32,JAWA BARAT,3273,KOTA BANDUNG,3273020,BABAKAN CIPARAY,32.73.03,BABAKAN CIPARAY,PT. TELKOMSEL,JL. KOPO MAS REGENCY 9D,107.579849,-6.959115,POLE ROOFTOP,15,-,METER,2019
2198,32,JAWA BARAT,3273,KOTA BANDUNG,3273020,BABAKAN CIPARAY,32.73.03,BABAKAN CIPARAY,PT. TELKOMSEL,JL. KOPO NO. 469 RT. 02/01,107.585402,-6.952469,3 KAKI,20,-,METER,2019
2199,32,JAWA BARAT,3273,KOTA BANDUNG,3273020,BABAKAN CIPARAY,32.73.03,BABAKAN CIPARAY,PT. TELKOMSEL,KOMP. TAMAN SURYA INDAH JL. SOEKARNO HATTA NO. 150,107.581071,-6.938319,3 KAKI,20,-,METER,2019
2200,32,JAWA BARAT,3273,KOTA BANDUNG,3273060,REGOL,32.73.11,REGOL,PT. TELKOMSEL,JL. CIBURUY RT. 06/06,107.613891,-6.956419,MONOPOLE,36,-,METER,2019
2201,32,JAWA BARAT,3273,KOTA BANDUNG,3273020,BABAKAN CIPARAY,32.73.03,BABAKAN CIPARAY,PT. TELKOMSEL,JL. TAMAN LILI GARDANIA,107.580812,-6.929174,4 KAKI,62,-,METER,2019
2202,32,JAWA BARAT,3273,KOTA BANDUNG,3273080,BANDUNG KIDUL,32.73.21,BANDUNG KIDUL,PT. TELKOMSEL,JL. SUKAMANAH NO. 102 RT. 03/02,107.622509,-6.956775,4 KAKI,36,-,METER,2019
2203,32,JAWA BARAT,3273,KOTA BANDUNG,3273040,BOJONGLOA KIDUL,32.73.17,BOJONGLOA KIDUL,PT. TELKOMSEL,JL. CIBADUYUT RAYA NO. 142,107.592709,-6.955679,3 KAKI,12,-,METER,2019
2204,32,JAWA BARAT,3273,KOTA BANDUNG,3273050,ASTANAANYAR,32.73.10,ASTANA ANYAR,PT. TELKOMSEL,JL. ASTANA ANYAR,107.59933,-6.925128,3 KAKI,20,-,METER,2019
2205,32,JAWA BARAT,3273,KOTA BANDUNG,3273060,REGOL,32.73.11,REGOL,PT. TELKOMSEL,JL. PUNGKUR,107.607002,-6.927542,4 KAKI,20,-,METER,2019
2206,32,JAWA BARAT,3273,KOTA BANDUNG,3273070,LENGKONG,32.73.13,LENGKONG,PT. TELKOMSEL,JL. GATOT SUBROTO NO. 9,107.618404,-6.922514,3 KAKI,15,-,METER,2019
2207,32,JAWA BARAT,3273,KOTA BANDUNG,3273240,SUKAJADI,32.73.07,SUKAJADI,PT. TELKOMSEL,JL. SUKAJADI NO. 152 C,107.597338,-6.88837,3 KAKI,20,-,METER,2019
2208,32,JAWA BARAT,3273,KOTA BANDUNG,3273240,SUKAJADI,32.73.07,SUKAJADI,PT. TELKOMSEL,JL. BABAKAN CARINGIN,107.587598,-6.888278,4 KAKI,42,-,METER,2019
2209,32,JAWA BARAT,3273,KOTA BANDUNG,3273230,COBLONG,32.73.02,COBLONG,PT. TELKOMSEL,JL. DR. SELAMET NO. 17,107.602946,-6.898251,3 KAKI,13,-,METER,2019
2210,32,JAWA BARAT,3273,KOTA BANDUNG,3273260,CIDADAP,32.73.08,CIDADAP,PT. TELKOMSEL,JL. SETIA BUDI NO. 268A,107.595548,-6.86158,MONOPOLE,30,-,METER,2019
2211,32,JAWA BARAT,3273,KOTA BANDUNG,3273260,CIDADAP,32.73.08,CIDADAP,PT. TELKOMSEL,JL. SETIA BUDI,107.596029,-6.87358,MONOPOLE,36,-,METER,2019
2212,32,JAWA BARAT,3273,KOTA BANDUNG,3273230,COBLONG,32.73.02,COBLONG,PT. TELKOMSEL,JL. CIHAMPELAS NO. 182,107.604202,-6.893611,3 KAKI,20,-,METER,2019
2213,32,JAWA BARAT,3273,KOTA BANDUNG,3273230,COBLONG,32.73.02,COBLONG,PT. TELKOMSEL,JL. CISITU LAMA RT. 07/12,107.611182,-6.878284,3 KAKI,43,-,METER,2019
2214,32,JAWA BARAT,3273,KOTA BANDUNG,3273210,CIBEUNYING KIDUL,32.73.14,CIBEUNYING KIDUL,PT. TELKOMSEL,JL. CIGADUNG RAYA BARU,107.623974,-6.86769,4 KAKI,42,-,METER,2019
2215,32,JAWA BARAT,3273,KOTA BANDUNG,3273220,CIBEUNYING KALER,32.73.18,CIBEUNYING KALER,PT. TELKOMSEL,JL. TUBAGUS ISMAIL VII NO. 60,107.62171,-6.880003,4 KAKI,55,-,METER,2019
2216,32,JAWA BARAT,3273,KOTA BANDUNG,3273230,COBLONG,32.73.02,COBLONG,PT. TELKOMSEL,JL. TAMAN SARI 21 C,107.608869,-6.900497,4 KAKI,15,-,METER,2019
2217,32,JAWA BARAT,3273,KOTA BANDUNG,3273230,COBLONG,32.73.02,COBLONG,PT. TELKOMSEL,JL. IR. H. JUANDA,107.61582,-6.882751,4 KAKI,60,-,METER,2019
2218,32,JAWA BARAT,3273,KOTA BANDUNG,3273230,COBLONG,32.73.02,COBLONG,PT. TELKOMSEL,JL. SEKELOA RT. 05/03,107.619369,-6.890116,4 KAKI,32,-,METER,2019
2219,32,JAWA BARAT,3273,KOTA BANDUNG,3273170,SUMUR BANDUNG,32.73.19,SUMUR BANDUNG,PT. TELKOMSEL,JL. SRIGADING NO. 8,107.623614,-6.915185,MONOPOLE,30,-,METER,2019
2220,32,JAWA BARAT,3273,KOTA BANDUNG,3273200,BANDUNG WETAN,32.73.09,BANDUNG WETAN,PT. TELKOMSEL,JL. RIAU MARTADINATA NO. 56,107.619911,-6.90634,3 KAKI,15,-,METER,2019
2221,32,JAWA BARAT,3273,KOTA BANDUNG,3273170,SUMUR BANDUNG,32.73.19,SUMUR BANDUNG,PT. TELKOMSEL,JL. KALIMANTAN NO. 8,107.615165,-6.912591,MICROCELL POLE,20,-,METER,2019
2222,32,JAWA BARAT,3273,KOTA BANDUNG,3273170,SUMUR BANDUNG,32.73.19,SUMUR BANDUNG,PT. TELKOMSEL,JL. R.E. MARTADINATA NO. 15,107.611997,-6.906407,3 KAKI,15,-,METER,2019
2223,32,JAWA BARAT,3273,KOTA BANDUNG,3273010,BANDUNG KULON,32.73.15,BANDUNG KULON,PT. TELKOMSEL,JL. CIGONDEWAH KIDUL NO. 12 RT. 04/04,107.566441,-6.940984,MONOPOLE,42,-,METER,2019
2224,32,JAWA BARAT,3273,KOTA BANDUNG,3273030,BOJONGLOA KALER,32.73.04,BOJONGLOA KALER,PT. TELKOMSEL,JL. SOEKARNO HATTA NO. 70 I,107.590198,-6.946097,4 KAKI,20,-,METER,2019
2225,32,JAWA BARAT,3273,KOTA BANDUNG,3273060,REGOL,32.73.11,REGOL,PT. TELKOMSEL,JL. MOCH. TOHA,107.606251,-6.938738,3 KAKI,9,-,METER,2019
2226,32,JAWA BARAT,3273,KOTA BANDUNG,3273040,BOJONGLOA KIDUL,32.73.17,BOJONGLOA KIDUL,PT. TELKOMSEL,JL. PETA NO. 123,107.595281,-6.937215,3 KAKI,20,-,METER,2019
2227,32,JAWA BARAT,3273,KOTA BANDUNG,3273110,CIBIRU,32.73.25,CIBIRU,PT. TELKOMSEL,JL. CILENGKRANG 2 KP. GANDOL RT. 05/05,107.720919,-6.915996,4 KAKI,42,-,METER,2019
2228,32,JAWA BARAT,3273,KOTA BANDUNG,3273160,BATUNUNGGAL,32.73.12,BATUNUNGGAL,PT. TELKOMSEL,JL. JENDRAL GATOT SUBROTO,107.637204,-6.925313,POLE ROOFTOP,10,-,METER,2019
2229,32,JAWA BARAT,3273,KOTA BANDUNG,3273100,RANCASARI,32.73.23,RANCASARI,PT. TELKOMSEL,JL. TERUSAN SALUYU,107.67829,-6.950355,MONOPOLE,25,-,METER,2019
2230,32,JAWA BARAT,3273,KOTA BANDUNG,3273250,SUKASARI,32.73.01,SUKASARI,PT. TELKOMSEL,JL. SARI MANIS RT. 01/08,107.574515,-6.878582,4 KAKI,50,-,METER,2019
2231,32,JAWA BARAT,3273,KOTA BANDUNG,3273250,SUKASARI,32.73.01,SUKASARI,PT. TELKOMSEL,JL. SARI ENDAH NO. 16,107.581856,-6.870407,4 KAKI,42,-,METER,2019
2232,32,JAWA BARAT,3273,KOTA BANDUNG,3273250,SUKASARI,32.73.01,SUKASARI,PT. TELKOMSEL,JL. GEGER KALONG GIRANG RT. 04/01,107.584225,-6.862472,MONOPOLE,36,-,METER,2019
2233,32,JAWA BARAT,3273,KOTA BANDUNG,3273190,CICENDO,32.73.06,CICENDO,PT. TELKOMSEL,JL. GUNUNG BATU / PADAASIH,107.562899,-6.890851,POLE ROOFTOP,12,-,METER,2019
2234,32,JAWA BARAT,3273,KOTA BANDUNG,3273190,CICENDO,32.73.06,CICENDO,PT. TELKOMSEL,JL. SUKAWARA,107.58496,-6.894137,4 KAKI,36,-,METER,2019
2235,32,JAWA BARAT,3273,KOTA BANDUNG,3273190,CICENDO,32.73.06,CICENDO,PT. TELKOMSEL,JL. LETTU SUBAGIO,107.58216,-6.906072,4 KAKI,30,-,METER,2019
2236,32,JAWA BARAT,3273,KOTA BANDUNG,3273180,ANDIR,32.73.05,ANDIR,PT. TELKOMSEL,JL. RAJAWALI,107.575638,-6.913096,4 KAKI,52,-,METER,2019
2237,32,JAWA BARAT,3273,KOTA BANDUNG,3273010,BANDUNG KULON,32.73.15,BANDUNG KULON,PT. TELKOMSEL,JL. HOLIS RUKO 203,107.571503,-6.934268,4 KAKI,20,-,METER,2019
2238,32,JAWA BARAT,3273,KOTA BANDUNG,3273190,CICENDO,32.73.06,CICENDO,PT. TELKOMSEL,JL. DR. JUNJUNAN,107.59664,-6.900463,3 KAKI,20,-,METER,2019
2239,32,JAWA BARAT,3273,KOTA BANDUNG,3273240,SUKAJADI,32.73.07,SUKAJADI,PT. TELKOMSEL,JL. SUKAJADI NO. 31,107.597439,-6.895226,3 KAKI,20,-,METER,2019
2240,32,JAWA BARAT,3273,KOTA BANDUNG,3273260,CIDADAP,32.73.08,CIDADAP,PT. TELKOMSEL,JL. CIUMBULEUIT ( RSAU DR. SALAMUN),107.604255,-6.865207,4 KAKI,30,-,METER,2019
2241,32,JAWA BARAT,3273,KOTA BANDUNG,3273260,CIDADAP,32.73.08,CIDADAP,PT. TELKOMSEL,JL. RANCA HANTANG 1 NO. 156 RT. 01/06,107.607504,-6.874556,3 KAKI,15,-,METER,2019
2242,32,JAWA BARAT,3273,KOTA BANDUNG,3273190,CICENDO,32.73.06,CICENDO,PT. TELKOMSEL,JL. DR. ABDUL RIVAI,107.603976,-6.9044497,3 KAKI,9,ROOFTOP TOWER,METER,2019
2243,32,JAWA BARAT,3273,KOTA BANDUNG,3273220,CIBEUNYING KALER,32.73.18,CIBEUNYING KALER,PT. TELKOMSEL,JL. SUPRATMAN,107.629424,-6.905577,3 KAKI,12,-,METER,2019
2244,32,JAWA BARAT,3273,KOTA BANDUNG,3273070,LENGKONG,32.73.13,LENGKONG,PT. TELKOMSEL,JL. MASKUMAMBANG,107.62591,-6.934065,4 KAKI,40,-,METER,2019
2245,32,JAWA BARAT,3273,KOTA BANDUNG,3273060,REGOL,32.73.11,REGOL,PT. TELKOMSEL,JL. PASIRJAYA VI NO. 2,107.6213,-6.9408,3 KAKI,20,ROOFTOP TOWER,METER,2019
2246,32,JAWA BARAT,3273,KOTA BANDUNG,3273070,LENGKONG,32.73.13,LENGKONG,PT. TELKOMSEL,JL. RAJAMANTRI KULON,107.630787,-6.942447,4 KAKI,32,-,METER,2019
2247,32,JAWA BARAT,3273,KOTA BANDUNG,3273040,BOJONGLOA KIDUL,32.73.17,BOJONGLOA KIDUL,PT. TELKOMSEL,JL. MEKAR MOLEK NO. 21,107.603461,-6.956559,4 KAKI,32,-,METER,2019
2248,32,JAWA BARAT,3273,KOTA BANDUNG,3273210,CIBEUNYING KIDUL,32.73.14,CIBEUNYING KIDUL,PT. TELKOMSEL,JL. PURI ASRI RT. 09/11,107.645694,-6.896857,4 KAKI,42,-,METER,2019
2249,32,JAWA BARAT,3273,KOTA BANDUNG,3273111,PANYILEUKAN,32.73.28,PANYILEUKAN,PT. TELKOMSEL,JL. MEKARMULYA,107.703341,-6.935729,4 KAKI,42,-,METER,2019
2250,32,JAWA BARAT,3273,KOTA BANDUNG,3273111,PANYILEUKAN,32.73.28,PANYILEUKAN,PT. TELKOMSEL,BUMI PANYILEUKAN,107.714625,-6.94599,MONOPOLE,32,-,METER,2019
2251,32,JAWA BARAT,3273,KOTA BANDUNG,3273200,BANDUNG WETAN,32.73.09,BANDUNG WETAN,PT. TELKOMSEL,JL. TRUNOJONO NO. 60,107.615667,-6.901921,3 KAKI,15,-,METER,2019
2252,32,JAWA BARAT,3273,KOTA BANDUNG,3273141,ANTAPANI,32.73.20,ANTAPANI,PT. TELKOMSEL,JL. SUKANAGARA,107.66,-6.9214,POLE ROOFTOP,15,ROOFTOP TOWER,METER,2019
2253,32,JAWA BARAT,3273,KOTA BANDUNG,3273080,BANDUNG KIDUL,32.73.21,BANDUNG KIDUL,PT. TELKOMSEL,JL. CIPAGALO RW. 03,107.63429,-6.961458,4 KAKI,42,-,METER,2019
2254,32,JAWA BARAT,3273,KOTA BANDUNG,3273110,CIBIRU,32.73.25,CIBIRU,PT. TELKOMSEL,MEKARJATI RT. 002 RW. 005,107.723805,-6.929838,POLE,6,-,METER,2019
2255,32,JAWA BARAT,3273,KOTA BANDUNG,3273220,CIBEUNYING KALER,32.73.18,CIBEUNYING KALER,PT. TELKOMSEL,JL. CIGADUNG SELATAN NO. 21 RT. 03 RW. 08,107.62709,-6.88473,POLE,6,-,METER,2019
2256,32,JAWA BARAT,3273,KOTA BANDUNG,3273010,BANDUNG KULON,32.73.15,BANDUNG KULON,PT. TELKOMSEL,JL. MELONG ASIH,107.56551,-6.91954,POLE,6,-,METER,2019
2257,32,JAWA BARAT,3273,KOTA BANDUNG,3273260,CIDADAP,32.73.08,CIDADAP,PT. TELKOMSEL,JL. CIPAKU INDAH VIII RT. 005 RW. 002,107.598737,-6.861712,POLE,6,-,METER,2019
2258,32,JAWA BARAT,3273,KOTA BANDUNG,3273050,ASTANAANYAR,32.73.10,ASTANA ANYAR,PT. TELKOMSEL,JL. OTISTA NO. 520,107.60306,-6.93197,POLE,6,-,METER,2019
2259,32,JAWA BARAT,3273,KOTA BANDUNG,3273200,BANDUNG WETAN,32.73.09,BANDUNG WETAN,PT. TELKOMSEL,GEDUNG DAGO OFFICE SQUARE JL. IR. H. JUANDA NO. 48 RT. 02 RW. 04,107.612,-6.90125,POLE,6,-,METER,2019
2260,32,JAWA BARAT,3273,KOTA BANDUNG,3273250,SUKASARI,32.73.01,SUKASARI,PT. TELKOMSEL,HOTEL PILATUS JL. GEGERKALONG HILIR NO. 119,107.58552,-6.86863,POLE,6,-,METER,2019
2261,32,JAWA BARAT,3273,KOTA BANDUNG,3273060,REGOL,32.73.11,REGOL,PT. TELKOMSEL,JL. DEWI SARTIKA NO. 27,107.6061,-6.9236,POLE,6,-,METER,2019
2262,32,JAWA BARAT,3273,KOTA BANDUNG,3273190,CICENDO,32.73.06,CICENDO,PT. TELKOMSEL,HOTEL SERENA JL. MARJUK NO. 4-6,107.60274,-6.91239,POLE,6,-,METER,2019
2263,32,JAWA BARAT,3273,KOTA BANDUNG,3273230,COBLONG,32.73.02,COBLONG,PT. TELKOMSEL,JL. IR. HAJI JUANDA,107.6196,-6.8708,POLE,6,-,METER,2019
2264,32,JAWA BARAT,3273,KOTA BANDUNG,3273180,ANDIR,32.73.05,ANDIR,PT. TELKOMSEL,JL. SUDIRMAN NO. 66-68 B,107.601,-6.92046,POLE,6,-,METER,2019
2265,32,JAWA BARAT,3273,KOTA BANDUNG,3273230,COBLONG,32.73.02,COBLONG,PT. TELKOMSEL,JL. HAUR PANCU II D-2 RT. 004/004,107.61929,-6.89299,POLE,6,-,METER,2019
2266,32,JAWA BARAT,3273,KOTA BANDUNG,3273050,ASTANAANYAR,32.73.10,ASTANA ANYAR,PT. TELKOMSEL,JL. INHOFTANK NO. 21 RT. 02/07,107.60318,-6.93906,POLE,4,-,METER,2019
2267,32,JAWA BARAT,3273,KOTA BANDUNG,3273190,CICENDO,32.73.06,CICENDO,PT. TELKOMSEL,JL. KORAWA NO. 27 RT. 04 RW. 01,107.59251,-6.90275,POLE,4,-,METER,2019
2268,32,JAWA BARAT,3273,KOTA BANDUNG,3273040,BOJONGLOA KIDUL,32.73.17,BOJONGLOA KIDUL,PT. TELKOMSEL,VISI BOOK STORE JL.â MEKARâ LAKSANA NO. 1 RT. 02 RW. 06,107.605881,-6.953934,POLE,6,-,METER,2019
2269,32,JAWA BARAT,3273,KOTA BANDUNG,3273190,CICENDO,32.73.06,CICENDO,PT. TELKOMSEL,JL. MENTOR GG. HAMBALI I NO. 41 RT. 01 RW. 07,107.57022,-6.89217,POLE,6,-,METER,2019
2270,32,JAWA BARAT,3273,KOTA BANDUNG,3273030,BOJONGLOA KALER,32.73.04,BOJONGLOA KALER,PT. TELKOMSEL,JL. MUTIARA TERUSAN PASIR KOJA,107.59359,-6.92954,POLE,6,-,METER,2019
2271,32,JAWA BARAT,3273,KOTA BANDUNG,3273010,BANDUNG KULON,32.73.15,BANDUNG KULON,PT. TELKOMSEL,JL. NANA ROHANA 99/82 KEL. WARUNG MUNCANG,107.57691,-6.92267,POLE,6,-,METER,2019
2272,32,JAWA BARAT,3273,KOTA BANDUNG,3273050,ASTANAANYAR,32.73.10,ASTANA ANYAR,PT. TELKOMSEL,JL. K. NATAWIJAYA NO. 41 GG. WELAS ASIH BLOK 90 NO. 178 RT. 009/007,107.596202,-6.92557,POLE,6,-,METER,2019
2273,32,JAWA BARAT,3273,KOTA BANDUNG,3273010,BANDUNG KULON,32.73.15,BANDUNG KULON,PT. TELKOMSEL,JL. PARALON GG. SAWARGI NO. 90 RT. 02/01,107.568,-6.93078,POLE,6,-,METER,2019
2274,32,JAWA BARAT,3273,KOTA BANDUNG,3273240,SUKAJADI,32.73.07,SUKAJADI,PT. TELKOMSEL,JL. PARIWISATA NO. 17 RT. 001 RW. 003,107.577283,-6.885936,POLE,6,-,METER,2019
2275,32,JAWA BARAT,3273,KOTA BANDUNG,3273200,BANDUNG WETAN,32.73.09,BANDUNG WETAN,PT. TELKOMSEL,JL. PELESIRAN NO. 9 RT. 7 RW. 4,107.60859,-6.89657,POLE,6,-,METER,2019
2276,32,JAWA BARAT,3273,KOTA BANDUNG,3273200,BANDUNG WETAN,32.73.09,BANDUNG WETAN,PT. TELKOMSEL,JL. SABANG NO. 5 RT. 06 RW. 01,107.621412,-6.908592,POLE,4,-,METER,2019
2277,32,JAWA BARAT,3273,KOTA BANDUNG,3273230,COBLONG,32.73.02,COBLONG,PT. TELKOMSEL,JL. SADANG LUHUR BLOCK 13 NO. 21 RT. 02 RW. 15,107.622341,-6.888436,POLE,6,-,METER,2019
2278,32,JAWA BARAT,3273,KOTA BANDUNG,3273190,CICENDO,32.73.06,CICENDO,PT. TELKOMSEL,JL. SAMIAJI NO. 287/66 RT. 010 RW. 005,107.59535,-6.90884,POLE,4,-,METER,2019
2279,32,JAWA BARAT,3273,KOTA BANDUNG,3273250,SUKASARI,32.73.01,SUKASARI,PT. TELKOMSEL,JL. SUKAHAJI RT. 04 RW. 03,107.584496,-6.88761,POLE,6,-,METER,2019
2280,32,JAWA BARAT,3273,KOTA BANDUNG,3273020,BABAKAN CIPARAY,32.73.03,BABAKAN CIPARAY,PT. TELKOMSEL,JL. SURYANI NO. 19 RT. 03 RW. 10,107.58098,-6.91969,POLE,4,-,METER,2019
2281,32,JAWA BARAT,3273,KOTA BANDUNG,3273230,COBLONG,32.73.02,COBLONG,PT. TELKOMSEL,JL. KANAYAKAN DALAM NO. 28,107.61952,-6.87796,POLE,6,-,METER,2019
2282,32,JAWA BARAT,3273,KOTA BANDUNG,3273240,SUKAJADI,32.73.07,SUKAJADI,PT. TELKOMSEL,JL. KARANG TINEUNG DALAM NO. 13 RT. 3 RW. 4,107.59422,-6.88411,POLE,6,-,METER,2019
2283,32,JAWA BARAT,3273,KOTA BANDUNG,3273060,REGOL,32.73.11,REGOL,PT. TELKOMSEL,JL. KEMBAR BARU SELATAN 3 NO. 14,107.61129,-6.94134,POLE,6,-,METER,2019
2284,32,JAWA BARAT,3273,KOTA BANDUNG,3273190,CICENDO,32.73.06,CICENDO,PT. TELKOMSEL,KOMPLEK ISTANA REGENSI RT. 002 RW. 002,107.582763,-6.895944,POLE,6,-,METER,2019
2285,32,JAWA BARAT,3273,KOTA BANDUNG,3273010,BANDUNG KULON,32.73.15,BANDUNG KULON,PT. TELKOMSEL,JL. CIJERAH RT. 1/4 NO. 139,107.569259,-6.923231,POLE,6,-,METER,2019
2286,32,JAWA BARAT,3273,KOTA BANDUNG,3273020,BABAKAN CIPARAY,32.73.03,BABAKAN CIPARAY,PT. TELKOMSEL,JL. KOPO CIRANRANG NO. 550 RT. 005 RW. 004,107.58292,-6.95533,POLE,6,-,METER,2019
2287,32,JAWA BARAT,3273,KOTA BANDUNG,3273020,BABAKAN CIPARAY,32.73.03,BABAKAN CIPARAY,PT. TELKOMSEL,JL. KOPO MAS G2 RT. 02/01,107.57695,-6.95616,POLE,6,-,METER,2019
2288,32,JAWA BARAT,3273,KOTA BANDUNG,3273040,BOJONGLOA KIDUL,32.73.17,BOJONGLOA KIDUL,PT. TELKOMSEL,KP. WARNA CINTA RT. 04 RW. 03,107.599998,-6.95464,POLE,6,-,METER,2019
2289,32,JAWA BARAT,3273,KOTA BANDUNG,3273180,ANDIR,32.73.05,ANDIR,PT. TELKOMSEL,JL. MALEBER UTARA NO. 12 RT. 06/06,107.574348,-6.902373,POLE,4,-,METER,2019
2290,32,JAWA BARAT,3273,KOTA BANDUNG,3273180,ANDIR,32.73.05,ANDIR,PT. TELKOMSEL,JL. MALEBER UTARA NO. 12,107.5758,-6.90594,POLE,6,-,METER,2019
2291,32,JAWA BARAT,3273,KOTA BANDUNG,3273240,SUKAJADI,32.73.07,SUKAJADI,PT. TELKOMSEL,JL. SURYA SUMANTRI NO. 65,107.58109,-6.88578,POLE,6,-,METER,2019
2292,32,JAWA BARAT,3273,KOTA BANDUNG,3273190,CICENDO,32.73.06,CICENDO,PT. TELKOMSEL,JL. BABAKAN CIANJUR NO. 130,107.56789,-6.89694,POLE,6,-,METER,2019
2293,32,JAWA BARAT,3273,KOTA BANDUNG,3273020,BABAKAN CIPARAY,32.73.03,BABAKAN CIPARAY,PT. TELKOMSEL,JL. PASIRKOJA  NO. 131,107.59173,-6.92623,MONOPOLE,6,-,METER,2019
2294,32,JAWA BARAT,3273,KOTA BANDUNG,3273060,REGOL,32.73.11,REGOL,PT. TELKOMSEL,JL. DALEM KAUM NO. 54  40111,107.60633,-6.92242,POLE,6,-,METER,2019
2295,32,JAWA BARAT,3273,KOTA BANDUNG,3273190,CICENDO,32.73.06,CICENDO,PT. TELKOMSEL,JL. PAJAJARAN NO. 56 RT. 001 RW. 003,107.6005,-6.90646,POLE,6,-,METER,2019
2296,32,JAWA BARAT,3273,KOTA BANDUNG,3273170,SUMUR BANDUNG,32.73.19,SUMUR BANDUNG,PT. TELKOMSEL,JL. R.E. MARTADINATA NO. 17,107.6122,-6.9066,POLE,3,-,METER,2019
2297,32,JAWA BARAT,3273,KOTA BANDUNG,3273250,SUKASARI,32.73.01,SUKASARI,PT. TELKOMSEL,JL. SETIA BUDI NO. 105 RT. 05/06,107.59325,-6.8712,POLE,6,-,METER,2019
2298,32,JAWA BARAT,3273,KOTA BANDUNG,3273230,COBLONG,32.73.02,COBLONG,PT. TELKOMSEL,JL. IR. H. DJUANDA (PEREMPATAN DEPAN MC DONALD),107.6135,-6.8851,POLE,6,-,METER,2019
2299,32,JAWA BARAT,3273,KOTA BANDUNG,3273220,CIBEUNYING KALER,32.73.18,CIBEUNYING KALER,PT. TELKOMSEL,JL. CIKUTRA NO. 312 RT. 004/002,107.638134,-6.893621,POLE,6,-,METER,2019
2300,32,JAWA BARAT,3273,KOTA BANDUNG,3273260,CIDADAP,32.73.08,CIDADAP,PT. TELKOMSEL,HEGARMANAH (JL. KAPTEN TENDEAN NO. 1),107.59998,-6.87848,POLE,6,-,METER,2019
2301,32,JAWA BARAT,3273,KOTA BANDUNG,3273250,SUKASARI,32.73.01,SUKASARI,PT. TELKOMSEL,GEDUNG MENARA TELKOM DDS JL. GEGERKALONG HILIR NO. 47,107.5891,-6.8716,POLE,6,-,METER,2019
2302,32,JAWA BARAT,3273,KOTA BANDUNG,3273230,COBLONG,32.73.02,COBLONG,PT. TELKOMSEL,JL. SETIABUDI BANDUNG,107.6044,-6.8849,POLE,6,-,METER,2019
2303,32,JAWA BARAT,3273,KOTA BANDUNG,3273220,CIBEUNYING KALER,32.73.18,CIBEUNYING KALER,PT. TELKOMSEL,TERUSAN CISOKA RT. 01/08,107.6326,-6.9026,POLE,6,-,METER,2019
2304,32,JAWA BARAT,3273,KOTA BANDUNG,3273230,COBLONG,32.73.02,COBLONG,PT. TELKOMSEL,JL. TUBAGUS ISMAIL DALAM NO. 28 RT. 03 RW. 07,107.616819,-6.88678,POLE,6,-,METER,2019
2305,32,JAWA BARAT,3273,KOTA BANDUNG,3273230,COBLONG,32.73.02,COBLONG,PT. TELKOMSEL,JL. DIPATIUKUR NO. 35,107.6169,-6.893,POLE,6,-,METER,2019
2306,32,JAWA BARAT,3273,KOTA BANDUNG,3273200,BANDUNG WETAN,32.73.09,BANDUNG WETAN,PT. TELKOMSEL,JL. TAMANSARI 6 - 8,107.6084,-6.9041,POLE,6,-,METER,2019
2307,32,JAWA BARAT,3273,KOTA BANDUNG,3273141,ANTAPANI,32.73.20,ANTAPANI,PT. TELKOMSEL,KOMP. ANTAPANI MAS NO. B-18 RT. 005/017,107.662,-6.92858,POLE,4,-,METER,2019
2308,32,JAWA BARAT,3273,KOTA BANDUNG,3273070,LENGKONG,32.73.13,LENGKONG,PT. TELKOMSEL,JL. BKR NO. 11 BUAH BATU,107.6215,-6.9377,POLE,6,-,METER,2019
2309,32,JAWA BARAT,3273,KOTA BANDUNG,3273080,BANDUNG KIDUL,32.73.21,BANDUNG KIDUL,PT. TELKOMSEL,JL. BATUNUNGGAL INDAH RAYA NO. 189 BATUNUNGGAL,107.62901,-6.95415,POLE,6,-,METER,2019
2310,32,JAWA BARAT,3273,KOTA BANDUNG,3273150,KIARACONDONG,32.73.16,KIARACONDONG,PT. TELKOMSEL,JL. AHMADYANI GG. SLAMET 2 NO. 35 RT. 06 RW. 02,107.64635,-6.91176,POLE,6,-,METER,2019
2311,32,JAWA BARAT,3273,KOTA BANDUNG,3273121,CINAMBO,32.73.29,CINAMBO,PT. TELKOMSEL,CISARANTEN WETAN GG. H. APANDI RT. 003/006,107.68699,-6.92746,POLE,6,-,METER,2019
2312,32,JAWA BARAT,3273,KOTA BANDUNG,3273142,MANDALAJATI,32.73.30,MANDALAJATI,PT. TELKOMSEL,BABAKAN SEKEBIRU RT. 03 RW. 01,107.66884,-6.90177,POLE,6,-,METER,2019
2313,32,JAWA BARAT,3273,KOTA BANDUNG,3273170,SUMUR BANDUNG,32.73.19,SUMUR BANDUNG,PT. TELKOMSEL,JL. PURNAWARMAN NO. 36 A,107.609357,-6.907168,POLE,6,-,METER,2019
2314,32,JAWA BARAT,3273,KOTA BANDUNG,3273160,BATUNUNGGAL,32.73.12,BATUNUNGGAL,PT. TELKOMSEL,BLOK PINTU II NO. 46 / 126 C RT. 04/04 KIARACONDONG,107.6441,-6.92524,POLE,6,-,METER,2019
2315,32,JAWA BARAT,3273,KOTA BANDUNG,3273170,SUMUR BANDUNG,32.73.19,SUMUR BANDUNG,PT. TELKOMSEL,JL. BRAGA NO. 46  (D/H. BRAGA 1),107.609,-6.91587,POLE,3,-,METER,2019
2316,32,JAWA BARAT,3273,KOTA BANDUNG,3273070,LENGKONG,32.73.13,LENGKONG,PT. TELKOMSEL,JL. GUNTUR SARI II NO. 10 RT. 05 RW. 04,107.632,-6.94506,POLE,6,-,METER,2019
2317,32,JAWA BARAT,3273,KOTA BANDUNG,3273101,GEDEBAGE,32.73.27,GEDEBAGE,PT. TELKOMSEL,GEDEBAGE KULON RT. 02/07,107.68815,-6.94214,POLE,6,-,METER,2019
2318,32,JAWA BARAT,3273,KOTA BANDUNG,3273070,LENGKONG,32.73.13,LENGKONG,PT. TELKOMSEL,JL. TELAGA BODAS NO. 31 ( GRAHA KADIN),107.62211,-6.92814,POLE,6,-,METER,2019
2319,32,JAWA BARAT,3273,KOTA BANDUNG,3273130,ARCAMANIK,32.73.24,ARCAMANIK,PT. TELKOMSEL,PERUMAHAN GRIYA CARAKA BLOK H-11 RT. 01 RW. 05,107.673621,-6.931981,POLE,6,-,METER,2019
2320,32,JAWA BARAT,3273,KOTA BANDUNG,3273170,SUMUR BANDUNG,32.73.19,SUMUR BANDUNG,PT. TELKOMSEL,JL. ASIA AFRIKA NO. 15-17 40111,107.6047,-6.92,POLE,6,-,METER,2019
2321,32,JAWA BARAT,3273,KOTA BANDUNG,3273170,SUMUR BANDUNG,32.73.19,SUMUR BANDUNG,PT. TELKOMSEL,JL. SUNIARAJA NO. 82 RT. 05 RW. 05,107.60494,-6.91567,POLE,6,-,METER,2019
2322,32,JAWA BARAT,3273,KOTA BANDUNG,3273170,SUMUR BANDUNG,32.73.19,SUMUR BANDUNG,PT. TELKOMSEL,JL. ABC NO. 71 RT. 03/02,107.6064,-6.9188,POLE,6,-,METER,2019
2323,32,JAWA BARAT,3273,KOTA BANDUNG,3273141,ANTAPANI,32.73.20,ANTAPANI,PT. TELKOMSEL,JL. ANTAPANI LAMA NO. 8 RT. 02 RW. 03,107.6582,-6.9083,POLE,6,-,METER,2019
2324,32,JAWA BARAT,3273,KOTA BANDUNG,3273210,CIBEUNYING KIDUL,32.73.14,CIBEUNYING KIDUL,PT. TELKOMSEL,JL. JEND A. YANI NO. 689 RT. 002/007 K,107.64633,-6.90682,POLE,6,-,METER,2019
2325,32,JAWA BARAT,3273,KOTA BANDUNG,3273070,LENGKONG,32.73.13,LENGKONG,PT. TELKOMSEL,JL. BANGRENG NO. 8 â,107.629293,-6.93891,POLE,6,-,METER,2019
2326,32,JAWA BARAT,3273,KOTA BANDUNG,3273070,LENGKONG,32.73.13,LENGKONG,PT. TELKOMSEL,JL. BAPA SUPI NO. 15 RT. 02/RW. 03,107.6145,-6.9243,POLE,6,-,METER,2019
2327,32,JAWA BARAT,3273,KOTA BANDUNG,3273080,BANDUNG KIDUL,32.73.21,BANDUNG KIDUL,PT. TELKOMSEL,JL. BATU INDAH VII NO. 47 RT. 04 RW. 03,107.634,-6.95491,POLE,6,-,METER,2019
2328,32,JAWA BARAT,3273,KOTA BANDUNG,3273080,BANDUNG KIDUL,32.73.21,BANDUNG KIDUL,PT. TELKOMSEL,JL. BATUNUNGGAL INDAH RAYA NO. 51 RT. 08 RW.  01,107.624,-6.95329,POLE,4,-,METER,2019
2329,32,JAWA BARAT,3273,KOTA BANDUNG,3273170,SUMUR BANDUNG,32.73.19,SUMUR BANDUNG,PT. TELKOMSEL,JL. GANDAPURA NO. 39 RT. 04 RW. 04,107.626335,-6.914524,POLE,4,-,METER,2019
2330,32,JAWA BARAT,3273,KOTA BANDUNG,3273130,ARCAMANIK,32.73.24,ARCAMANIK,PT. TELKOMSEL,JL. GOLF BARAT NO. 2,107.67511,-6.91737,POLE,6,-,METER,2019
2331,32,JAWA BARAT,3273,KOTA BANDUNG,3273090,BUAHBATU,32.73.22,BUAHBATU,PT. TELKOMSEL,JL. TERUSAN IBRAHIM ADJIE NO. 46 RT. 04 RW. 01,107.64134,-6.94755,POLE,6,-,METER,2019
2332,32,JAWA BARAT,3273,KOTA BANDUNG,3273141,ANTAPANI,32.73.20,ANTAPANI,PT. TELKOMSEL,JL. LIO GIRANG RT. 04 RW. 07,107.67423,-6.93595,POLE,6,-,METER,2019
2333,32,JAWA BARAT,3273,KOTA BANDUNG,3273090,BUAHBATU,32.73.22,BUAHBATU,PT. TELKOMSEL,JL. MARGA BARU II NO. 5,107.64408,-6.95587,POLE,6,-,METER,2019
2334,32,JAWA BARAT,3273,KOTA BANDUNG,3273210,CIBEUNYING KIDUL,32.73.14,CIBEUNYING KIDUL,PT. TELKOMSEL,JL. PADASUKA PARIR LAYUNG RT. 02 RW. 03,107.65776,-6.89234,POLE,4,-,METER,2019
2335,32,JAWA BARAT,3273,KOTA BANDUNG,3273141,ANTAPANI,32.73.20,ANTAPANI,PT. TELKOMSEL,JL. PURWAKARTA NO. 13,107.65287,-6.91471,POLE,6,-,METER,2019
2336,32,JAWA BARAT,3273,KOTA BANDUNG,3273070,LENGKONG,32.73.13,LENGKONG,PT. TELKOMSEL,JL. BUAH BATU NO. 81F/206B,107.626961,-6.941978,POLE,6,-,METER,2019
2337,32,JAWA BARAT,3273,KOTA BANDUNG,3273100,RANCASARI,32.73.23,RANCASARI,PT. TELKOMSEL,JL. DERWATI RT. 006 RW. 004 K,107.68273,-6.96548,POLE,6,-,METER,2019
2338,32,JAWA BARAT,3273,KOTA BANDUNG,3273150,KIARACONDONG,32.73.16,KIARACONDONG,PT. TELKOMSEL,JL. SEKOLAH INTERNASIONAL NO. 10 RT. 001 RW. 011 SUKALAKSANA,107.64928,-6.91006,POLE,6,-,METER,2019
2339,32,JAWA BARAT,3273,KOTA BANDUNG,3273160,BATUNUNGGAL,32.73.12,BATUNUNGGAL,PT. TELKOMSEL,JL. SOEKARNO HATTA NO. 549 RT. 01 RW. 012,107.63723,-6.94628,POLE,4,-,METER,2019
2340,32,JAWA BARAT,3273,KOTA BANDUNG,3273210,CIBEUNYING KIDUL,32.73.14,CIBEUNYING KIDUL,PT. TELKOMSEL,JL. SUKA MULUS NO. 47 RT. 01 RW. 09 â,107.63764,-6.90828,POLE,6,-,METER,2019
2341,32,JAWA BARAT,3273,KOTA BANDUNG,3273210,CIBEUNYING KIDUL,32.73.14,CIBEUNYING KIDUL,PT. TELKOMSEL,JL. SUKARAJIN 2 GG. SASTRO DIJARJO NO. 10 RT. 5/12,107.63968,-6.90233,POLE,6,-,METER,2019
2342,32,JAWA BARAT,3273,KOTA BANDUNG,3273141,ANTAPANI,32.73.20,ANTAPANI,PT. TELKOMSEL,JL. KALIJATI INDAH SELATAN NO. 8 RT. 05 RW. 05,107.655831,-6.909508,POLE,6,-,METER,2019
2343,32,JAWA BARAT,3273,KOTA BANDUNG,3273160,BATUNUNGGAL,32.73.12,BATUNUNGGAL,PT. TELKOMSEL,JL. BINONGJATI RT. 02 RW. 04,107.6399,-6.935,POLE,4,-,METER,2019
2344,32,JAWA BARAT,3273,KOTA BANDUNG,3273160,BATUNUNGGAL,32.73.12,BATUNUNGGAL,PT. TELKOMSEL,JL. CIBANGKONG LOR RT. 004 RW. 011,107.633628,-6.922738,POLE,6,-,METER,2019
2345,32,JAWA BARAT,3273,KOTA BANDUNG,3273142,MANDALAJATI,32.73.30,MANDALAJATI,PT. TELKOMSEL,JL. MOCH. SYAHRI RT. 03 RW. 012,107.68217,-6.90208,POLE,6,-,METER,2019
2346,32,JAWA BARAT,3273,KOTA BANDUNG,3273121,CINAMBO,32.73.29,CINAMBO,PT. TELKOMSEL,JL. KILIMANJARO NO. 39 KOMP. PINUS REGENCY SUKARNO HATA,107.683337,-6.933229,POLE,6,-,METER,2019
2347,32,JAWA BARAT,3273,KOTA BANDUNG,3273150,KIARACONDONG,32.73.16,KIARACONDONG,PT. TELKOMSEL,PT. MADU NUSANTARA JL. SOEKARNO HATTA NO. 969,107.64986,-6.941778,POLE,6,-,METER,2019
2348,32,JAWA BARAT,3273,KOTA BANDUNG,3273170,SUMUR BANDUNG,32.73.19,SUMUR BANDUNG,PT. TELKOMSEL,GEDUNG CITRA GRIYA JL. NARIPAN NO. 42,107.61399,-6.92061,POLE,6,-,METER,2019
2349,32,JAWA BARAT,3273,KOTA BANDUNG,3273210,CIBEUNYING KIDUL,32.73.14,CIBEUNYING KIDUL,PT. TELKOMSEL,JL. NEGLASARI SELATAN RT. 03 RW. 04,107.64758,-6.90213,POLE,6,-,METER,2019
2350,32,JAWA BARAT,3273,KOTA BANDUNG,3273080,BANDUNG KIDUL,32.73.21,BANDUNG KIDUL,PT. TELKOMSEL,JL. SOEKARNO HATTA NO. 354 CIBIRU,107.63181,-6.94918,POLE,6,-,METER,2019
2351,32,JAWA BARAT,3273,KOTA BANDUNG,3273070,LENGKONG,32.73.13,LENGKONG,PT. TELKOMSEL,JL. ENGKOL NO. 12 RT. 01 RW. 01,107.62367,-6.93023,POLE,4,-,METER,2019
2352,32,JAWA BARAT,3273,KOTA BANDUNG,3273090,BUAHBATU,32.73.22,BUAHBATU,PT. TELKOMSEL,JL. BATU PERMATA I NO. 24 RT. 003 RW. 007,107.647876,-6.957058,POLE,6,-,METER,2019
2353,32,JAWA BARAT,3273,KOTA BANDUNG,3273080,BANDUNG KIDUL,32.73.21,BANDUNG KIDUL,PT. TELKOMSEL,JL. BATUNUNGGAL INDAH RAYA (PILARIA BUTIK),107.62656,-6.9569,POLE,6,-,METER,2019
2354,32,JAWA BARAT,3273,KOTA BANDUNG,3273090,BUAHBATU,32.73.22,BUAHBATU,PT. TELKOMSEL,RANCABOLANG BARAT BLK. S II NO. 49 RT. 005 RW. 011,107.655765,-6.945409,POLE,6,-,METER,2019
2355,32,JAWA BARAT,3273,KOTA BANDUNG,3273142,MANDALAJATI,32.73.30,MANDALAJATI,PT. TELKOMSEL,JL. RAYA A.H.NASUTION (TAGOG SINDANGLAYA) NO. 89 UJUNG BERUNG,107.68586,-6.90286,POLE,4,-,METER,2019
2356,32,JAWA BARAT,3273,KOTA BANDUNG,3273190,CICENDO,32.73.06,CICENDO,PT. TELKOMSEL,JL. CICENDO NO. 4,107.6046,-6.9099,POLE,6,-,METER,2019
2357,32,JAWA BARAT,3273,KOTA BANDUNG,3273100,RANCASARI,32.73.23,RANCASARI,PT. TELKOMSEL,JL. SALUYU 1 NO. 2 RT. 01 RW. 10,107.68338,-6.95238,POLE,4,-,METER,2019
2358,32,JAWA BARAT,3273,KOTA BANDUNG,3273141,ANTAPANI,32.73.20,ANTAPANI,PT. TELKOMSEL,JL. SENTRA DAGO TIMUR RAYA NO. 14,107.66048,-6.91017,POLE,4,-,METER,2019
2359,32,JAWA BARAT,3273,KOTA BANDUNG,3273070,LENGKONG,32.73.13,LENGKONG,PT. TELKOMSEL,WISMA ACA JL. ASIA AFRIKA NO. 116 RT. 006 RW. 001,107.612,-6.9218,MONOPOLE,6,-,METER,2019
2360,32,JAWA BARAT,3273,KOTA BANDUNG,3273141,ANTAPANI,32.73.20,ANTAPANI,PT. TELKOMSEL,JL. SINDANGSARI I RT. 03 RW. 08,107.664626,-6.907735,POLE,6,-,METER,2019
2361,32,JAWA BARAT,3273,KOTA BANDUNG,3273080,BANDUNG KIDUL,32.73.21,BANDUNG KIDUL,PT. TELKOMSEL,â JL. CIPARAY TRS BUAHBATU KOMPLEK NUANSA INDAH BLOK R-8,107.64,-6.95957,POLE,4,-,METER,2019
2362,32,JAWA BARAT,3273,KOTA BANDUNG,3273070,LENGKONG,32.73.13,LENGKONG,PT. TELKOMSEL,JL. PATUHA NO. 33 RT. 04 RW. 06,107.625,-6.92644,POLE,6,-,METER,2019
2363,32,JAWA BARAT,3273,KOTA BANDUNG,3273141,ANTAPANI,32.73.20,ANTAPANI,PT. TELKOMSEL,JL. TERUSAN JAKARTA NO. 290,107.664421,-6.914441,POLE,6,-,METER,2019
2364,32,JAWA BARAT,3273,KOTA BANDUNG,3273070,LENGKONG,32.73.13,LENGKONG,PT. TELKOMSEL,JL. TURANGGA NO. 25 D (MASUK DR SAMPING ALFAMART) RT. 03 RW. 09,107.63557,-6.93066,POLE,6,-,METER,2019
2365,32,JAWA BARAT,3273,KOTA BANDUNG,3273111,PANYILEUKAN,32.73.28,PANYILEUKAN,PT. TELKOMSEL,"GEDUNG DAWAH JL. ABDUL HARIS NASUTION NO. 247, SUKAMISKIN",107.717315,-6.93118,POLE,6,-,METER,2019
2366,32,JAWA BARAT,3273,KOTA BANDUNG,3273150,KIARACONDONG,32.73.16,KIARACONDONG,PT. TELKOMSEL,JL. KIARA CONDONG RT. 03/02,107.649,-6.92964,POLE,4,-,METER,2019
2367,32,JAWA BARAT,3273,KOTA BANDUNG,3273080,BANDUNG KIDUL,32.73.21,BANDUNG KIDUL,PT. TELKOMSEL,JL. BATUNUNGGAL MULIA II NO. 14 RT. 03 RW.  05,107.631388,-6.960728,POLE,6,-,METER,2019
2368,32,JAWA BARAT,3273,KOTA BANDUNG,3273240,SUKAJADI,32.73.07,SUKAJADI,PT. TELKOMSEL,JL. BABAKAN JERUK I NO. 10C RT. 2/1,107.5832,-6.88899,POLE,6,-,METER,2019
2369,32,JAWA BARAT,3273,KOTA BANDUNG,3273060,REGOL,32.73.11,REGOL,PT. TELKOMSEL,JL. MOCH TOHA NO. 355D RT. 07 RW. 05,107.61188,-6.95467,POLE,6,-,METER,2019
2370,32,JAWA BARAT,3273,KOTA BANDUNG,3273170,SUMUR BANDUNG,32.73.19,SUMUR BANDUNG,PT. TELKOMSEL,JL. BELITUNG NO. 3 RT. 03 RW. 03,107.61718,-6.91123,POLE,6,-,METER,2019
2371,32,JAWA BARAT,3273,KOTA BANDUNG,3273080,BANDUNG KIDUL,32.73.21,BANDUNG KIDUL,PT. TELKOMSEL,KOMP. BUAH BATU REGENCY KAV. G-7 NO. 12 RT. 03 RW. 09,107.64178,-6.96212,POLE,6,-,METER,2019
2372,32,JAWA BARAT,3273,KOTA BANDUNG,3273060,REGOL,32.73.11,REGOL,PT. TELKOMSEL,JL. PASIRLUYU SELATAN NO. 25 RT. 04 RW. 09,107.621088,-6.9460938,POLE,6,-,METER,2019
2373,32,JAWA BARAT,3273,KOTA BANDUNG,3273230,COBLONG,32.73.02,COBLONG,PT. TELKOMSEL,JL. PLESIRAN NO. 61 RT. 05 RW. 06,107.606439,-6.895426,POLE,6,-,METER,2019
2374,32,JAWA BARAT,3273,KOTA BANDUNG,3273200,BANDUNG WETAN,32.73.09,BANDUNG WETAN,PT. TELKOMSEL,JL. CITARUM NO. 16 RT. 01 RW. 03,107.613518,-6.902661,POLE,6,-,METER,2019
2375,32,JAWA BARAT,3273,KOTA BANDUNG,3273220,CIBEUNYING KALER,32.73.18,CIBEUNYING KALER,PT. TELKOMSEL,GG. TILIL II NO. 340/144C RT. 06 RW. 01,107.622103,-6.899163889,POLE,6,-,METER,2019
2376,32,JAWA BARAT,3273,KOTA BANDUNG,3273180,ANDIR,32.73.05,ANDIR,PT. TELKOMSEL,JL. JENDRAL SUDIRMAN NO. 386 RT. 01 RW. 03,107.589329,-6.918997,POLE,6,-,METER,2019
2377,32,JAWA BARAT,3273,KOTA BANDUNG,3273100,RANCASARI,32.73.23,RANCASARI,PT. TELKOMSEL,JL. MERKURI SELATAN XIV NO. 1/10 RT. 01 RW. 08,107.66647,-6.94939,POLE,6,-,METER,2019
2378,32,JAWA BARAT,3273,KOTA BANDUNG,3273190,CICENDO,32.73.06,CICENDO,PT. TELKOMSEL,JL. PASIR KALIKI NO. 53 - 55,107.59723,-6.91119,POLE,6,-,METER,2019
2379,32,JAWA BARAT,3273,KOTA BANDUNG,3273090,BUAHBATU,32.73.22,BUAHBATU,PT. CENTRATAMA MENARA INDONESIA,CIJAWURA HILIR RT. 04 RW. 12,107.66012,-6.96594,4 KAKI,42,-,METER,2019
2380,32,JAWA BARAT,3273,KOTA BANDUNG,3273100,RANCASARI,32.73.23,RANCASARI,PT. CENTRATAMA MENARA INDONESIA,JL. RIUNG TINEUNG NO. 36 RIUNG BANDUNG,107.68395,-6.94336,4 KAKI,36,-,METER,2019
2381,32,JAWA BARAT,3273,KOTA BANDUNG,3273190,CICENDO,32.73.06,CICENDO,PT. CENTRATAMA MENARA INDONESIA,JL. CITEPUS III RT. 07 RW. 10,107.58885,-6.90148,POLE,12,-,METER,2019
2382,32,JAWA BARAT,3273,KOTA BANDUNG,3273180,ANDIR,32.73.05,ANDIR,PT. CENTRATAMA MENARA INDONESIA,JL. JEND. SUDIRMAN NO. 214 RT. 05 RW. 07,107.59634,-6.91979,4 KAKI,20,-,METER,2019
2383,32,JAWA BARAT,3273,KOTA BANDUNG,3273220,CIBEUNYING KALER,32.73.18,CIBEUNYING KALER,PT. CENTRATAMA MENARA INDONESIA,JL. CIBEUNYING PERMAI RAYA NO. 38 RT/RW. 04/11,107.62817,-6.88771,4 KAKI,4,-,METER,2019
2384,32,JAWA BARAT,3273,KOTA BANDUNG,3273190,CICENDO,32.73.06,CICENDO,PT. CENTRATAMA MENARA INDONESIA,ISTANA PLAZA JL. PASIR KALIKI NO. 121 - 123,107.59687,-6.9054,POLE,6,-,METER,2019
2385,32,JAWA BARAT,3273,KOTA BANDUNG,3273180,ANDIR,32.73.05,ANDIR,PT. CENTRATAMA MENARA INDONESIA,PT. ATANAKA PERSADA PERMAI (KIOS LT.P8A NO. 05) JL. OTO ISKANDARDINATA NO. 70,107.60331,-6.91782,POLE,3,-,METER,2019
2386,32,JAWA BARAT,3273,KOTA BANDUNG,3273200,BANDUNG WETAN,32.73.09,BANDUNG WETAN,PT. CENTRATAMA MENARA INDONESIA,JL. CIHAMPELAS NO. 112 RT. 002/RW. 07,107.60407,-6.89816,POLE,6,-,METER,2019
2387,32,JAWA BARAT,3273,KOTA BANDUNG,3273260,CIDADAP,32.73.08,CIDADAP,PT. CENTRATAMA MENARA INDONESIA,HOTEL GRAND SERELA,107.60088,-6.88055,POLE,6,-,METER,2019
2388,32,JAWA BARAT,3273,KOTA BANDUNG,3273190,CICENDO,32.73.06,CICENDO,PT. CENTRATAMA MENARA INDONESIA,GEDUNG MEGA CELL,107.59184,-6.90687,POLE,6,-,METER,2019
2389,32,JAWA BARAT,3273,KOTA BANDUNG,3273120,UJUNG BERUNG,32.73.26,UJUNGBERUNG,PT. CENTRATAMA MENARA INDONESIA,KAMPUNG NAGROK 3 RT. 01 RW. 09,107.71046,-6.90761,3 KAKI,35,-,METER,2019
2390,32,JAWA BARAT,3273,KOTA BANDUNG,3273200,BANDUNG WETAN,32.73.09,BANDUNG WETAN,PT. CENTRATAMA MENARA INDONESIA,RENARITY FO JL. L. RE MARTADINATA (RIAU) NO. 26 RT. 002 RW. 01,107.61493,-6.9064,POLE,25,-,METER,2019
2391,32,JAWA BARAT,3273,KOTA BANDUNG,3273040,BOJONGLOA KIDUL,32.73.17,BOJONGLOA KIDUL,PT. CENTRATAMA MENARA INDONESIA,JL. LEUWI PANJANG NO. 34 RT. 07 RW. 07,107.59639,-6.93988,POLE,9,-,METER,2019
2392,32,JAWA BARAT,3273,KOTA BANDUNG,3273060,REGOL,32.73.11,REGOL,PT. CENTRATAMA MENARA INDONESIA,JL. SRIWIJAYA NO. 107 RT. 05/01,107.61308,-6.94489,POLE,9,-,METER,2019
2393,32,JAWA BARAT,3273,KOTA BANDUNG,3273130,ARCAMANIK,32.73.24,ARCAMANIK,PT. CENTRATAMA MENARA INDONESIA,JL. PACUAN KUDA 2 RT. 2 RW. 1,107.672643,-6.905514,POLE,9,-,METER,2019
2394,32,JAWA BARAT,3273,KOTA BANDUNG,3273010,BANDUNG KULON,32.73.15,BANDUNG KULON,PT. CENTRATAMA MENARA INDONESIA,CIGONDEWAH KIDUL RT. 04 RW. 04,107.566069,-6.941038,4 KAKI,42,-,METER,2019
2395,32,JAWA BARAT,3273,KOTA BANDUNG,3273020,BABAKAN CIPARAY,32.73.03,BABAKAN CIPARAY,PT. CENTRATAMA MENARA INDONESIA,JL. HOLIS 235 RT. 01 RW. 09,107.57073,-6.93667,POLE,18,-,METER,2019
2396,32,JAWA BARAT,3273,KOTA BANDUNG,3273250,SUKASARI,32.73.01,SUKASARI,PT. CENTRATAMA MENARA INDONESIA,JL. DR. SETIABUDI NO. 167 C RT. 02 RW. 04,107.593438,-6.8684,POLE,12,-,METER,2019
2397,32,JAWA BARAT,3273,KOTA BANDUNG,3273141,ANTAPANI,32.73.20,ANTAPANI,PT. CENTRATAMA MENARA INDONESIA,JL. KADIPATEN RAYA 9 NO. 2 RT. 05 RW. 01,107.655306,-6.918444,POLE,12,-,METER,2019
2398,32,JAWA BARAT,3273,KOTA BANDUNG,3273020,BABAKAN CIPARAY,32.73.03,BABAKAN CIPARAY,PT. CENTRATAMA MENARA INDONESIA,JL. CARINGIN 180C RT. 01/05,107.57835,-6.94362,4 KAKI,20,-,METER,2019
2399,32,JAWA BARAT,3273,KOTA BANDUNG,3273240,SUKAJADI,32.73.07,SUKAJADI,PT. CENTRATAMA MENARA INDONESIA,JL. SUKAMULYA INDAH NO. 3 KP. KENDAL GEDE RT. 06 RW. 02,107.586833,-6.885917,POLE,18,-,METER,2019
2400,32,JAWA BARAT,3273,KOTA BANDUNG,3273230,COBLONG,32.73.02,COBLONG,PT. CENTRATAMA MENARA INDONESIA,â JLN. TUBAGUS ISMAIL DEPAN RT. 2/8,107.616389,-6.883556,POLE,6,-,METER,2019
2401,32,JAWA BARAT,3273,KOTA BANDUNG,3273141,ANTAPANI,32.73.20,ANTAPANI,PT. CENTRATAMA MENARA INDONESIA,JL. PARAKAN SAAT RT. 01 RW. 23â,107.66738,-6.92716,POLE,18,-,METER,2019
2402,32,JAWA BARAT,3273,KOTA BANDUNG,3273240,SUKAJADI,32.73.07,SUKAJADI,PT. CENTRATAMA MENARA INDONESIA,HOTEL VERONA JL. SURYASUMANTRI NO. 36,107.582114,-6.88925,POLE,3,-,METER,2019
2403,32,JAWA BARAT,3273,KOTA BANDUNG,3273170,SUMUR BANDUNG,32.73.19,SUMUR BANDUNG,PT. CENTRATAMA MENARA INDONESIA,JL. BRAGA BLK 98 RT. 03 RW. 05,107.609472,-6.915861,3 KAKI,20,-,METER,2019
2404,32,JAWA BARAT,3273,KOTA BANDUNG,3273020,BABAKAN CIPARAY,32.73.03,BABAKAN CIPARAY,PT. CENTRATAMA MENARA INDONESIA,JL. SURYANI NO. 9 RT. 003 RW. 010,107.58127,-6.919138,POLE,18,-,METER,2019
2405,32,JAWA BARAT,3273,KOTA BANDUNG,3273160,BATUNUNGGAL,32.73.12,BATUNUNGGAL,PT. CENTRATAMA MENARA INDONESIA,JL. GARUT I NO. 1 RT. 02 RW. 04,107.6319,-6.917556,4 KAKI,24,-,METER,2019
2406,32,JAWA BARAT,3273,KOTA BANDUNG,3273010,BANDUNG KULON,32.73.15,BANDUNG KULON,PT. CENTRATAMA MENARA INDONESIA,JL. PARALON NO. 12 RT. 02 RW. 11,107.5675,-6.931583,3 KAKI,25,-,METER,2019
2407,32,JAWA BARAT,3273,KOTA BANDUNG,3273100,RANCASARI,32.73.23,RANCASARI,PT. CENTRATAMA MENARA INDONESIA,JL. RANCABOLANG NO. 208 RT. 6 RW. 16,107.661769,-6.950538,4 KAKI,26,-,METER,2019
2408,32,JAWA BARAT,3273,KOTA BANDUNG,3273160,BATUNUNGGAL,32.73.12,BATUNUNGGAL,PT. CENTRATAMA MENARA INDONESIA,JL. GATOT SUBROTO NO. 180â  RT. 6/3,107.638738,-6.929419,4 KAKI,25,-,METER,2019
2409,32,JAWA BARAT,3273,KOTA BANDUNG,3273230,COBLONG,32.73.02,COBLONG,PT. CENTRATAMA MENARA INDONESIA,KOMPLEK ISTANA DAGO ASRI NO. 18,107.615889,-6.878681,POLE,18,-,METER,2019
2410,32,JAWA BARAT,3273,KOTA BANDUNG,3273170,SUMUR BANDUNG,32.73.19,SUMUR BANDUNG,PT. CENTRATAMA MENARA INDONESIA,JL. BRAGA NO. 21,107.609833,-6.919919,4 KAKI,25,-,METER,2019
2411,32,JAWA BARAT,3273,KOTA BANDUNG,3273150,KIARACONDONG,32.73.16,KIARACONDONG,PT. CENTRATAMA MENARA INDONESIA,JL. LET. JEND IBRAHIM ADJIE NO. 453 RT. 01 RW. 11,107.642428,-6.942448,4 KAKI,25,-,METER,2019
2412,32,JAWA BARAT,3273,KOTA BANDUNG,3273142,MANDALAJATI,32.73.30,MANDALAJATI,PT. CENTRATAMA MENARA INDONESIA,JL. AH NASUTION RT. 02 RW. 01,107.66587,-6.9036,4 KAKI,52,-,METER,2019
2413,32,JAWA BARAT,3273,KOTA BANDUNG,3273170,SUMUR BANDUNG,32.73.19,SUMUR BANDUNG,PT. CENTRATAMA MENARA INDONESIA,JL. SUMBAWA NO. 19 RT. 01/RW. 01,107.61754,-6.91445,4 KAKI,20,-,METER,2019
2414,32,JAWA BARAT,3273,KOTA BANDUNG,3273160,BATUNUNGGAL,32.73.12,BATUNUNGGAL,PT. CENTRATAMA MENARA INDONESIA,JL. LASWI 98,107.63033,-6.9219,POLE,32,-,METER,2019
2415,32,JAWA BARAT,3273,KOTA BANDUNG,3273050,ASTANAANYAR,32.73.10,ASTANA ANYAR,PT. CENTRATAMA MENARA INDONESIA,JL. INHOFTANK RT. 02 RW. 07,107.6032,6.93923,POLE,10,-,METER,2019
2416,32,JAWA BARAT,3273,KOTA BANDUNG,3273190,CICENDO,32.73.06,CICENDO,PT. CENTRATAMA MENARA INDONESIA,JL. CICENDO NO. 19,107.65863,-6.89842,POLE,10,-,METER,2019
2417,32,JAWA BARAT,3273,KOTA BANDUNG,3273142,MANDALAJATI,32.73.30,MANDALAJATI,PT. CENTRATAMA MENARA INDONESIA,JL. JATIHANDAP RT. 07/06,107.65856,-6.89843,POLE,19,-,METER,2019
2418,32,JAWA BARAT,3273,KOTA BANDUNG,3273180,ANDIR,32.73.05,ANDIR,"PT. XL AXIATA, TBK",JL. RA. BARNAS 189B/77 DUNGUS CARIANG,-6.914361,107.5787222,4 KAKI,30,-,METER,2019
2419,32,JAWA BARAT,3273,KOTA BANDUNG,3273130,ARCAMANIK,32.73.24,ARCAMANIK,"PT. XL AXIATA, TBK",JL. CISARANTEN KULON NO. 107 RT. 04/RW. 07,-6.931028,107.67975,4 KAKI,30,-,METER,2019
2420,32,JAWA BARAT,3273,KOTA BANDUNG,3273130,ARCAMANIK,32.73.24,ARCAMANIK,"PT. XL AXIATA, TBK",JL. CIKCUKANG NO. 37 RT. 01 RW. 09,-6.913639,107.6831944,3 KAKI,30,-,METER,2019
2421,32,JAWA BARAT,3273,KOTA BANDUNG,3273020,BABAKAN CIPARAY,32.73.03,BABAKAN CIPARAY,"PT. XL AXIATA, TBK",JL. PETA NO. 226 RT. 06/RW. 05,-6.930083,107.5883889,4 KAKI,30,-,METER,2019
2422,32,JAWA BARAT,3273,KOTA BANDUNG,3273020,BABAKAN CIPARAY,32.73.03,BABAKAN CIPARAY,"PT. XL AXIATA, TBK",JL. CIGONDEWAH KIDUL NO. 40,-6.944389,107.561,4 KAKI,30,-,METER,2019
2423,32,JAWA BARAT,3273,KOTA BANDUNG,3273020,BABAKAN CIPARAY,32.73.03,BABAKAN CIPARAY,"PT. XL AXIATA, TBK",JL. MARGAJAYA TIMUR III RT. 03/06,-6.948639,107.5775278,3 KAKI,30,-,METER,2019
2424,32,JAWA BARAT,3273,KOTA BANDUNG,3273020,BABAKAN CIPARAY,32.73.03,BABAKAN CIPARAY,"PT. XL AXIATA, TBK",JL. CIRANGRANG TIMUR RT. 03 RW. 02,-6.955361,107.5869722,4 KAKI,51,-,METER,2019
2425,32,JAWA BARAT,3273,KOTA BANDUNG,3273080,BANDUNG KIDUL,32.73.21,BANDUNG KIDUL,"PT. XL AXIATA, TBK",JL. BATUNUNGGAL INDAH II NO. 70,-6.962611,107.6260556,4 KAKI,31,-,METER,2019
2426,32,JAWA BARAT,3273,KOTA BANDUNG,3273010,BANDUNG KULON,32.73.15,BANDUNG KULON,"PT. XL AXIATA, TBK",JL. RAYA JEND. SUDIRMAN NO. 801 RT. 06 RW. 06,-6.915889,107.569,3 KAKI,30,-,METER,2019
2427,32,JAWA BARAT,3273,KOTA BANDUNG,3273010,BANDUNG KULON,32.73.15,BANDUNG KULON,"PT. XL AXIATA, TBK",KOMPLEK MEKAR INDAH JL. MEKAR ASIH AF 9 NO. 9,-6.923028,107.5644444,3 KAKI,30,-,METER,2019
2428,32,JAWA BARAT,3273,KOTA BANDUNG,3273160,BATUNUNGGAL,32.73.12,BATUNUNGGAL,"PT. XL AXIATA, TBK",JL. JAKARTA NO. 73 RT. 05,-6.913833,107.6425278,POLE,15,-,METER,2019
2429,32,JAWA BARAT,3273,KOTA BANDUNG,3273160,BATUNUNGGAL,32.73.12,BATUNUNGGAL,"PT. XL AXIATA, TBK",JL. GUMURUH NO. 87 RT. 01 RW. 06,-6.933889,107.638,3 KAKI,30,-,METER,2019
2430,32,JAWA BARAT,3273,KOTA BANDUNG,3273160,BATUNUNGGAL,32.73.12,BATUNUNGGAL,"PT. XL AXIATA, TBK","JL. JATIMULYA 3 NO. 96, 02,RW. 11",-6.94275,107.6364722,3 KAKI,31,-,METER,2019
2431,32,JAWA BARAT,3273,KOTA BANDUNG,3273040,BOJONGLOA KIDUL,32.73.17,BOJONGLOA KIDUL,"PT. XL AXIATA, TBK","JL. KOMPLEK MUARA (DEPAN NO. 21), SEBELAH KANTOR CAMAT BOJONGLOA KIDUL",-6.941917,107.5974722,4 KAKI,30,-,METER,2019
2432,32,JAWA BARAT,3273,KOTA BANDUNG,3273030,BOJONGLOA KALER,32.73.04,BOJONGLOA KALER,"PT. XL AXIATA, TBK",JL. RAYA WACHID HASYIM (KOPO),-6.941444,107.5882222,3 KAKI,30,-,METER,2019
2433,32,JAWA BARAT,3273,KOTA BANDUNG,3273040,BOJONGLOA KIDUL,32.73.17,BOJONGLOA KIDUL,"PT. XL AXIATA, TBK",JL. SOEKARNO HATTA NO. 162,-6.948222,107.5978611,3 KAKI,15,-,METER,2019
2434,32,JAWA BARAT,3273,KOTA BANDUNG,3273210,CIBEUNYING KIDUL,32.73.14,CIBEUNYING KIDUL,"PT. XL AXIATA, TBK",JL. TUGU ASRI I NO. B8 RT. 05 RW. 013,-6.895778,107.6516389,3 KAKI,30,-,METER,2019
2435,32,JAWA BARAT,3273,KOTA BANDUNG,3273110,CIBIRU,32.73.25,CIBIRU,"PT. XL AXIATA, TBK",JL. RAYA CIPADUNG NO. 159 RT. 03 RW. 10,-6.93475,107.718,4 KAKI,50,-,METER,2019
2436,32,JAWA BARAT,3273,KOTA BANDUNG,3273150,KIARACONDONG,32.73.16,KIARACONDONG,"PT. XL AXIATA, TBK",JL. JEND. A YANI NO. 804 RT. 01 RW. 05,-6.902972,107.6546944,3 KAKI,15,-,METER,2019
2437,32,JAWA BARAT,3273,KOTA BANDUNG,3273210,CIBEUNYING KIDUL,32.73.14,CIBEUNYING KIDUL,"PT. XL AXIATA, TBK",JL. PASIR IMPUN BARAT NO. 35 RT. 04/05,-6.902833,107.6751667,4 KAKI,30,-,METER,2019
2438,32,JAWA BARAT,3273,KOTA BANDUNG,3273190,CICENDO,32.73.06,CICENDO,"PT. XL AXIATA, TBK","JL. PADJADJARAN, PANGKALAN TNI AU BANDARA HUSEIN SASTRANEGARA",-6.903306,107.5723889,4 KAKI,30,-,METER,2019
2439,32,JAWA BARAT,3273,KOTA BANDUNG,3273190,CICENDO,32.73.06,CICENDO,"PT. XL AXIATA, TBK",SMA SMK ANGKASA (LANUD HUSEIN SASTRA NEGARA)  JL. L.M.U. SUPADIO NO. 22  LANUD HUSEIN SASTRA NEGARA,-6.906472,107.5830833,4 KAKI,30,-,METER,2019
2440,32,JAWA BARAT,3273,KOTA BANDUNG,3273190,CICENDO,32.73.06,CICENDO,"PT. XL AXIATA, TBK",STADION PADJAJARAN BANDUNG (KONI JAWA BARAT) JL. PAJAJARAN NO. 37A,-6.907278,107.6013056,POLE,50,-,METER,2019
2441,32,JAWA BARAT,3273,KOTA BANDUNG,3273260,CIDADAP,32.73.08,CIDADAP,"PT. XL AXIATA, TBK",JL. LAPANGAN GOLF DAGO ATAS NO. 78 (PT DAGO ENDAH),-6.868972,107.6238611,POLE,30,-,METER,2019
2442,32,JAWA BARAT,3273,KOTA BANDUNG,3273260,CIDADAP,32.73.08,CIDADAP,"PT. XL AXIATA, TBK",JL. KAMPUNG CIHANJAH NO. 45 RT. 02 RW. 10,-6.857472,107.6109167,4 KAKI,31,-,METER,2019
2443,32,JAWA BARAT,3273,KOTA BANDUNG,3273260,CIDADAP,32.73.08,CIDADAP,"PT. XL AXIATA, TBK","JL. CIUMBULEUIT 179, RT. 01 RW. 07",-6.870889,107.6052222,4 KAKI,50,-,METER,2019
2444,32,JAWA BARAT,3273,KOTA BANDUNG,3273230,COBLONG,32.73.02,COBLONG,"PT. XL AXIATA, TBK",JL. CIHALANG BARU NO. 35,-6.886361,107.61925,4 KAKI,70,-,METER,2019
2445,32,JAWA BARAT,3273,KOTA BANDUNG,3273150,KIARACONDONG,32.73.16,KIARACONDONG,"PT. XL AXIATA, TBK",JL. CIDURIAN BARU 17,-6.9405,107.6545833,4 KAKI,30,-,METER,2019
2446,32,JAWA BARAT,3273,KOTA BANDUNG,3273150,KIARACONDONG,32.73.16,KIARACONDONG,"PT. XL AXIATA, TBK",BALAI JASA KOMP.STASIUN KA KIARACONDONG JL. KIARA CONDONG,-6.923889,107.6441667,4 KAKI,50,-,METER,2019
2447,32,JAWA BARAT,3273,KOTA BANDUNG,3273070,LENGKONG,32.73.13,LENGKONG,"PT. XL AXIATA, TBK",JL. A. YANI NO. 10-12,-6.922111,107.6184444,4 KAKI,15,-,METER,2019
2448,32,JAWA BARAT,3273,KOTA BANDUNG,3273070,LENGKONG,32.73.13,LENGKONG,"PT. XL AXIATA, TBK",JL. GATOT SUBROTO NO. 245,-6.926167,107.6334444,4 KAKI,15,-,METER,2019
2449,32,JAWA BARAT,3273,KOTA BANDUNG,3273070,LENGKONG,32.73.13,LENGKONG,"PT. XL AXIATA, TBK",JL. KLININGAN ASRI NO. 2 RT. 02/05,-6.942444,107.6283333,4 KAKI,30,-,METER,2019
2450,32,JAWA BARAT,3273,KOTA BANDUNG,3273070,LENGKONG,32.73.13,LENGKONG,"PT. XL AXIATA, TBK",JL. BURANGRANG DALAM NO. 45,-6.927639,107.6188056,POLE,30,-,METER,2019
2451,32,JAWA BARAT,3273,KOTA BANDUNG,3273070,LENGKONG,32.73.13,LENGKONG,"PT. XL AXIATA, TBK","JL. WESEL RT. 06 RW. 06, KOMPLEK POS DAN TELEKOMUNIKASI BUAH BATU",-6.940111,107.6217778,4 KAKI,30,-,METER,2019
2452,32,JAWA BARAT,3273,KOTA BANDUNG,3273070,LENGKONG,32.73.13,LENGKONG,"PT. XL AXIATA, TBK","JL. DALEM KAUM NO. 130A, RT. 005 RW. 009",-6.923361,107.6105278,3 KAKI,20,-,METER,2019
2453,32,JAWA BARAT,3273,KOTA BANDUNG,3273090,BUAHBATU,32.73.22,BUAHBATU,"PT. XL AXIATA, TBK",JL. KENCANA WANGI UTARA I NO. 1 RT. 01 RW. 17,-6.958806,107.65225,3 KAKI,30,-,METER,2019
2454,32,JAWA BARAT,3273,KOTA BANDUNG,3273090,BUAHBATU,32.73.22,BUAHBATU,"PT. XL AXIATA, TBK",JL. CIPAGALO GIRANG RT. 02 RW. 03,-6.948472,107.6469722,3 KAKI,30,-,METER,2019
2455,32,JAWA BARAT,3273,KOTA BANDUNG,3273100,RANCASARI,32.73.23,RANCASARI,"PT. XL AXIATA, TBK",JL. RANCA CILI,-6.958417,107.6781389,4 KAKI,70,-,METER,2019
2456,32,JAWA BARAT,3273,KOTA BANDUNG,3273060,REGOL,32.73.11,REGOL,"PT. XL AXIATA, TBK",JL. H. AKSAN CIGERELENG,-6.941389,107.6111111,4 KAKI,30,-,METER,2019
2457,32,JAWA BARAT,3273,KOTA BANDUNG,3273240,SUKAJADI,32.73.07,SUKAJADI,"PT. XL AXIATA, TBK",JL. SUKAJADI NO. 11A RT. 03 RW. 05,-6.895778,107.5971389,4 KAKI,15,-,METER,2019
2458,32,JAWA BARAT,3273,KOTA BANDUNG,3273250,SUKASARI,32.73.01,SUKASARI,"PT. XL AXIATA, TBK",JL. SUKAJADI NO. 174 - 176,-6.885472,107.5972778,POLE,15,-,METER,2019
2459,32,JAWA BARAT,3273,KOTA BANDUNG,3273250,SUKASARI,32.73.01,SUKASARI,"PT. XL AXIATA, TBK",JL. SARI ASIH IV NO. 16 KP. CIJEROHKASO RT. 07 RW. 10,-6.874083,107.57625,4 KAKI,30,-,METER,2019
2460,32,JAWA BARAT,3273,KOTA BANDUNG,3273170,SUMUR BANDUNG,32.73.19,SUMUR BANDUNG,"PT. XL AXIATA, TBK",JL. MERDEKA,-6.914167,107.6120556,4 KAKI,30,-,METER,2019
2461,32,JAWA BARAT,3273,KOTA BANDUNG,3273170,SUMUR BANDUNG,32.73.19,SUMUR BANDUNG,"PT. XL AXIATA, TBK",JL. MENADO NO. 8,-6.913611,107.6214722,3 KAKI,30,-,METER,2019
2462,32,JAWA BARAT,3273,KOTA BANDUNG,3273130,ARCAMANIK,32.73.24,ARCAMANIK,"PT. XL AXIATA, TBK",JL. PURI AYU II ARCAMANIK,-6.923333,107.6757222,3 KAKI,30,-,METER,2019
2463,32,JAWA BARAT,3273,KOTA BANDUNG,3273120,UJUNG BERUNG,32.73.26,UJUNGBERUNG,"PT. XL AXIATA, TBK",JL. UJUNG BERUNG 128,-6.914833,107.7005,3 KAKI,50,-,METER,2019
2464,32,JAWA BARAT,3273,KOTA BANDUNG,0,-,0,-,"PT. XL AXIATA, TBK",JL. JEND. AHMAD YANI NO. 307,-6.912278,107.6276667,POLE,30,-,METER,2019
2465,32,JAWA BARAT,3273,KOTA BANDUNG,3273210,CIBEUNYING KIDUL,32.73.14,CIBEUNYING KIDUL,"PT. XL AXIATA, TBK",JL. DEPOK NO. 16A ANTAPANI,-6.9147,107.657,4 KAKI,30,-,METER,2019
2466,32,JAWA BARAT,3273,KOTA BANDUNG,3273230,COBLONG,32.73.02,COBLONG,"PT. XL AXIATA, TBK",JL. GANECA 7,-6.894222,107.6096944,4 KAKI,15,-,METER,2019
2467,32,JAWA BARAT,3273,KOTA BANDUNG,3273260,CIDADAP,32.73.08,CIDADAP,"PT. XL AXIATA, TBK",JL. SETIABUDI KM 10 POLSEKTA CIDADAP,-6.847,107.599,4 KAKI,50,-,METER,2019
2468,32,JAWA BARAT,3273,KOTA BANDUNG,3273110,CIBIRU,32.73.25,CIBIRU,"PT. XL AXIATA, TBK",JL. PANYILEUKAN V RT. 02/RW. 13,-6.944917,107.708306,3 KAKI,30,-,METER,2019
2469,32,JAWA BARAT,3273,KOTA BANDUNG,3273250,SUKASARI,32.73.01,SUKASARI,"PT. XL AXIATA, TBK",JL. SETIABUDI NO. 170A CIDADAP HEGARMANAH,-6.872583,107.5951111,4 KAKI,15,-,METER,2019
2470,32,JAWA BARAT,3273,KOTA BANDUNG,3273120,UJUNG BERUNG,32.73.26,UJUNGBERUNG,"PT. XL AXIATA, TBK",JL. RUMAH SAKIT KAMP CINAMBO RT. 05/08,-6.923,107.6965,3 KAKI,30,-,METER,2019
2471,32,JAWA BARAT,3273,KOTA BANDUNG,3273030,BOJONGLOA KALER,32.73.04,BOJONGLOA KALER,"PT. XL AXIATA, TBK",JL. JAMIKA NO. 96 RT. 05 RW. 07,-6.921833,107.5834444,3 KAKI,15,-,METER,2019
2472,32,JAWA BARAT,3273,KOTA BANDUNG,3273010,BANDUNG KULON,32.73.15,BANDUNG KULON,"PT. XL AXIATA, TBK",JL. CIBOLERANG BARAT RT. 04 RW. 01,-6.951256,107.56596,4 KAKI,42,-,METER,2019
2473,32,JAWA BARAT,3273,KOTA BANDUNG,3273250,SUKASARI,32.73.01,SUKASARI,"PT. XL AXIATA, TBK",JL. SETIABUDI 249 RT. 02/RW. 04,-6.85727,107.59441,3 KAKI,52,-,METER,2019
2474,32,JAWA BARAT,3273,KOTA BANDUNG,3273080,BANDUNG KIDUL,32.73.21,BANDUNG KIDUL,"PT. XL AXIATA, TBK",JL. TERS. SURATMI KAMPUNG MENGGER RT. 03/02,-6.95706,107.62264,3 KAKI,42,-,METER,2019
2475,32,JAWA BARAT,3273,KOTA BANDUNG,3273210,CIBEUNYING KIDUL,32.73.14,CIBEUNYING KIDUL,"PT. XL AXIATA, TBK",JL. PADASUKA GG.DONGDAK RT. 05 RW. 01,-6.88764,107.66123,4 KAKI,42,-,METER,2019
2476,32,JAWA BARAT,3273,KOTA BANDUNG,3273250,SUKASARI,32.73.01,SUKASARI,"PT. XL AXIATA, TBK",JL. GEGER KALONG GIRANG RT. 05 RW. 06,-6.86205,107.58442,POLE,36,-,METER,2019
2477,32,JAWA BARAT,3273,KOTA BANDUNG,3273010,BANDUNG KULON,32.73.15,BANDUNG KULON,"PT. XL AXIATA, TBK",JL. CIJERAH NO. 111 RT. 08 RW. 04,-6.92094,107.56986,3 KAKI,25,-,METER,2019
2478,32,JAWA BARAT,3273,KOTA BANDUNG,3273030,BOJONGLOA KALER,32.73.04,BOJONGLOA KALER,"PT. XL AXIATA, TBK",JL. BABAKAN TAROGONG NO. 110,-6.9328,107.59279,3 KAKI,25,-,METER,2019
2479,32,JAWA BARAT,3273,KOTA BANDUNG,3273020,BABAKAN CIPARAY,32.73.03,BABAKAN CIPARAY,"PT. XL AXIATA, TBK",JL. PAGARSIH 302,-6.92164,107.58447,3 KAKI,20,-,METER,2019
2480,32,JAWA BARAT,3273,KOTA BANDUNG,3273020,BABAKAN CIPARAY,32.73.03,BABAKAN CIPARAY,"PT. XL AXIATA, TBK",JL. TERUSAN PASIR KOJA 195,-6.92616,107.58829,POLE,36,-,METER,2019
2481,32,JAWA BARAT,3273,KOTA BANDUNG,3273170,SUMUR BANDUNG,32.73.19,SUMUR BANDUNG,"PT. XL AXIATA, TBK",JL. OTO ISKANDARDINATA NO. 43 RT. 07/RW. 02,-6.91615,107.6045,3 KAKI,25,-,METER,2019
2482,32,JAWA BARAT,3273,KOTA BANDUNG,3273200,BANDUNG WETAN,32.73.09,BANDUNG WETAN,"PT. XL AXIATA, TBK",JL. H. JUANDA (DAGO) NO. 3 RT. 01/01,-6.90606,107.61041,POLE,9,-,METER,2019
2483,32,JAWA BARAT,3273,KOTA BANDUNG,3273210,CIBEUNYING KIDUL,32.73.14,CIBEUNYING KIDUL,"PT. XL AXIATA, TBK",JL. SUPRATMAN NO. 6,-6.90558,107.63112,POLE,36,-,METER,2019
2484,32,JAWA BARAT,3273,KOTA BANDUNG,3273240,SUKAJADI,32.73.07,SUKAJADI,"PT. XL AXIATA, TBK",JL. SUKAJADI NO. 180 RT. 08/RW. 02,-6.885,107.59685,POLE,15,-,METER,2019
2485,32,JAWA BARAT,3273,KOTA BANDUNG,3273020,BABAKAN CIPARAY,32.73.03,BABAKAN CIPARAY,"PT. XL AXIATA, TBK",JL. CARINGIN  NO. 287-289 RT. 01/RW. 03,-6.94379,107.57325,3 KAKI,25,-,METER,2019
2486,32,JAWA BARAT,3273,KOTA BANDUNG,3273180,ANDIR,32.73.05,ANDIR,"PT. XL AXIATA, TBK",JL. NURTANIO 115,-6.90896,107.57886,3 KAKI,25,-,METER,2019
2487,32,JAWA BARAT,3273,KOTA BANDUNG,3273260,CIDADAP,32.73.08,CIDADAP,"PT. XL AXIATA, TBK",JL. DR SETIABUDHI 170 F-G,-6.87222,107.59464,3 KAKI,25,-,METER,2019
2488,32,JAWA BARAT,3273,KOTA BANDUNG,3273260,CIDADAP,32.73.08,CIDADAP,"PT. XL AXIATA, TBK",JL. BUKIT RAYA SELATAN 162 RT. 03/RW. 03,-6.86249,107.60639,4 KAKI,52,-,METER,2019
2489,32,JAWA BARAT,3273,KOTA BANDUNG,3273210,CIBEUNYING KIDUL,32.73.14,CIBEUNYING KIDUL,"PT. XL AXIATA, TBK",JL. AHMAD YANI NO. 943 RT. 07/09,-6.90223,107.65671,3 KAKI,25,-,METER,2019
2490,32,JAWA BARAT,3273,KOTA BANDUNG,3273141,ANTAPANI,32.73.20,ANTAPANI,"PT. XL AXIATA, TBK",JL. SARI INDAH VB RT. 07 RW. 13,-6.92168,107.65483,3 KAKI,42,-,METER,2019
2491,32,JAWA BARAT,3273,KOTA BANDUNG,3273090,BUAHBATU,32.73.22,BUAHBATU,"PT. XL AXIATA, TBK",JL. CIWASTRA RT. 04 RW.  01 KEL. MARGASENANG,-6.95865,107.65773,3 KAKI,42,-,METER,2019
2492,32,JAWA BARAT,3273,KOTA BANDUNG,3273040,BOJONGLOA KIDUL,32.73.17,BOJONGLOA KIDUL,"PT. XL AXIATA, TBK",JL. CIPARAY TENGAH NO. 1  RT. 05 RW. 01,-6.96207,107.59291,3 KAKI,42,-,METER,2019
2493,32,JAWA BARAT,3273,KOTA BANDUNG,3273111,PANYILEUKAN,32.73.28,PANYILEUKAN,"PT. XL AXIATA, TBK",JL. MEKAR MULYA,-6.9355,107.6995,POLE,36,-,METER,2019
2494,32,JAWA BARAT,3273,KOTA BANDUNG,3273070,LENGKONG,32.73.13,LENGKONG,"PT. XL AXIATA, TBK",JL. PELAJAR PEJUANG 45,-6.93572,107.625,POLE,9,-,METER,2019
2495,32,JAWA BARAT,3273,KOTA BANDUNG,3273101,GEDEBAGE,32.73.27,GEDEBAGE,"PT. XL AXIATA, TBK",JL. GEDE BAGE SELATAN NO. 167,-6.95372,107.68692,3 KAKI,42,-,METER,2019
2496,32,JAWA BARAT,3273,KOTA BANDUNG,3273010,BANDUNG KULON,32.73.15,BANDUNG KULON,"PT. XL AXIATA, TBK",JL. HOLIS RT. 07 RW. 07,-6.9308,107.57296,3 KAKI,52,-,METER,2019
2497,32,JAWA BARAT,3273,KOTA BANDUNG,3273230,COBLONG,32.73.02,COBLONG,"PT. XL AXIATA, TBK",JL. TUBAGUS ISMAIL GG. CIHEULANG NO. 53 RT. 04/RW. 11,-6.88577,107.61964,4 KAKI,42,-,METER,2019
2498,32,JAWA BARAT,3273,KOTA BANDUNG,3273120,UJUNG BERUNG,32.73.26,UJUNGBERUNG,"PT. XL AXIATA, TBK",JL. CIKOANG KIDUL RT. 04 RW. 04,-6.90543,107.70069,4 KAKI,42,-,METER,2019
2499,32,JAWA BARAT,3273,KOTA BANDUNG,3273220,CIBEUNYING KALER,32.73.18,CIBEUNYING KALER,"PT. XL AXIATA, TBK",JL. LAPANGAN GOLF DAGO ATAS NO. 78,-6.86768,107.62442,4 KAKI,42,-,METER,2019
2500,32,JAWA BARAT,3273,KOTA BANDUNG,3273100,RANCASARI,32.73.23,RANCASARI,"PT. XL AXIATA, TBK",JL. CIPAMOKOLAN NO. 71 RT. 01/RW. 02,-6.94733,107.67649,3 KAKI,42,-,METER,2019
2501,32,JAWA BARAT,3273,KOTA BANDUNG,3273210,CIBEUNYING KIDUL,32.73.14,CIBEUNYING KIDUL,"PT. XL AXIATA, TBK",JL. CIKUTRA NO. 10 RT. 01 / RW. 08,-6.90798,107.64388,3 KAKI,25,-,METER,2019
2502,32,JAWA BARAT,3273,KOTA BANDUNG,3273141,ANTAPANI,32.73.20,ANTAPANI,"PT. XL AXIATA, TBK",JL. SINDANG SARI III RT. 03 RW. 13 KEL ANTAPANI,-6.9087,107.66432,3 KAKI,42,-,METER,2019
2503,32,JAWA BARAT,3273,KOTA BANDUNG,3273120,UJUNG BERUNG,32.73.26,UJUNGBERUNG,"PT. XL AXIATA, TBK",JL. PALEDANG III RT. 04 RW. 06,-6.9118,107.7119,3 KAKI,42,-,METER,2019
2504,32,JAWA BARAT,3273,KOTA BANDUNG,3273190,CICENDO,32.73.06,CICENDO,"PT. XL AXIATA, TBK",JL. BOING KOMPLEK TNI AU SUKARAJA,-6.89499,107.57306,POLE,36,-,METER,2019
2505,32,JAWA BARAT,3273,KOTA BANDUNG,3273220,CIBEUNYING KALER,32.73.18,CIBEUNYING KALER,"PT. XL AXIATA, TBK",JL. GAGAK RT. 01 RW. 03,-6.89721,107.62515,3 KAKI,52,-,METER,2019
2506,32,JAWA BARAT,3273,KOTA BANDUNG,3273260,CIDADAP,32.73.08,CIDADAP,"PT. XL AXIATA, TBK",JL. KAPT. ABDUL HAMID NO. 145 RT. 003 RW. 01,-6.8661,107.59703,POLE,36,-,METER,2019
2507,32,JAWA BARAT,3273,KOTA BANDUNG,3273010,BANDUNG KULON,32.73.15,BANDUNG KULON,"PT. XL AXIATA, TBK",JL. JATI GEMPOL SARI RT. 07 RW. 09,-6.93449,107.55415,3 KAKI,42,-,METER,2019
2508,32,JAWA BARAT,3273,KOTA BANDUNG,3273050,ASTANAANYAR,32.73.10,ASTANA ANYAR,"PT. XL AXIATA, TBK","JLN. KOPO NO. 13 BANDUNG TOKO MAS ""SAE""",-6.92727,107.59805,POLE,12,-,METER,2019
2509,32,JAWA BARAT,3273,KOTA BANDUNG,3273200,BANDUNG WETAN,32.73.09,BANDUNG WETAN,"PT. XL AXIATA, TBK",GRAND HOTEL SERELA JL. LLRE. MARTADINATA (RIAU) NO. 56,-6.90631,107.61998,POLE,9,-,METER,2019
2510,32,JAWA BARAT,3273,KOTA BANDUNG,3273240,SUKAJADI,32.73.07,SUKAJADI,"PT. XL AXIATA, TBK",JL. PASIR KALIKI (HOS COKRO AMINOTO) NO. 237 RT. 002/011,-6.897327,107.597103,POLE,36,-,METER,2019
2511,32,JAWA BARAT,3273,KOTA BANDUNG,3273100,RANCASARI,32.73.23,RANCASARI,"PT. XL AXIATA, TBK",JL. DERWATI NO. 60 RT. 05 RW. 05,-6.96576,107.68476,3 KAKI,42,-,METER,2019
2512,32,JAWA BARAT,3273,KOTA BANDUNG,3273110,CIBIRU,32.73.25,CIBIRU,"PT. XL AXIATA, TBK",BENGKEL CEMERLANG JL. AH. NASUTION NO. 14 RT. 01 RW. 07,-6.92489,107.70982,3 KAKI,42,-,METER,2019
2513,32,JAWA BARAT,3273,KOTA BANDUNG,3273050,ASTANAANYAR,32.73.10,ASTANA ANYAR,"PT. XL AXIATA, TBK",JL. CIBADAK GG. NYI EMPOK NO. 1,-6.92174,107.59381,POLE,36,-,METER,2019
2514,32,JAWA BARAT,3273,KOTA BANDUNG,3273070,LENGKONG,32.73.13,LENGKONG,"PT. XL AXIATA, TBK",JL. PUNGKUR NO. 49 KEL. BALONG GEDE,-6.927046,107.605327,3 KAKI,25,-,METER,2019
2515,32,JAWA BARAT,3273,KOTA BANDUNG,3273070,LENGKONG,32.73.13,LENGKONG,"PT. XL AXIATA, TBK",JL. KETAPANG NO. 4,-6.92172,107.61948,3 KAKI,25,-,METER,2019
2516,32,JAWA BARAT,3273,KOTA BANDUNG,3273070,LENGKONG,32.73.13,LENGKONG,"PT. XL AXIATA, TBK",JL. TERUSAN HALIMUN NO. 37,-6.92649,107.62653,3 KAKI,25,-,METER,2019
2517,32,JAWA BARAT,3273,KOTA BANDUNG,3273160,BATUNUNGGAL,32.73.12,BATUNUNGGAL,"PT. XL AXIATA, TBK",JL. AHMAD YANI NO. 326 RT. 01/ RW. 07,-6.9134,107.63497,3 KAKI,25,-,METER,2019
2518,32,JAWA BARAT,3273,KOTA BANDUNG,3273070,LENGKONG,32.73.13,LENGKONG,PT. PERMATA KARYA PERDANA,JL. KARAPITAN NO. 112 RT. 06 RW. 01,10761688.0,-6.92658,POLE,12,-,METER,2019
2519,32,JAWA BARAT,3273,KOTA BANDUNG,3273070,LENGKONG,32.73.13,LENGKONG,PT. PERMATA KARYA PERDANA,JL. RAYA RT. 06/05,107.61984,-693844.0,POLE,18,-,METER,2019
2520,32,JAWA BARAT,3273,KOTA BANDUNG,3273220,CIBEUNYING KALER,32.73.18,CIBEUNYING KALER,PT. PERMATA KARYA PERDANA,JL. CIGADUNG RAYA TIMUR NO. 42,107.63017,-68898.0,POLE,16,-,METER,2019
2521,32,JAWA BARAT,3273,KOTA BANDUNG,3273100,RANCASARI,32.73.23,RANCASARI,PT. PERMATA KARYA PERDANA,RIUNG HEGAR MANAH RT. 07,107.87898,-694265.0,POLE,18,-,METER,2019
2522,32,JAWA BARAT,3273,KOTA BANDUNG,3273101,GEDEBAGE,32.73.27,GEDEBAGE,PT. PERMATA KARYA PERDANA,JL. GEDEBAGE SELATAN NO. 205 RT. 03/ RW. 01,107.68687,-6.957,POLE,18,-,METER,2019
2523,32,JAWA BARAT,3273,KOTA BANDUNG,3273090,BUAHBATU,32.73.22,BUAHBATU,PT. PERMATA KARYA PERDANA,JL. JUPITER IX RT. 06 RW. 02,107.66022,-6.94584,POLE,18,-,METER,2019
2524,32,JAWA BARAT,3273,KOTA BANDUNG,3273120,UJUNG BERUNG,32.73.26,UJUNGBERUNG,PT. PERMATA KARYA PERDANA,JL. KOSAR RT. 08/ RW. 07,107.69139,-6.90082,POLE,21,-,METER,2019
2525,32,JAWA BARAT,3273,KOTA BANDUNG,3273190,CICENDO,32.73.06,CICENDO,PT. PERMATA KARYA PERDANA,JL. OTO ISKANDAR DINATA NO. 20 RT. 01 RW. 10,107.60425,-6.913734,4 KAKI,21,-,METER,2019
2526,32,JAWA BARAT,3273,KOTA BANDUNG,3273180,ANDIR,32.73.05,ANDIR,PT. PERMATA KARYA PERDANA,JL. L.M NURTANIO RT. 02 RW. 05,107.5783,-6.90904,POLE,11,-,METER,2019
2527,32,JAWA BARAT,3273,KOTA BANDUNG,3273020,BABAKAN CIPARAY,32.73.03,BABAKAN CIPARAY,PT. PERMATA KARYA PERDANA,JL. MAKAM CARINGIN RT. 08 RW. 02,107.58089,-6.96251,POLE,17,-,METER,2019
2528,32,JAWA BARAT,3273,KOTA BANDUNG,3273150,KIARACONDONG,32.73.16,KIARACONDONG,TELKOM,JL. JENDRAL AHMAD YANI,107.64973,-6.905879,KAKI 4,42,-,METER,2019
2529,32,JAWA BARAT,3273,KOTA BANDUNG,3273150,KIARACONDONG,32.73.16,KIARACONDONG,TELKOM,JL. JENDRAL AHMAD YANI,107.649728,-6.906008,KAKI 4,42,-,METER,2019
2530,32,JAWA BARAT,3273,KOTA BANDUNG,3273170,SUMUR BANDUNG,32.73.19,SUMUR BANDUNG,HUTCHINSON,JL. PURNAWARMAN NO. 13-15,107.609093,-6.908396,POLE,10,-,METER,2019
2531,32,JAWA BARAT,3273,KOTA BANDUNG,3273040,BOJONGLOA KIDUL,32.73.17,BOJONGLOA KIDUL,HUTCHINSON,JL. KARASAK NO. 63 RT. 05/RW. 05,107.60626,-6.94988,POLE,9,-,METER,2019
2532,32,JAWA BARAT,3273,KOTA BANDUNG,3273150,KIARACONDONG,32.73.16,KIARACONDONG,HUTCHINSON,JL. CIDURIAN UTARA NO. 110 RT. 01/RW. 09,107.65458,-6.93444,POLE,6,-,METER,2019
2533,32,JAWA BARAT,3273,KOTA BANDUNG,3273200,BANDUNG WETAN,32.73.09,BANDUNG WETAN,HUTCHINSON,JL. MARTADINATA NO. 56,107.619976,-6.906308,POLE,15,-,METER,2019
2534,32,JAWA BARAT,3273,KOTA BANDUNG,3273220,CIBEUNYING KALER,32.73.18,CIBEUNYING KALER,HUTCHINSON,JL. PHH.MUSTAFA NO. 27 RT. 03/RW. 01,107.63696,-6.89808,POLE,9,-,METER,2019
2535,32,JAWA BARAT,3273,KOTA BANDUNG,3273160,BATUNUNGGAL,32.73.12,BATUNUNGGAL,HUTCHINSON,BANDUNG SUPER MALL JL. GATOT SUBROTO 289,107.636639,-6.924972,POLE,15,-,METER,2019
2536,32,JAWA BARAT,3273,KOTA BANDUNG,3273120,UJUNG BERUNG,32.73.26,UJUNGBERUNG,HUTCHINSON,JL. SUKUP NO. 3 RT. 01/RW. 01,107.69244,-6.91172,POLE,12,-,METER,2019
2537,32,JAWA BARAT,3273,KOTA BANDUNG,3273060,REGOL,32.73.11,REGOL,HUTCHINSON,JL. OTISTA NO. 347 RT. 01/RW. 03,107.60392,-6.92611,POLE,15,-,METER,2019
2538,32,JAWA BARAT,3273,KOTA BANDUNG,3273030,BOJONGLOA KALER,32.73.04,BOJONGLOA KALER,HUTCHINSON,JL. PETA NO. 25E RT. 03/RW. 06,107.58629,-6.92727,POLE,12,-,METER,2019
2539,32,JAWA BARAT,3273,KOTA BANDUNG,3273170,SUMUR BANDUNG,32.73.19,SUMUR BANDUNG,HUTCHINSON,HOTEL NEWTON JL. RE. MARTADINATA,107.62996,-6.91482,POLE,6,-,METER,2019
2540,32,JAWA BARAT,3273,KOTA BANDUNG,3273150,KIARACONDONG,32.73.16,KIARACONDONG,HUTCHINSON,JL. KIARA CONDONG NO. 309 RT. 07/RW. 02,107.64406,-6.93079,KAKI 3,30,-,METER,2019
2541,32,JAWA BARAT,3273,KOTA BANDUNG,3273070,LENGKONG,32.73.13,LENGKONG,HUTCHINSON,JL. LENGKONG BESAR NO. 74 (BARU NO. 64) RT. 01/RW. 05,107.61256,-6.92829,KAKI 4,20,-,METER,2019
2542,32,JAWA BARAT,3273,KOTA BANDUNG,3273070,LENGKONG,32.73.13,LENGKONG,HUTCHINSON,JL. PELAJAR PEJUANG 45 NO. 95 RT. 03/RW. 01,107.62624,-6.93139,KAKI 4,36,-,METER,2019
2543,32,JAWA BARAT,3273,KOTA BANDUNG,3273130,ARCAMANIK,32.73.24,ARCAMANIK,HUTCHINSON,KOMP. GADING REGENCY BLOK AII NO. 7 RT. 02/RW. 03,107.67123,-6.93761,POLE,12,-,METER,2019
2544,32,JAWA BARAT,3273,KOTA BANDUNG,3273142,MANDALAJATI,32.73.30,MANDALAJATI,HUTCHINSON,JL. A.YANI NO. 868,107.65968,-6.90208,KAKI 4,20,-,METER,2019
2545,32,JAWA BARAT,3273,KOTA BANDUNG,3273260,CIDADAP,32.73.08,CIDADAP,HUTCHINSON,JL. KAPTEN ABDUL HAMID NO. 56 RT. 03/RW. 06,107.59586,-6.86545,KAKI 4,25,-,METER,2019
2546,32,JAWA BARAT,3273,KOTA BANDUNG,3273160,BATUNUNGGAL,32.73.12,BATUNUNGGAL,HUTCHINSON,JL. GATOT SUBROTO NO. 289,107.63715,-6.92533,POLE,6,-,METER,2019
2547,32,JAWA BARAT,3273,KOTA BANDUNG,3273080,BANDUNG KIDUL,32.73.21,BANDUNG KIDUL,HUTCHINSON,BABAKAN KAREES RT. 05/RW. 04,107.63448,-6.9623,POLE,9,-,METER,2019
2548,32,JAWA BARAT,3273,KOTA BANDUNG,3273070,LENGKONG,32.73.13,LENGKONG,HUTCHINSON,JL. JEND. GATOT SUBROTO NO. 30 RT. 07/RW. 07,107.62172,-6.9232,POLE,10,-,METER,2019
2549,32,JAWA BARAT,3273,KOTA BANDUNG,3273130,ARCAMANIK,32.73.24,ARCAMANIK,HUTCHINSON,JL. TERUSAN CISARANTEN KULON NO. 5 RT. 06/RW. 07,107.67711,-6.93689,POLE,12,-,METER,2019
2550,32,JAWA BARAT,3273,KOTA BANDUNG,3273260,CIDADAP,32.73.08,CIDADAP,NARAGITA,JL. CIKENDI NO. 10,107.60209,-6.87607,KAKI 3,31,-,METER,2019
2551,32,JAWA BARAT,3273,KOTA BANDUNG,3273250,SUKASARI,32.73.01,SUKASARI,NARAGITA,JL. SARIASIH BLOK 1 NO. 2A,107.58003,-6.87654,KAKI 3,17,-,METER,2019
2552,32,JAWA BARAT,3273,KOTA BANDUNG,3273240,SUKAJADI,32.73.07,SUKAJADI,NARAGITA,JL. JURANG NO. 65 RT. 02/05,107.60039,-6.8869,POLE,25,-,METER,2019
2553,32,JAWA BARAT,3273,KOTA BANDUNG,3273110,CIBIRU,32.73.25,CIBIRU,NARAGITA,JL. DESA CIBIRU WETAN,107.73625,-6.9154,POLE,12,-,METER,2019
2554,32,JAWA BARAT,3273,KOTA BANDUNG,3273090,BUAHBATU,32.73.22,BUAHBATU,NARAGITA,JL. MARGAWANGI RAYA 1 NO. 3 RT. 03/04,107.65203,-6.96254,POLE,36,-,METER,2019
2555,32,JAWA BARAT,3273,KOTA BANDUNG,3273060,REGOL,32.73.11,REGOL,NARAGITA,JL. MENGGER GIRANG I NO. 39 RT. 13/08,107.615905,-6.95178,POLE,30,-,METER,2019
2556,32,JAWA BARAT,3273,KOTA BANDUNG,3273150,KIARACONDONG,32.73.16,KIARACONDONG,NARAGITA,JL. KAMPUS KOTA BANDUNG,107.64954,-6.92473,POLE,30,-,METER,2019
2557,32,JAWA BARAT,3273,KOTA BANDUNG,3273141,ANTAPANI,32.73.20,ANTAPANI,NARAGITA,AN. JL. KAWALUYAAN INDAH 17 NO. 28,107.65985,-6.93136,POLE,36,-,METER,2019
2558,32,JAWA BARAT,3273,KOTA BANDUNG,3273141,ANTAPANI,32.73.20,ANTAPANI,NARAGITA,JL. KAWALUYAAN INDAH 17 NO. 28,107.65985,-6.93136,POLE,36,-,METER,2019
2559,32,JAWA BARAT,3273,KOTA BANDUNG,3273170,SUMUR BANDUNG,32.73.19,SUMUR BANDUNG,NARAGITA,GEDUNG WISATA GRAHA (REGENT) JL. SUMATERA NO. 2,107.61336,-6.91802,KAKI 4,42,-,METER,2019
2560,32,JAWA BARAT,3273,KOTA BANDUNG,3273170,SUMUR BANDUNG,32.73.19,SUMUR BANDUNG,NARAGITA,BALAI KOTA JL. WASTUKENCANA NO. 2,107.6104,-6.9101,POLE,6,-,METER,2019
2561,32,JAWA BARAT,3273,KOTA BANDUNG,3273170,SUMUR BANDUNG,32.73.19,SUMUR BANDUNG,NARAGITA,KOMP. SEGITIGA MAS KOSAMBI KAV. B-7 JL. A. YANI 221-223,107.6264,-6.91741,KAKI 3,31,-,METER,2019
2562,32,JAWA BARAT,3273,KOTA BANDUNG,3273200,BANDUNG WETAN,32.73.09,BANDUNG WETAN,NARAGITA,JL. TAMAN CIBEUNYING,107.62495,-6.90634,POLE,6,-,METER,2019
2563,32,JAWA BARAT,3273,KOTA BANDUNG,3273230,COBLONG,32.73.02,COBLONG,NARAGITA,JL. TERMINAL SADANG SERANG RT. 06/19,107.62608,-6.89196,POLE,6,-,METER,2019
2564,32,JAWA BARAT,3273,KOTA BANDUNG,3273060,REGOL,32.73.11,REGOL,NARAGITA,JL. CIATEUL TENGAH NO. 22 RT. 08 RW. 06,107.60992,-6.93095,POLE,6,-,METER,2019
2565,32,JAWA BARAT,3273,KOTA BANDUNG,3273130,ARCAMANIK,32.73.24,ARCAMANIK,NARAGITA,JL. TERUSAN CIKAJANG RT. 01/03,107.66925,-6.92333,POLE,30,-,METER,2019
2566,32,JAWA BARAT,3273,KOTA BANDUNG,3273200,BANDUNG WETAN,32.73.09,BANDUNG WETAN,NARAGITA,JL. CILAKI DEPAN GEDUNG KANTAR POS GEDUNG SATE,107.62003,-6.9018,KAKI 3,25,-,METER,2019
2567,32,JAWA BARAT,3273,KOTA BANDUNG,3273142,MANDALAJATI,32.73.30,MANDALAJATI,NARAGITA,JL. TENGAH RT. 01/17,107.55518,-6.97425,KAKI 4,42,-,METER,2019
2568,32,JAWA BARAT,3273,KOTA BANDUNG,3273020,BABAKAN CIPARAY,32.73.03,BABAKAN CIPARAY,NARAGITA,JL. KOPO NO. 619 KOPO MAS REGENCY BLOK N NO. 10 A RT. 02/01,107.57861,-6.95807,POLE,30,-,METER,2019
2569,32,JAWA BARAT,3273,KOTA BANDUNG,3273020,BABAKAN CIPARAY,32.73.03,BABAKAN CIPARAY,NARAGITA,JL. KOPO NO. 619 KOPO MAS REGENCY BLOK N NO. 10 A RT. 02/01,107.57861,-6.95807,KAKI 3,17,-,METER,2019
2570,32,JAWA BARAT,3273,KOTA BANDUNG,3273020,BABAKAN CIPARAY,32.73.03,BABAKAN CIPARAY,NARAGITA,JL. KOPO NO. 619 KOPO MAS REGENCY BLOK N NO. 10 A RT.  02/01,107.57861,-6.95807,POLE,15,-,METER,2019
2571,32,JAWA BARAT,3273,KOTA BANDUNG,3273020,BABAKAN CIPARAY,32.73.03,BABAKAN CIPARAY,NARAGITA,JL. KOPO NO. 619 KOPO MAS REGENCY BLOK N NO. 10 A RT. 02/10,107.57861,-6.95807,POLE,6,-,METER,2019
2572,32,JAWA BARAT,3273,KOTA BANDUNG,3273020,BABAKAN CIPARAY,32.73.03,BABAKAN CIPARAY,NARAGITA,JL. CARINGIN NO. 141 RT. 04/03,107.58089,-6.94251,POLE,9,-,METER,2019
2573,32,JAWA BARAT,3273,KOTA BANDUNG,3273180,ANDIR,32.73.05,ANDIR,PT. PROTELINDO,JL. BABAKAN CIANJUR GG. SEDAP MALAM II RT 03 RW 07,107.56534,-6.89375,MONOPOLE,18,-,METER,2020
2574,32,JAWA BARAT,3273,KOTA BANDUNG,3273180,ANDIR,32.73.05,ANDIR,"PT. PROTELINDO, TBK",JL. CIROYOM RT 01 RW  02,107.57959,-6.90861,POLE,12,-,METER,2020
2575,32,JAWA BARAT,3273,KOTA BANDUNG,3273180,ANDIR,32.73.05,ANDIR,"PT. PROTELINDO, TBK",JL. KEBONJATI NO. 254 RT 01 RW  03,107.59197,-6.91633,POLE,12,-,METER,2020
2576,32,JAWA BARAT,3273,KOTA BANDUNG,3273180,ANDIR,32.73.05,ANDIR,"PT. PROTELINDO, TBK",JL. GG. H. SAID NO. 29,107.56268,-6.89798,POLE,12,-,METER,2020
2577,32,JAWA BARAT,3273,KOTA BANDUNG,3273180,ANDIR,32.73.05,ANDIR,"PT. PROTELINDO, TBK",KING GARDEN HOTEL JL. GARDU JATI NO. 81-83 RT 02/07,107.59788,-6.9174,POLE,6,-,METER,2020
2578,32,JAWA BARAT,3273,KOTA BANDUNG,3273180,ANDIR,32.73.05,ANDIR,"PT. PROTELINDO, TBK",JL. DULATIP NO. 1B,107.602,-6.92027,3 KAKI,20,-,METER,2020
2579,32,JAWA BARAT,3273,KOTA BANDUNG,3273180,ANDIR,32.73.05,ANDIR,"PT. PROTELINDO, TBK",TERMINAL CIROYOM,107.58797,-6.91424,3 KAKI,26,-,METER,2020
2580,32,JAWA BARAT,3273,KOTA BANDUNG,3273180,ANDIR,32.73.05,ANDIR,"PT. PROTELINDO, TBK",RAJAWALI PLAZA JL. RAJAWALI TIMUR NO.  52 RT / RW  05,107.58836,-6.91585,4 KAKI,30,-,METER,2020
2581,32,JAWA BARAT,3273,KOTA BANDUNG,3273180,ANDIR,32.73.05,ANDIR,DAYA MITRA TELEKOMUNIKASI,JL. RAJAWALI TIMUR,107.5834171,-6.9150906,POLE,6,-,METER,2020
2582,32,JAWA BARAT,3273,KOTA BANDUNG,3273180,ANDIR,32.73.05,ANDIR,DAYA MITRA TELEKOMUNIKASI,JL. CIROYOM (PASAR CIROYOM),107.587172,-6.914056,POLE,9,-,METER,2020
2583,32,JAWA BARAT,3273,KOTA BANDUNG,3273180,ANDIR,32.73.05,ANDIR,DAYA MITRA TELEKOMUNIKASI,JL. GARUDA NO. 108,107.578507,-6.908318,POLE,12,-,METER,2020
2584,32,JAWA BARAT,3273,KOTA BANDUNG,3273180,ANDIR,32.73.05,ANDIR,"PT. INDOSAT, TBK",KEBON JATI 254B,107.591793,-6.91613,4 KAKI,32,-,METER,2020
2585,32,JAWA BARAT,3273,KOTA BANDUNG,3273180,ANDIR,32.73.05,ANDIR,"PT. INDOSAT, TBK",JL. GARDUJATI 55-61 (40181),107.597633,-6.918203,4 KAKI,15,-,METER,2020
2586,32,JAWA BARAT,3273,KOTA BANDUNG,3273180,ANDIR,32.73.05,ANDIR,PT. TOWER BERSAMA GROUP,JL. DULATIF,107.602,-6.91665,POLE,12,-,METER,2020
2587,32,JAWA BARAT,3273,KOTA BANDUNG,3273180,ANDIR,32.73.05,ANDIR,PT. TOWER BERSAMA GROUP,JL. GARDU JATI NO. 6 BANDUNG,107.598,-6.91736,POLE,6,-,METER,2020
2588,32,JAWA BARAT,3273,KOTA BANDUNG,3273180,ANDIR,32.73.05,ANDIR,PT. TOWER BERSAMA GROUP,JL. RAJAWALI TIMUR NO. 11 RT 08/06,107.585,-6.91599,POLE,12,-,METER,2020
2589,32,JAWA BARAT,3273,KOTA BANDUNG,3273180,ANDIR,32.73.05,ANDIR,PT. TOWER BERSAMA GROUP,JL. RAJAWALI TIMUR NO. 167 RT 08/10,107.583,-6.91511,4 KAKI,20,-,METER,2020
2590,32,JAWA BARAT,3273,KOTA BANDUNG,3273180,ANDIR,32.73.05,ANDIR,PT. TOWER BERSAMA GROUP,JL. SAPTA MARGA,107.566,-6.90001,4 KAKI,30,-,METER,2020
2591,32,JAWA BARAT,3273,KOTA BANDUNG,3273180,ANDIR,32.73.05,ANDIR,PT. SOLUSI TUNAS PRATAMA,JL. JEND. SUDIRMAN NO. 656,107.57555,-6.91718,4 KAKI,25,-,METER,2020
2592,32,JAWA BARAT,3273,KOTA BANDUNG,3273180,ANDIR,32.73.05,ANDIR,PT. SOLUSI TUNAS PRATAMA,JL. KEBONJATI NO.  222,107.59353,-6.91636,POLE,20,-,METER,2020
2593,32,JAWA BARAT,3273,KOTA BANDUNG,3273180,ANDIR,32.73.05,ANDIR,PT. SOLUSI TUNAS PRATAMA,JL. CIBEREUM NO. 14 RT  01 / RW  01,107.5685278,-6.907916667,3 KAKI,31,-,METER,2020
2594,32,JAWA BARAT,3273,KOTA BANDUNG,3273180,ANDIR,32.73.05,ANDIR,PT. SOLUSI TUNAS PRATAMA,JL. HALTEA SELATAN RT 07 RW  03,107.57837,-6.9151,POLE,20,-,METER,2020
2595,32,JAWA BARAT,3273,KOTA BANDUNG,3273180,ANDIR,32.73.05,ANDIR,PT. SOLUSI TUNAS PRATAMA,JL. MALEBER BARAT NO. 52 RT 04 RW  03,107.57122,-6.90765,POLE,12,-,METER,2020
2596,32,JAWA BARAT,3273,KOTA BANDUNG,3273180,ANDIR,32.73.05,ANDIR,PT. TELKOMSEL,JL. CIBADAK NO. 336,107.592893,-6.919689,3 KAKI,9,-,METER,2020
2597,32,JAWA BARAT,3273,KOTA BANDUNG,3273180,ANDIR,32.73.05,ANDIR,PT. TELKOMSEL,JL. JENDRAL SUDIRMAN,107.586235,-6.91879,POLE ROOFTOP,9,-,METER,2020
2598,32,JAWA BARAT,3273,KOTA BANDUNG,3273180,ANDIR,32.73.05,ANDIR,PT. TELKOMSEL,JL. RAJAWALI,107.575638,-6.913096,4 KAKI,52,-,METER,2020
2599,32,JAWA BARAT,3273,KOTA BANDUNG,3273180,ANDIR,32.73.05,ANDIR,PT. TELKOMSEL,JL. SUDIRMAN NO. 66-68 B,107.601,-6.92046,POLE,6,-,METER,2020
2600,32,JAWA BARAT,3273,KOTA BANDUNG,3273180,ANDIR,32.73.05,ANDIR,PT. TELKOMSEL,JL. MALEBER UTARA NO.  12 RT 06/06,107.574348,-6.902373,POLE,4,-,METER,2020
2601,32,JAWA BARAT,3273,KOTA BANDUNG,3273180,ANDIR,32.73.05,ANDIR,PT. TELKOMSEL,JL. MALEBER UTARA NO.  12,107.5758,-6.90594,POLE,6,-,METER,2020
2602,32,JAWA BARAT,3273,KOTA BANDUNG,3273180,ANDIR,32.73.05,ANDIR,PT. TELKOMSEL,JL. JENDRAL SUDIRMAN NO. 386 RT  01 RW  03,107.589329,-6.918997,POLE,6,-,METER,2020
2603,32,JAWA BARAT,3273,KOTA BANDUNG,3273180,ANDIR,32.73.05,ANDIR,PT. CENTRATAMA MENARA INDONESIA,JL. JEND. SUDIRMAN NO. 214 RT 05 RW 07,107.59634,-6.91979,4 KAKI,20,-,METER,2020
2604,32,JAWA BARAT,3273,KOTA BANDUNG,3273180,ANDIR,32.73.05,ANDIR,PT. CENTRATAMA MENARA INDONESIA,PT. ATANAKA PERSADA PERMAI (KIOS LT.P8A NO. 05) JL. OTO ISKANDARDINATA NO. 70 BANDUNG 40181,107.60331,-6.91782,POLE,3,-,METER,2020
2605,32,JAWA BARAT,3273,KOTA BANDUNG,3273180,ANDIR,32.73.05,ANDIR,"PT. XL AXIATA, TBK",JL. RA.BARNAS 189B/77,-6.914361111,107.5787222,4 KAKI,30,-,METER,2020
2606,32,JAWA BARAT,3273,KOTA BANDUNG,3273180,ANDIR,32.73.05,ANDIR,"PT. XL AXIATA, TBK",JL. NURTANIO 115,-6.90896,107.57886,3 KAKI,25,-,METER,2020
2607,32,JAWA BARAT,3273,KOTA BANDUNG,3273180,ANDIR,32.73.05,ANDIR,PT. PERMATA KARYA PERDANA,JL. L.M NURTANIO RT 02 RW  05,107.5783,-6.90904,POLE,11,-,METER,2020
2608,32,JAWA BARAT,3273,KOTA BANDUNG,3273141,ANTAPANI,32.73.20,ANTAPANI,"PT. PROTELINDO, TBK",JL. SINDANG SARI III NO. 5A,107.66393,-6.91036,4 KAKI,18,-,METER,2020
2609,32,JAWA BARAT,3273,KOTA BANDUNG,3273141,ANTAPANI,32.73.20,ANTAPANI,"PT. PROTELINDO, TBK",JL. CIBODAS NO. 7 RT  06 RW  08,107.66277,-6.91985,POLE,18,-,METER,2020
2610,32,JAWA BARAT,3273,KOTA BANDUNG,3273141,ANTAPANI,32.73.20,ANTAPANI,"PT. PROTELINDO, TBK",JL. TERUSAN JAKARTA NO. 184 RT 01/14,107.66167,-6.91433,POLE,6,-,METER,2020
2611,32,JAWA BARAT,3273,KOTA BANDUNG,3273141,ANTAPANI,32.73.20,ANTAPANI,"PT. PROTELINDO, TBK",JL. CIBODAS,107.66462,-6.92447,4 KAKI,30,-,METER,2020
2612,32,JAWA BARAT,3273,KOTA BANDUNG,3273141,ANTAPANI,32.73.20,ANTAPANI,"PT. INDOSAT, TBK",TERUSAN JAKARTA RT 03/07,107.659865,-6.913443,POLE,31,-,METER,2020
2613,32,JAWA BARAT,3273,KOTA BANDUNG,3273141,ANTAPANI,32.73.20,ANTAPANI,"PT. INDOSAT, TBK",JI. TERUSAN JAKARTA NO. 53 RT 01/12 GANG SUKAKARYA (BORMA ANTAPANI),107.6491489,-6.9119167,POLE,30,-,METER,2020
2614,32,JAWA BARAT,3273,KOTA BANDUNG,3273141,ANTAPANI,32.73.20,ANTAPANI,PT. TOWER BERSAMA GROUP,JL. CIBODAS,107.664,-6.92486,4 KAKI,53,-,METER,2020
2615,32,JAWA BARAT,3273,KOTA BANDUNG,3273141,ANTAPANI,32.73.20,ANTAPANI,PT. TOWER BERSAMA GROUP,JL. SINDANG SARI RT 03/09 (JL. CIHARU KUKU),107.663,-6.91189,4 KAKI,36,-,METER,2020
2616,32,JAWA BARAT,3273,KOTA BANDUNG,3273141,ANTAPANI,32.73.20,ANTAPANI,PT. TOWER BERSAMA GROUP,JL. RANDU SARI RAYA,107.661,-6.92627,4 KAKI,46,-,METER,2020
2617,32,JAWA BARAT,3273,KOTA BANDUNG,3273141,ANTAPANI,32.73.20,ANTAPANI,PT. TOWER BERSAMA GROUP,JL. TERUSAN JAKARTA 112,107.655,-6.91275,POLE,6,-,METER,2020
2618,32,JAWA BARAT,3273,KOTA BANDUNG,3273141,ANTAPANI,32.73.20,ANTAPANI,PT. TELKOMSEL,JL. CIBODAS RAYA,107.665087,-6.926198,4 KAKI,52,-,METER,2020
2619,32,JAWA BARAT,3273,KOTA BANDUNG,3273141,ANTAPANI,32.73.20,ANTAPANI,PT. TELKOMSEL,JL. CIKAMPEK RAYA,107.657434,-6.916226,4 KAKI,42,-,METER,2020
2620,32,JAWA BARAT,3273,KOTA BANDUNG,3273141,ANTAPANI,32.73.20,ANTAPANI,PT. TELKOMSEL,JL. SUKANAGARA,107.66,-6.9214,POLE ROOFTOP,15,ROOFTOP TOWER,METER,2020
2621,32,JAWA BARAT,3273,KOTA BANDUNG,3273141,ANTAPANI,32.73.20,ANTAPANI,PT. TELKOMSEL,KOMP. ANTAPANI MAS NO.  B-18 RT 05/017,107.662,-6.92858,POLE,4,-,METER,2020
2622,32,JAWA BARAT,3273,KOTA BANDUNG,3273141,ANTAPANI,32.73.20,ANTAPANI,PT. TELKOMSEL,JL. ANTAPANI LAMA NO. 8 RT 02 RW 03,107.6582,-6.9083,POLE,6,-,METER,2020
2623,32,JAWA BARAT,3273,KOTA BANDUNG,3273141,ANTAPANI,32.73.20,ANTAPANI,PT. TELKOMSEL,JL. LIO GIRANG RT 04 RW 07,107.67423,-6.93595,POLE,6,-,METER,2020
2624,32,JAWA BARAT,3273,KOTA BANDUNG,3273141,ANTAPANI,32.73.20,ANTAPANI,PT. TELKOMSEL,JL. PURWAKARTA NO. 13,107.65287,-6.91471,POLE,6,-,METER,2020
2625,32,JAWA BARAT,3273,KOTA BANDUNG,3273141,ANTAPANI,32.73.20,ANTAPANI,PT. TELKOMSEL,JL. KALIJATI INDAH SELATAN NO. 8 RT 05 RW 05,107.655831,-6.909508,POLE,6,-,METER,2020
2626,32,JAWA BARAT,3273,KOTA BANDUNG,3273141,ANTAPANI,32.73.20,ANTAPANI,PT. TELKOMSEL,JL. SENTRA DAGO TIMUR RAYA NO. 14,107.66048,-6.91017,POLE,4,-,METER,2020
2627,32,JAWA BARAT,3273,KOTA BANDUNG,3273141,ANTAPANI,32.73.20,ANTAPANI,PT. TELKOMSEL,JL. SINDANGSARI I RT  03 RW  08,107.664626,-6.907735,POLE,6,-,METER,2020
2628,32,JAWA BARAT,3273,KOTA BANDUNG,3273141,ANTAPANI,32.73.20,ANTAPANI,PT. TELKOMSEL,JL. TERUSAN JAKARTA NO. 290,107.664421,-6.914441,POLE,6,-,METER,2020
2629,32,JAWA BARAT,3273,KOTA BANDUNG,3273141,ANTAPANI,32.73.20,ANTAPANI,PT. CENTRATAMA MENARA INDONESIA,JL. KADIPATEN RAYA 9 NO. 2 RT 05 RW  01,107.655306,-6.918444,POLE,12,-,METER,2020
2630,32,JAWA BARAT,3273,KOTA BANDUNG,3273141,ANTAPANI,32.73.20,ANTAPANI,PT. CENTRATAMA MENARA INDONESIA,JL. PARAKAN SAAT RT 01 RW  23,107.66738,-6.92716,POLE,18,-,METER,2020
2631,32,JAWA BARAT,3273,KOTA BANDUNG,3273141,ANTAPANI,32.73.20,ANTAPANI,"PT. XL AXIATA, TBK",JL. SARI INDAH VB RT 07 RW 13,-6.92168,107.65483,3 KAKI,42,-,METER,2020
2632,32,JAWA BARAT,3273,KOTA BANDUNG,3273141,ANTAPANI,32.73.20,ANTAPANI,"PT. XL AXIATA, TBK",JL. SINDANG SARI III RT 03 RW 13,-6.9087,107.66432,3 KAKI,42,-,METER,2020
2633,32,JAWA BARAT,3273,KOTA BANDUNG,3273141,ANTAPANI,32.73.20,ANTAPANI,NARAGITA,AN. JL. KAWALUYAAN INDAH 17 NO. 28,107.65985,-6.93136,POLE,36,-,METER,2020
2634,32,JAWA BARAT,3273,KOTA BANDUNG,3273141,ANTAPANI,32.73.20,ANTAPANI,NARAGITA,JL. KAWALUYAAN INDAH 17 NO. 28,107.65985,-6.93136,POLE,36,-,METER,2020
2635,32,JAWA BARAT,3273,KOTA BANDUNG,3273141,ANTAPANI,32.73.20,ANTAPANI,PT. SOLUSI TUNAS PRATAMA,JL. BABAKAN SARI NO.  86/135 RT 04/RW 06,107.65988,-6.92658,3 KAKI,32,-,METER,2020
2636,32,JAWA BARAT,3273,KOTA BANDUNG,3273130,ARCAMANIK,32.73.24,ARCAMANIK,PT. PROTELINDO,JL. KOMP. CISARANTEN INDAH NO. 46/170 RT 03 RW  01,107.6843,-6.91926,MONOPOLE,25,-,METER,2020
2637,32,JAWA BARAT,3273,KOTA BANDUNG,3273130,ARCAMANIK,32.73.24,ARCAMANIK,"PT. PROTELINDO, TBK",JL. CISANTERN BARU  RT /RW  06/01 KODE POS 40293,107.67975,-6.91872,3 KAKI,45,-,METER,2020
2638,32,JAWA BARAT,3273,KOTA BANDUNG,3273130,ARCAMANIK,32.73.24,ARCAMANIK,"PT. PROTELINDO, TBK",JL. CINGISED RAYA GANG ULIL ALBAB NO. 1 RT 03 RW  16 KODE POS 40293,107.67297,-6.92879,3 KAKI,30,-,METER,2020
2639,32,JAWA BARAT,3273,KOTA BANDUNG,3273130,ARCAMANIK,32.73.24,ARCAMANIK,"PT. PROTELINDO, TBK",JL. PASAR SINDANGLAYA II RT 01 RW  01,107.68029,-6.90543,POLE,30,-,METER,2020
2640,32,JAWA BARAT,3273,KOTA BANDUNG,3273130,ARCAMANIK,32.73.24,ARCAMANIK,"PT. PROTELINDO, TBK",JL. PESANTREN RT  01 RW  011,107.6785,-6.90915,POLE,6,-,METER,2020
2641,32,JAWA BARAT,3273,KOTA BANDUNG,3273130,ARCAMANIK,32.73.24,ARCAMANIK,"PT. PROTELINDO, TBK",JL. ATLETIK II NO.  27 RT 03 RW 13 KODE POS 40293,107.67219,-6.91924,3 KAKI,42,-,METER,2020
2642,32,JAWA BARAT,3273,KOTA BANDUNG,3273130,ARCAMANIK,32.73.24,ARCAMANIK,"PT. PROTELINDO, TBK",JL. TERUSAN JAKARTA NO. 280,107.66743,-6.91604,4 KAKI,31,-,METER,2020
2643,32,JAWA BARAT,3273,KOTA BANDUNG,3273130,ARCAMANIK,32.73.24,ARCAMANIK,DAYA MITRA TELEKOMUNIKASI,JL. CISARANTEN KULON,107.678806,-6.934835,POLE,15,-,METER,2020
2644,32,JAWA BARAT,3273,KOTA BANDUNG,3273130,ARCAMANIK,32.73.24,ARCAMANIK,DAYA MITRA TELEKOMUNIKASI,JL. PERMATA TAMAN SARI RAYA RT 11,107.679689,-6.917863,POLE,15,-,METER,2020
2645,32,JAWA BARAT,3273,KOTA BANDUNG,3273130,ARCAMANIK,32.73.24,ARCAMANIK,DAYA MITRA TELEKOMUNIKASI,JL. BANJARSARI INDAH A-IF RT 03/RW 015,107.667069,-6.919414,POLE,6,-,METER,2020
2646,32,JAWA BARAT,3273,KOTA BANDUNG,3273130,ARCAMANIK,32.73.24,ARCAMANIK,"PT. INDOSAT, TBK",CISARANTEN KULON NO. 223 (PANCA TENGAH),107.681965,-6.929318,4 KAKI,42,-,METER,2020
2647,32,JAWA BARAT,3273,KOTA BANDUNG,3273130,ARCAMANIK,32.73.24,ARCAMANIK,"PT. INDOSAT, TBK",JL. PAWENANG II RT 03/06,107.688677,-6.910188,4 KAKI,52,-,METER,2020
2648,32,JAWA BARAT,3273,KOTA BANDUNG,3273130,ARCAMANIK,32.73.24,ARCAMANIK,"PT. INDOSAT, TBK",SEMBRANI NO. 7,107.672181,-6.90732,4 KAKI,32,-,METER,2020
2649,32,JAWA BARAT,3273,KOTA BANDUNG,3273130,ARCAMANIK,32.73.24,ARCAMANIK,PT. TOWER BERSAMA GROUP,JL. CICUKANG,-6.91333,107.684,3 KAKI,31,-,METER,2020
2650,32,JAWA BARAT,3273,KOTA BANDUNG,3273130,ARCAMANIK,32.73.24,ARCAMANIK,PT. TOWER BERSAMA GROUP,JL. PERMATA BUMI RAYA,107.682,-6.92041,4 KAKI,52,-,METER,2020
2651,32,JAWA BARAT,3273,KOTA BANDUNG,3273130,ARCAMANIK,32.73.24,ARCAMANIK,PT. TOWER BERSAMA GROUP,JL. PANCA TENGAH 1,107.682,-6.92937,MCP,20,-,METER,2020
2652,32,JAWA BARAT,3273,KOTA BANDUNG,3273130,ARCAMANIK,32.73.24,ARCAMANIK,PT. TOWER BERSAMA GROUP,JL. CISARANTEN,107.68,-6.93186,4 KAKI,55,-,METER,2020
2653,32,JAWA BARAT,3273,KOTA BANDUNG,3273130,ARCAMANIK,32.73.24,ARCAMANIK,PT. TOWER BERSAMA GROUP,JL. PERMATA PERMAI,107.677,-6.92327,4 KAKI,32,-,METER,2020
2654,32,JAWA BARAT,3273,KOTA BANDUNG,3273130,ARCAMANIK,32.73.24,ARCAMANIK,PT. TOWER BERSAMA GROUP,JL. PARAKAN SAAT NO. 5 RT )2/11,107.669,-6.93204,3 KAKI,31,-,METER,2020
2655,32,JAWA BARAT,3273,KOTA BANDUNG,3273130,ARCAMANIK,32.73.24,ARCAMANIK,PT. SOLUSI TUNAS PRATAMA,JL. TERUSAN CISARANTEN KULON NO. 05 RT 08/ RW  07,107.67709,-6.93692,POLE,6,-,METER,2020
2656,32,JAWA BARAT,3273,KOTA BANDUNG,3273130,ARCAMANIK,32.73.24,ARCAMANIK,PT. SOLUSI TUNAS PRATAMA,JL. GG. PAWENANG I RT 02/05 CIPANJALU,107.6877,-6.912,POLE,20,-,METER,2020
2657,32,JAWA BARAT,3273,KOTA BANDUNG,3273130,ARCAMANIK,32.73.24,ARCAMANIK,PT. SOLUSI TUNAS PRATAMA,JL. GOLF III RT 02/011,107.6891389,-6.91775,POLE,20,-,METER,2020
2658,32,JAWA BARAT,3273,KOTA BANDUNG,3273130,ARCAMANIK,32.73.24,ARCAMANIK,PT. SOLUSI TUNAS PRATAMA,JL. SUMBERSARI NO. 101 RT 01 RW 08,107.682,-6.93729,3 KAKI,31,-,METER,2020
2659,32,JAWA BARAT,3273,KOTA BANDUNG,3273130,ARCAMANIK,32.73.24,ARCAMANIK,PT. SOLUSI TUNAS PRATAMA,JL. PARAKANSAAT NO. 147 RT 02/RW 013,107.6683056,-6.932444444,3 KAKI,31,-,METER,2020
2660,32,JAWA BARAT,3273,KOTA BANDUNG,3273130,ARCAMANIK,32.73.24,ARCAMANIK,PT. SOLUSI TUNAS PRATAMA,JL. CISARANTEN WETAN RT 01 RW 03,107.6872,-6.92458,3 KAKI,31,-,METER,2020
2661,32,JAWA BARAT,3273,KOTA BANDUNG,3273130,ARCAMANIK,32.73.24,ARCAMANIK,PT. TELKOMSEL,JL. CINGISED,107.67705,-6.929015,4 KAKI,42,-,METER,2020
2662,32,JAWA BARAT,3273,KOTA BANDUNG,3273130,ARCAMANIK,32.73.24,ARCAMANIK,PT. TELKOMSEL,JL. GADING UTAMA,107.671138,-6.937548,3 KAKI,15,-,METER,2020
2663,32,JAWA BARAT,3273,KOTA BANDUNG,3273130,ARCAMANIK,32.73.24,ARCAMANIK,PT. TELKOMSEL,JL. TERUSAN PASANTREN,107.678677,-6.910683,4 KAKI,12,-,METER,2020
2664,32,JAWA BARAT,3273,KOTA BANDUNG,3273130,ARCAMANIK,32.73.24,ARCAMANIK,PT. TELKOMSEL,JL. ATLENTIK 2,107.672696,-6.919231,MONOPOLE,20,-,METER,2020
2665,32,JAWA BARAT,3273,KOTA BANDUNG,3273130,ARCAMANIK,32.73.24,ARCAMANIK,PT. TELKOMSEL,PERUMAHAN GRIYA CARAKA BLOK H-11 RT 01 RW  05,107.673621,-6.931981,POLE,6,-,METER,2020
2666,32,JAWA BARAT,3273,KOTA BANDUNG,3273130,ARCAMANIK,32.73.24,ARCAMANIK,PT. TELKOMSEL,JL. GOLF BARAT NO. 2,107.67511,-6.91737,POLE,6,-,METER,2020
2667,32,JAWA BARAT,3273,KOTA BANDUNG,3273130,ARCAMANIK,32.73.24,ARCAMANIK,PT. CENTRATAMA MENARA INDONESIA,JL. PACUAN KUDA 2 RT 2 RW  1,107.672643,-6.905514,POLE,9,-,METER,2020
2668,32,JAWA BARAT,3273,KOTA BANDUNG,3273130,ARCAMANIK,32.73.24,ARCAMANIK,"PT. XL AXIATA, TBK",JL. CISARANTEN KULON NO. 107 RT 04/RW 07,-6.931027778,107.67975,4 KAKI,30,-,METER,2020
2669,32,JAWA BARAT,3273,KOTA BANDUNG,3273130,ARCAMANIK,32.73.24,ARCAMANIK,"PT. XL AXIATA, TBK",JL. CIKCUKANG NO. 37 RT 01 RW 09,-6.913638889,107.6831944,3 KAKI,30,-,METER,2020
2670,32,JAWA BARAT,3273,KOTA BANDUNG,3273130,ARCAMANIK,32.73.24,ARCAMANIK,HUTCHINSON,KOMP.GADING REGENCY BLOK AII NO. 7 RT 02/RW 03,107.67123,-6.93761,POLE,12,-,METER,2020
2671,32,JAWA BARAT,3273,KOTA BANDUNG,3273130,ARCAMANIK,32.73.24,ARCAMANIK,HUTCHINSON,JL. TERUSAN CISARANTEN KULON NO. 5 RT 06/RW 07,107.67711,-6.93689,POLE,12,-,METER,2020
2672,32,JAWA BARAT,3273,KOTA BANDUNG,3273130,ARCAMANIK,32.73.24,ARCAMANIK,NARAGITA,JL. TERUSAN CIKAJANG RT  01/03,107.66925,-6.92333,POLE,30,-,METER,2020
2673,32,JAWA BARAT,3273,KOTA BANDUNG,3273050,ASTANAANYAR,32.73.10,ASTANA ANYAR,"PT. PROTELINDO, TBK",JL. PAGARSIH NO.  21,107.59714,-6.92325,4 KAKI,30,-,METER,2020
2674,32,JAWA BARAT,3273,KOTA BANDUNG,3273050,ASTANAANYAR,32.73.10,ASTANA ANYAR,"PT. PROTELINDO, TBK",KOMPLEK KURDI REGENCY NO. 40 B RT  02 RW  06,107.60352,-6.94173,3 KAKI,20,-,METER,2020
2675,32,JAWA BARAT,3273,KOTA BANDUNG,3273050,ASTANAANYAR,32.73.10,ASTANA ANYAR,"PT. PROTELINDO, TBK",JL. OTO ISKANDARDINATA,107.60378,-6.92269,3 KAKI,25,-,METER,2020
2676,32,JAWA BARAT,3273,KOTA BANDUNG,3273050,ASTANAANYAR,32.73.10,ASTANA ANYAR,"PT. PROTELINDO, TBK",JL. MOH. TOHA NO. 96A RT 06 RW  09,107.60632,-6.93975,POLE,12,-,METER,2020
2677,32,JAWA BARAT,3273,KOTA BANDUNG,3273050,ASTANAANYAR,32.73.10,ASTANA ANYAR,"PT. PROTELINDO, TBK",JL. PETA NO. 52 RT 06 RW  01,107.60011,-6.93705,4 KAKI,25,-,METER,2020
2678,32,JAWA BARAT,3273,KOTA BANDUNG,3273050,ASTANAANYAR,32.73.10,ASTANA ANYAR,"PT. PROTELINDO, TBK",JL. BAPA SUHAYA RT 04 RW  06,107.60035,-6.93451,3 KAKI,31,-,METER,2020
2679,32,JAWA BARAT,3273,KOTA BANDUNG,3273050,ASTANAANYAR,32.73.10,ASTANA ANYAR,"PT. PROTELINDO, TBK",JL. SOEKARNO  HATTA 421 RT 03 RW  04,107.6084,-6.94788,POLE,31,-,METER,2020
2680,32,JAWA BARAT,3273,KOTA BANDUNG,3273050,ASTANAANYAR,32.73.10,ASTANA ANYAR,"PT. PROTELINDO, TBK",JL. INHOFTANK KAV.37B - 38A RT 02 RW 06,107.60355,-6.94162,3 KAKI,20,-,METER,2020
2681,32,JAWA BARAT,3273,KOTA BANDUNG,3273050,ASTANAANYAR,32.73.10,ASTANA ANYAR,"PT. PROTELINDO, TBK",JL. ASTANA ANYAR NO. 330 RT  02 RW  03,107.60247,-6.93498,3 KAKI,25,-,METER,2020
2682,32,JAWA BARAT,3273,KOTA BANDUNG,3273050,ASTANAANYAR,32.73.10,ASTANA ANYAR,DAYA MITRA TELEKOMUNIKASI,JL. OTO ISKANDAR DINATA NO. 305,107.603799,-6.925148,POLE,9,-,METER,2020
2683,32,JAWA BARAT,3273,KOTA BANDUNG,3273050,ASTANAANYAR,32.73.10,ASTANA ANYAR,DAYA MITRA TELEKOMUNIKASI,JL. PETA NO. 32,107.600073,-6.937146,POLE,12,-,METER,2020
2684,32,JAWA BARAT,3273,KOTA BANDUNG,3273050,ASTANAANYAR,32.73.10,ASTANA ANYAR,"PT. INDOSAT, TBK",JL. ASTANA ANYAR NO. 132CIBADAK,107.599318,-6.925209,4 KAKI,20,-,METER,2020
2685,32,JAWA BARAT,3273,KOTA BANDUNG,3273050,ASTANAANYAR,32.73.10,ASTANA ANYAR,"PT. INDOSAT, TBK",JI. OTTO LSKANDARDINATA NO. 455 (RUKO SURYA),107.603421,-6.929731,4 KAKI,15,-,METER,2020
2686,32,JAWA BARAT,3273,KOTA BANDUNG,3273050,ASTANAANYAR,32.73.10,ASTANA ANYAR,PT. SOLUSI TUNAS PRATAMA,JL. M TOHA NO. 191,107.60842,-6.9446,POLE,15,-,METER,2020
2687,32,JAWA BARAT,3273,KOTA BANDUNG,3273050,ASTANAANYAR,32.73.10,ASTANA ANYAR,PT. SOLUSI TUNAS PRATAMA,JL. ASTANA ANYAR NO. 238 RT 05/02,107.600529,-6.930037,POLE,15,-,METER,2020
2688,32,JAWA BARAT,3273,KOTA BANDUNG,3273050,ASTANAANYAR,32.73.10,ASTANA ANYAR,PT. SOLUSI TUNAS PRATAMA,JL. KOPO NO. 38 A RT  04 RW  04,107.5974167,-6.928888889,3 KAKI,20,-,METER,2020
2689,32,JAWA BARAT,3273,KOTA BANDUNG,3273050,ASTANAANYAR,32.73.10,ASTANA ANYAR,PT. TELKOMSEL,JL. ASTANA ANYAR NO.,-6.925128,107.59933,3 KAKI,20,-,METER,2020
2690,32,JAWA BARAT,3273,KOTA BANDUNG,3273050,ASTANAANYAR,32.73.10,ASTANA ANYAR,PT. TELKOMSEL,JL. OTISTA NO. 520 BANDUNG,107.60306,-6.93197,POLE,6,-,METER,2020
2691,32,JAWA BARAT,3273,KOTA BANDUNG,3273050,ASTANAANYAR,32.73.10,ASTANA ANYAR,PT. TELKOMSEL,JL. INHOFTANK NO. 21 RT  02/07,107.60318,-6.93906,POLE,4,-,METER,2020
2692,32,JAWA BARAT,3273,KOTA BANDUNG,3273050,ASTANAANYAR,32.73.10,ASTANA ANYAR,PT. TELKOMSEL,JL. K. NATAWIJAYA NO. 41 GG. WELAS ASIH BLOK 90 NO. 178 RT  09/07,107.596202,-6.92557,POLE,6,-,METER,2020
2693,32,JAWA BARAT,3273,KOTA BANDUNG,3273050,ASTANAANYAR,32.73.10,ASTANA ANYAR,PT. CENTRATAMA MENARA INDONESIA,JL. INHOPFTANK RT 02 RW 07,107.6032,6.93923,POLE,10,-,METER,2020
2694,32,JAWA BARAT,3273,KOTA BANDUNG,3273050,ASTANAANYAR,32.73.10,ASTANA ANYAR,"PT. XL AXIATA, TBK","JL. KOPO NO. 13 BANDUNG TOKO MAS ""SAE",-6.92727,107.59805,POLE,12,-,METER,2020
2695,32,JAWA BARAT,3273,KOTA BANDUNG,3273050,ASTANAANYAR,32.73.10,ASTANA ANYAR,"PT. XL AXIATA, TBK",JL. CIBADAK GG. NYI EMPOK NO. 1 - BANDUNG,-6.92174,107.59381,POLE,36,-,METER,2020
2696,32,JAWA BARAT,3273,KOTA BANDUNG,3273020,BABAKAN CIPARAY,32.73.03,BABAKAN CIPARAY,"PT. PROTELINDO, TBK",JL. PESANTREN RT /RW  5/4 KODE POS 40277,107.586,-6.95806,3 KAKI,30,-,METER,2020
2697,32,JAWA BARAT,3273,KOTA BANDUNG,3273020,BABAKAN CIPARAY,32.73.03,BABAKAN CIPARAY,"PT. PROTELINDO, TBK",JL. CIBOLERANG NO. 219 RT /RW  02/08 KODE POS 40224,107.56964,-6.9496,3 KAKI,46,-,METER,2020
2698,32,JAWA BARAT,3273,KOTA BANDUNG,3273020,BABAKAN CIPARAY,32.73.03,BABAKAN CIPARAY,"PT. PROTELINDO, TBK",JL. SOEKARNO  HATTA /H. HASAN II NO. 17 RT  01/07 KODEPOS 40223,107.57758,-6.93847,3 KAKI,35,-,METER,2020
2699,32,JAWA BARAT,3273,KOTA BANDUNG,3273020,BABAKAN CIPARAY,32.73.03,BABAKAN CIPARAY,"PT. PROTELINDO, TBK",JL. JAMIKA NO. 118 RT  05 RW  06 KODE POS 40221,107.5855,-6.92375,3 KAKI,23,-,METER,2020
2700,32,JAWA BARAT,3273,KOTA BANDUNG,3273020,BABAKAN CIPARAY,32.73.03,BABAKAN CIPARAY,"PT. PROTELINDO, TBK",JL. CIBOLERANG KAWASAN 45 RT 04 RW  07,107.57399,-6.95266,3 KAKI,30,-,METER,2020
2701,32,JAWA BARAT,3273,KOTA BANDUNG,3273020,BABAKAN CIPARAY,32.73.03,BABAKAN CIPARAY,"PT. PROTELINDO, TBK",JL. TERUSAN PASIRKOJA RT 01 RW  07,107.57702,-6.93034,POLE,12,-,METER,2020
2702,32,JAWA BARAT,3273,KOTA BANDUNG,3273020,BABAKAN CIPARAY,32.73.03,BABAKAN CIPARAY,"PT. PROTELINDO, TBK",JL. TERUSAN PASIR KOJA BLOK. 8,107.57694,-6.92966,3 KAKI,15,-,METER,2020
2703,32,JAWA BARAT,3273,KOTA BANDUNG,3273020,BABAKAN CIPARAY,32.73.03,BABAKAN CIPARAY,"PT. PROTELINDO, TBK",JL. BABAKAN CIPARAY RT  01 RW  09,107.5841,-6.93593,3 KAKI,31,-,METER,2020
2704,32,JAWA BARAT,3273,KOTA BANDUNG,3273020,BABAKAN CIPARAY,32.73.03,BABAKAN CIPARAY,"PT. PROTELINDO, TBK",JL. MAKAM CARINGIN NO. 93 B RT 01 RW 02 KODE POS 40224,107.58079,-6.95194,3 KAKI,42,-,METER,2020
2705,32,JAWA BARAT,3273,KOTA BANDUNG,3273020,BABAKAN CIPARAY,32.73.03,BABAKAN CIPARAY,"PT. PROTELINDO, TBK",JL. BABAKAN CIPARAY GG AIR MANCUR RT 06/03,107.5831,-6.92996,POLE,9,-,METER,2020
2706,32,JAWA BARAT,3273,KOTA BANDUNG,3273020,BABAKAN CIPARAY,32.73.03,BABAKAN CIPARAY,"PT. PROTELINDO, TBK",JL. BABAKAN CIPARAY RT 7 RW 05,107.5812,-6.94166,4 KAKI,30,-,METER,2020
2707,32,JAWA BARAT,3273,KOTA BANDUNG,3273020,BABAKAN CIPARAY,32.73.03,BABAKAN CIPARAY,DAYA MITRA TELEKOMUNIKASI,JL. CARINGIN BLOK KOPAT,107.573399,-6.943511,POLE,6,-,METER,2020
2708,32,JAWA BARAT,3273,KOTA BANDUNG,3273020,BABAKAN CIPARAY,32.73.03,BABAKAN CIPARAY,DAYA MITRA TELEKOMUNIKASI,JL. TERS. SURYANI GG. ABADI RT 03 RW 02,107.57957,-6.92615,POLE,30,-,METER,2020
2709,32,JAWA BARAT,3273,KOTA BANDUNG,3273020,BABAKAN CIPARAY,32.73.03,BABAKAN CIPARAY,DAYA MITRA TELEKOMUNIKASI,JL. KOPO MAS REGENCY,107.578526,-6.95803,POLE,6,-,METER,2020
2710,32,JAWA BARAT,3273,KOTA BANDUNG,3273020,BABAKAN CIPARAY,32.73.03,BABAKAN CIPARAY,"PT. INDOSAT, TBK",JL. CARINGIN RT 02 RW 09,107.570607,-6.940137,4 KAKI,42,-,METER,2020
2711,32,JAWA BARAT,3273,KOTA BANDUNG,3273020,BABAKAN CIPARAY,32.73.03,BABAKAN CIPARAY,"PT. INDOSAT, TBK",JL. BABAKAN CIPARAY NO. 240,107.582849,-6.938397,4 KAKI,52,-,METER,2020
2712,32,JAWA BARAT,3273,KOTA BANDUNG,3273020,BABAKAN CIPARAY,32.73.03,BABAKAN CIPARAY,PT. TOWER BERSAMA GROUP,JL. BABAKAN CIPARAY 108,107.583,-6.94171,4 KAKI,42,-,METER,2020
2713,32,JAWA BARAT,3273,KOTA BANDUNG,3273020,BABAKAN CIPARAY,32.73.03,BABAKAN CIPARAY,PT. TOWER BERSAMA GROUP,JL. CARINGIN NO. 113,107.582,-6.94546,POLE,6,-,METER,2020
2714,32,JAWA BARAT,3273,KOTA BANDUNG,3273020,BABAKAN CIPARAY,32.73.03,BABAKAN CIPARAY,PT. TOWER BERSAMA GROUP,KP. BABAKAN JL. CIBUNTU SELATAN RT 01/10,107.575,-6.93103,4 KAKI,32,-,METER,2020
2715,32,JAWA BARAT,3273,KOTA BANDUNG,3273020,BABAKAN CIPARAY,32.73.03,BABAKAN CIPARAY,PT. TOWER BERSAMA GROUP,JL. H. ABDURROHMAN RT 05/07,107.573,-6.95341,4 KAKI,26,-,METER,2020
2716,32,JAWA BARAT,3273,KOTA BANDUNG,3273020,BABAKAN CIPARAY,32.73.03,BABAKAN CIPARAY,PT. TOWER BERSAMA GROUP,JL. TERUSAN HOLIS RT 01/10,107.568,-6.94522,4 KAKI,32,-,METER,2020
2717,32,JAWA BARAT,3273,KOTA BANDUNG,3273020,BABAKAN CIPARAY,32.73.03,BABAKAN CIPARAY,PT. SOLUSI TUNAS PRATAMA,JL. MAKAM CARINGIN NO. 31 RT 04/RW 02,107.5835278,-6.947416667,POLE,9,-,METER,2020
2718,32,JAWA BARAT,3273,KOTA BANDUNG,3273020,BABAKAN CIPARAY,32.73.03,BABAKAN CIPARAY,PT. SOLUSI TUNAS PRATAMA,JL. CARINGIN RT 02 RW 09,107.5705,-6.940222222,3 KAKI,31,-,METER,2020
2719,32,JAWA BARAT,3273,KOTA BANDUNG,3273020,BABAKAN CIPARAY,32.73.03,BABAKAN CIPARAY,PT. SOLUSI TUNAS PRATAMA,JL. CARINGIN NO. 180B RT 01 RW 05,107.57837,-6.9432,3 KAKI,20,-,METER,2020
2720,32,JAWA BARAT,3273,KOTA BANDUNG,3273020,BABAKAN CIPARAY,32.73.03,BABAKAN CIPARAY,PT. TELKOMSEL,JL. MARGAGJAYA III,107.576116,-6.949438,4 KAKI,52,-,METER,2020
2721,32,JAWA BARAT,3273,KOTA BANDUNG,3273020,BABAKAN CIPARAY,32.73.03,BABAKAN CIPARAY,PT. TELKOMSEL,JL. KOPO MAS REGENCY 9D,107.579849,-6.959115,POLE ROOFTOP,15,-,METER,2020
2722,32,JAWA BARAT,3273,KOTA BANDUNG,3273020,BABAKAN CIPARAY,32.73.03,BABAKAN CIPARAY,PT. TELKOMSEL,JL. KOPO NO. 469 RT 02/01,107.585402,-6.952469,3 KAKI,20,-,METER,2020
2723,32,JAWA BARAT,3273,KOTA BANDUNG,3273020,BABAKAN CIPARAY,32.73.03,BABAKAN CIPARAY,PT. TELKOMSEL,KOMP. TAMAN SURYA INDAH JL. SOEKARNO  HATTA NO. 150,107.581071,-6.938319,3 KAKI,20,-,METER,2020
2724,32,JAWA BARAT,3273,KOTA BANDUNG,3273020,BABAKAN CIPARAY,32.73.03,BABAKAN CIPARAY,PT. TELKOMSEL,JL. TAMAN LILI GARDANIA,107.580812,-6.929174,4 KAKI,62,-,METER,2020
2725,32,JAWA BARAT,3273,KOTA BANDUNG,3273020,BABAKAN CIPARAY,32.73.03,BABAKAN CIPARAY,PT. TELKOMSEL,JL. SURYANI NO. 19 RT 03 RW 10,107.58098,-6.91969,POLE,4,-,METER,2020
2726,32,JAWA BARAT,3273,KOTA BANDUNG,3273020,BABAKAN CIPARAY,32.73.03,BABAKAN CIPARAY,PT. TELKOMSEL,JL. KOPO CIRANRANG NO. 550 RT 05 RW  04,107.58292,-6.95533,POLE,6,-,METER,2020
2727,32,JAWA BARAT,3273,KOTA BANDUNG,3273020,BABAKAN CIPARAY,32.73.03,BABAKAN CIPARAY,PT. TELKOMSEL,JL. KOPO MAS G2 RT 02/01,107.57695,-6.95616,POLE,6,-,METER,2020
2728,32,JAWA BARAT,3273,KOTA BANDUNG,3273020,BABAKAN CIPARAY,32.73.03,BABAKAN CIPARAY,PT. TELKOMSEL,JL. PASIRKOJA  NO. 131 BANDUNG,107.59173,-6.92623,MONOPOLE,6,-,METER,2020
2729,32,JAWA BARAT,3273,KOTA BANDUNG,3273020,BABAKAN CIPARAY,32.73.03,BABAKAN CIPARAY,PT. CENTRATAMA MENARA INDONESIA,JL. HOLIS 235 RT 01 RW  09,107.57073,-6.93667,POLE,18,-,METER,2020
2730,32,JAWA BARAT,3273,KOTA BANDUNG,3273020,BABAKAN CIPARAY,32.73.03,BABAKAN CIPARAY,PT. CENTRATAMA MENARA INDONESIA,JL. CARINGIN 180C RT 01/05,107.57835,-6.94362,4,20,-,METER,2020
2731,32,JAWA BARAT,3273,KOTA BANDUNG,3273020,BABAKAN CIPARAY,32.73.03,BABAKAN CIPARAY,PT. CENTRATAMA MENARA INDONESIA,JL. SURYANI NO. 9 RT 03 RW  010,107.58127,-6.919138,POLE,18,-,METER,2020
2732,32,JAWA BARAT,3273,KOTA BANDUNG,3273030,BOJONGLOA KALER,32.73.04,BOJONGLOA KALER,"PT. XL AXIATA, TBK",JL. PETA NO. 226 RT  06/RW  05,-6.930083333,107.5883889,4 KAKI,30,-,METER,2020
2733,32,JAWA BARAT,3273,KOTA BANDUNG,3273010,BANDUNG KULON,32.73.15,BANDUNG KULON,"PT. XL AXIATA, TBK",JL. CIGONDEWAH KIDUL NO. 40,-6.944388889,107.561,4 KAKI,30,-,METER,2020
2734,32,JAWA BARAT,3273,KOTA BANDUNG,3273020,BABAKAN CIPARAY,32.73.03,BABAKAN CIPARAY,"PT. XL AXIATA, TBK",JL. MARGAJAYA TIMUR III RT 03/06,-6.948638889,107.5775278,3 KAKI,30,-,METER,2020
2735,32,JAWA BARAT,3273,KOTA BANDUNG,3273020,BABAKAN CIPARAY,32.73.03,BABAKAN CIPARAY,"PT. XL AXIATA, TBK",JL. CIRANGRANG TIMUR RT 03 RW 02,-6.955361111,107.5869722,4 KAKI,51,-,METER,2020
2736,32,JAWA BARAT,3273,KOTA BANDUNG,3273020,BABAKAN CIPARAY,32.73.03,BABAKAN CIPARAY,"PT. XL AXIATA, TBK",JL. PAGARSIH 302 KODYA BANDUNG.,-6.92164,107.58447,3 KAKI,20,-,METER,2020
2737,32,JAWA BARAT,3273,KOTA BANDUNG,3273030,BOJONGLOA KALER,32.73.04,BOJONGLOA KALER,"PT. XL AXIATA, TBK",JL. TERUSAN PASIR KOJA 195 KODYA BANDUNG,-6.92616,107.58829,POLE,36,-,METER,2020
2738,32,JAWA BARAT,3273,KOTA BANDUNG,3273020,BABAKAN CIPARAY,32.73.03,BABAKAN CIPARAY,"PT. XL AXIATA, TBK",JL. CARINGIN 287-289 NO. 287-289 RT 01/RW 03,-6.94379,107.57325,3 KAKI,25,-,METER,2020
2739,32,JAWA BARAT,3273,KOTA BANDUNG,3273020,BABAKAN CIPARAY,32.73.03,BABAKAN CIPARAY,PT. PERMATA KARYA PERDANA,JL. MAKAM CARINGIN RT 08 RW  02,107.58089,-6.96251,POLE,17,-,METER,2020
2740,32,JAWA BARAT,3273,KOTA BANDUNG,3273020,BABAKAN CIPARAY,32.73.03,BABAKAN CIPARAY,NARAGITA,JL. KOPO NO. 619 KOPO MAS REGENCY BLOK N NO. 10 A RT  02/01,107.57861,-6.95807,POLE,30,-,METER,2020
2741,32,JAWA BARAT,3273,KOTA BANDUNG,3273020,BABAKAN CIPARAY,32.73.03,BABAKAN CIPARAY,NARAGITA,JL. KOPO NO. 619 KOPO MAS REGENCY BLOK N NO. 10 A RT  02/01,107.57861,-6.95807,KAKI 3,17,-,METER,2020
2742,32,JAWA BARAT,3273,KOTA BANDUNG,3273020,BABAKAN CIPARAY,32.73.03,BABAKAN CIPARAY,NARAGITA,JL. KOPO NO. 619 KOPO MAS REGENCY BLOK N NO. 10 A RT  02/01,107.57861,-6.95807,POLE,15,-,METER,2020
2743,32,JAWA BARAT,3273,KOTA BANDUNG,3273020,BABAKAN CIPARAY,32.73.03,BABAKAN CIPARAY,NARAGITA,JL. KOPO NO. 619 KOPO MAS REGENCY BLOK N NO. 10 A RT  02/10,107.57861,-6.95807,POLE,6,-,METER,2020
2744,32,JAWA BARAT,3273,KOTA BANDUNG,3273020,BABAKAN CIPARAY,32.73.03,BABAKAN CIPARAY,NARAGITA,JL. CARINGIN NO. 141 RT  04/03,107.58089,-6.94251,POLE,9,-,METER,2020
2745,32,JAWA BARAT,3273,KOTA BANDUNG,3273080,BANDUNG KIDUL,32.73.21,BANDUNG KIDUL,"PT. PROTELINDO, TBK",JL. CIPARAY,107.64347,-6.95979,3 KAKI,36,-,METER,2020
2746,32,JAWA BARAT,3273,KOTA BANDUNG,3273080,BANDUNG KIDUL,32.73.21,BANDUNG KIDUL,"PT. PROTELINDO, TBK",JL. TERS BUAHBATU NO. 275 RT 07 RW  06,107.63864,-6.96293,4 KAKI,25,-,METER,2020
2747,32,JAWA BARAT,3273,KOTA BANDUNG,3273080,BANDUNG KIDUL,32.73.21,BANDUNG KIDUL,"PT. PROTELINDO, TBK",JL. BATUNUNGGAL PERMAI I NO. 87 RT 08 RW  01,107.6305,-6.957,POLE,12,-,METER,2020
2748,32,JAWA BARAT,3273,KOTA BANDUNG,3273080,BANDUNG KIDUL,32.73.21,BANDUNG KIDUL,"PT. PROTELINDO, TBK",JL. BUANASARI IV RT 08 RW  04,107.64287,-6.96509,3 KAKI,41,-,METER,2020
2749,32,JAWA BARAT,3273,KOTA BANDUNG,3273080,BANDUNG KIDUL,32.73.21,BANDUNG KIDUL,"PT. PROTELINDO, TBK",JL. BATU NUNGGAL,107.63765,-6.95675,4 KAKI,30,-,METER,2020
2750,32,JAWA BARAT,3273,KOTA BANDUNG,3273080,BANDUNG KIDUL,32.73.21,BANDUNG KIDUL,"PT. PROTELINDO, TBK",KOMPLEK BUAH BATU REGENSI A1 KAV NO. 9 RT 09 RW 07,107.63999,-6.96126,POLE,6,-,METER,2020
2751,32,JAWA BARAT,3273,KOTA BANDUNG,3273080,BANDUNG KIDUL,32.73.21,BANDUNG KIDUL,"PT. PROTELINDO, TBK",JL. BUANA SARI IV RT 08 RW 04,107.6428,-6.965,POLE,18,-,METER,2020
2752,32,JAWA BARAT,3273,KOTA BANDUNG,3273080,BANDUNG KIDUL,32.73.21,BANDUNG KIDUL,"PT. PROTELINDO, TBK",JL. SOEKARNO  HATTA RT 04 RW  01,107.62372,-6.94994,POLE,5,-,METER,2020
2753,32,JAWA BARAT,3273,KOTA BANDUNG,3273080,BANDUNG KIDUL,32.73.21,BANDUNG KIDUL,DAYA MITRA TELEKOMUNIKASI,JL. BATU NUNGGAL INDAH,107.627058,-6.964021,3 KAKI,36,-,METER,2020
2754,32,JAWA BARAT,3273,KOTA BANDUNG,3273080,BANDUNG KIDUL,32.73.21,BANDUNG KIDUL,DAYA MITRA TELEKOMUNIKASI,KOMP. BATU NUNGGAL PERMAI I,107.630501,-6.956938,POLE,6,-,METER,2020
2755,32,JAWA BARAT,3273,KOTA BANDUNG,3273080,BANDUNG KIDUL,32.73.21,BANDUNG KIDUL,DAYA MITRA TELEKOMUNIKASI,JL. TERUSAN BUAH BATU (MASJID AL-HILAL),107.638306,-6.962835,POLE,9,-,METER,2020
2756,32,JAWA BARAT,3273,KOTA BANDUNG,3273080,BANDUNG KIDUL,32.73.21,BANDUNG KIDUL,DAYA MITRA TELEKOMUNIKASI,JL. BONASARI 4 RT 08/04,107.642762,-6.96501,POLE,25,-,METER,2020
2757,32,JAWA BARAT,3273,KOTA BANDUNG,3273080,BANDUNG KIDUL,32.73.21,BANDUNG KIDUL,"PT. INDOSAT, TBK",JL. SUKARNO  HATTA NO. 1 BATUNUNGGAL,107.634141,-6.948542,4 KAKI,55,-,METER,2020
2758,32,JAWA BARAT,3273,KOTA BANDUNG,3273080,BANDUNG KIDUL,32.73.21,BANDUNG KIDUL,PT. TOWER BERSAMA GROUP,JL. SEKELIMUS BARAT,107.637,-6.94998,3 KAKI,31,-,METER,2020
2759,32,JAWA BARAT,3273,KOTA BANDUNG,3273080,BANDUNG KIDUL,32.73.21,BANDUNG KIDUL,PT. TOWER BERSAMA GROUP,JL. NARADIRJA,107.609,-6.96095,4 KAKI,55,-,METER,2020
2760,32,JAWA BARAT,3273,KOTA BANDUNG,3273080,BANDUNG KIDUL,32.73.21,BANDUNG KIDUL,PT. SOLUSI TUNAS PRATAMA,JL. TERUSAN BUAH BATU N0.36 BANDUNG,107.63605,-6.95102,POLE,15,-,METER,2020
2761,32,JAWA BARAT,3273,KOTA BANDUNG,3273080,BANDUNG KIDUL,32.73.21,BANDUNG KIDUL,PT. SOLUSI TUNAS PRATAMA,JL. WAAS II RT 07 RW  01,107.62675,-6.95261,3 KAKI,35,-,METER,2020
2762,32,JAWA BARAT,3273,KOTA BANDUNG,3273080,BANDUNG KIDUL,32.73.21,BANDUNG KIDUL,PT. SOLUSI TUNAS PRATAMA,JL. BATUNUNGGAL INDAH IV NO. 35 RT 07/RW 03,107.6286389,-6.95622222,POLE,6,-,METER,2020
2763,32,JAWA BARAT,3273,KOTA BANDUNG,3273080,BANDUNG KIDUL,32.73.21,BANDUNG KIDUL,PT. SOLUSI TUNAS PRATAMA,JL. TERUSAN LOGAM NO. 5 RT 04/RW 05,107.6446667,-6.961277778,POLE,6,-,METER,2020
2764,32,JAWA BARAT,3273,KOTA BANDUNG,3273080,BANDUNG KIDUL,32.73.21,BANDUNG KIDUL,PT. TELKOMSEL,JL. SOEKARNO  HATTA,107.62381,-6.949833,4 KAKI,15,-,METER,2020
2765,32,JAWA BARAT,3273,KOTA BANDUNG,3273080,BANDUNG KIDUL,32.73.21,BANDUNG KIDUL,PT. TELKOMSEL,JL. SUKAMANAH NO. 102 RT 03/02,107.622509,-6.956775,4 KAKI,36,-,METER,2020
2766,32,JAWA BARAT,3273,KOTA BANDUNG,3273080,BANDUNG KIDUL,32.73.21,BANDUNG KIDUL,PT. TELKOMSEL,JL. CIPAGALO RW  03,107.63429,-6.961458,4 KAKI,42,-,METER,2020
2767,32,JAWA BARAT,3273,KOTA BANDUNG,3273080,BANDUNG KIDUL,32.73.21,BANDUNG KIDUL,PT. TELKOMSEL,JL. BATUNUNGGAL INDAH RAYA NO. 189,107.62901,-6.95415,POLE,6,-,METER,2020
2768,32,JAWA BARAT,3273,KOTA BANDUNG,3273080,BANDUNG KIDUL,32.73.21,BANDUNG KIDUL,PT. TELKOMSEL,JL. N BATU INDAH VII NO.  47 RT 04 RW 03,107.634,-6.95491,POLE,6,-,METER,2020
2769,32,JAWA BARAT,3273,KOTA BANDUNG,3273080,BANDUNG KIDUL,32.73.21,BANDUNG KIDUL,PT. TELKOMSEL,JL. BATUNUNGGAL INDAH RAYA NO. 51 RT 08 RW 01,107.624,-6.95329,POLE,4,-,METER,2020
2770,32,JAWA BARAT,3273,KOTA BANDUNG,3273080,BANDUNG KIDUL,32.73.21,BANDUNG KIDUL,PT. TELKOMSEL,JL. SOEKARNO  HATTA NO. 354,107.63181,-6.94918,POLE,6,-,METER,2020
2771,32,JAWA BARAT,3273,KOTA BANDUNG,3273080,BANDUNG KIDUL,32.73.21,BANDUNG KIDUL,PT. TELKOMSEL,JL. BATUNUNGGAL INDAH RAYA (PILARIA BUTIK),107.62656,-6.9569,POLE,6,-,METER,2020
2772,32,JAWA BARAT,3273,KOTA BANDUNG,3273080,BANDUNG KIDUL,32.73.21,BANDUNG KIDUL,PT. TELKOMSEL,Â JL. CIPARAY TRS BUAHBATU KOMPLEK NUANSA INDAH BLOK R-8,107.64,-6.95957,POLE,4,-,METER,2020
2773,32,JAWA BARAT,3273,KOTA BANDUNG,3273080,BANDUNG KIDUL,32.73.21,BANDUNG KIDUL,PT. TELKOMSEL,JL. BATUNUNGGAL MULIA II NO. 14 RT  03 RW  05,107.631388,-6.960728,POLE,6,-,METER,2020
2774,32,JAWA BARAT,3273,KOTA BANDUNG,3273080,BANDUNG KIDUL,32.73.21,BANDUNG KIDUL,PT. TELKOMSEL,KOMP. BUAH BATU REGENCY KAV. G-7 NO. 12 RT  03 RW  09,107.64178,-6.96212,POLE,6,-,METER,2020
2775,32,JAWA BARAT,3273,KOTA BANDUNG,3273080,BANDUNG KIDUL,32.73.21,BANDUNG KIDUL,"PT. XL AXIATA, TBK",JL. BATUNUNGGAL INDAH âII NO. 70 BANDUNG â JAWA BARAT,-6.962611111,107.6260556,4 KAKI,31,-,METER,2020
2776,32,JAWA BARAT,3273,KOTA BANDUNG,3273080,BANDUNG KIDUL,32.73.21,BANDUNG KIDUL,"PT. XL AXIATA, TBK",JL. TERS. SURATMI KAMPUNG MENGGER RT  03/02,-6.95706,107.62264,3 KAKI,42,-,METER,2020
2777,32,JAWA BARAT,3273,KOTA BANDUNG,3273080,BANDUNG KIDUL,32.73.21,BANDUNG KIDUL,HUTCHINSON,BABAKAN KAREES RT 05/RW 04,107.63448,-6.9623,POLE,9,-,METER,2020
2778,32,JAWA BARAT,3273,KOTA BANDUNG,3273010,BANDUNG KULON,32.73.15,BANDUNG KULON,"PT. PROTELINDO, TBK",JL. HOLIS NO. 4 RT 04 RW  03,107.57602,-6.91787,3 KAKI,20,-,METER,2020
2779,32,JAWA BARAT,3273,KOTA BANDUNG,3273010,BANDUNG KULON,32.73.15,BANDUNG KULON,"PT. PROTELINDO, TBK",JL. KP. BLOK JAMBANGAN RT  02 RW  10,107.56168,-6.9373,3 KAKI,36,-,METER,2020
2780,32,JAWA BARAT,3273,KOTA BANDUNG,3273010,BANDUNG KULON,32.73.15,BANDUNG KULON,"PT. PROTELINDO, TBK",JL. CICUKANG NO. 26 RT 01 RW  08,107.56768,-6.93655,3 KAKI,30,-,METER,2020
2781,32,JAWA BARAT,3273,KOTA BANDUNG,3273010,BANDUNG KULON,32.73.15,BANDUNG KULON,"PT. PROTELINDO, TBK",JL. TERUSAN SURYANI NO. 30 RT 01 RW  03,107.57973,-6.92372,POLE,12,-,METER,2020
2782,32,JAWA BARAT,3273,KOTA BANDUNG,3273010,BANDUNG KULON,32.73.15,BANDUNG KULON,"PT. PROTELINDO, TBK",JL. KOMP. TAMAN HOLIS INDAH (BLOK KASUR) RT 03 RW  05,107.56031,-6.94297,POLE,28,-,METER,2020
2783,32,JAWA BARAT,3273,KOTA BANDUNG,3273010,BANDUNG KULON,32.73.15,BANDUNG KULON,"PT. PROTELINDO, TBK",JL. CIGONDEWAH (GEMPOL) RT 02 RW  01,107.5574,-6.9404,3 KAKI,30,-,METER,2020
2784,32,JAWA BARAT,3273,KOTA BANDUNG,3273010,BANDUNG KULON,32.73.15,BANDUNG KULON,"PT. PROTELINDO, TBK",JL. GG. AMBIA,107.56764,-6.92168,3 KAKI,31,-,METER,2020
2785,32,JAWA BARAT,3273,KOTA BANDUNG,3273010,BANDUNG KULON,32.73.15,BANDUNG KULON,"PT. PROTELINDO, TBK",KP. RENGGAS RT  04 RW  06,107.54964,-6.93032,3 KAKI,31,-,METER,2020
2786,32,JAWA BARAT,3273,KOTA BANDUNG,3273010,BANDUNG KULON,32.73.15,BANDUNG KULON,DAYA MITRA TELEKOMUNIKASI,JL. CIGONDEWAH KALER NO. 15 RT 01/,107.562335,-6.934936,POLE,24,-,METER,2020
2787,32,JAWA BARAT,3273,KOTA BANDUNG,3273010,BANDUNG KULON,32.73.15,BANDUNG KULON,DAYA MITRA TELEKOMUNIKASI,JL. HOLIS (INDOMARET) 010,107.574586,-6.926192,POLE,10,-,METER,2020
2788,32,JAWA BARAT,3273,KOTA BANDUNG,3273010,BANDUNG KULON,32.73.15,BANDUNG KULON,DAYA MITRA TELEKOMUNIKASI,JL. CIJERAH,107.570517,-6.918624,POLE,12,-,METER,2020
2789,32,JAWA BARAT,3273,KOTA BANDUNG,3273010,BANDUNG KULON,32.73.15,BANDUNG KULON,"PT. INDOSAT, TBK",TB RAHAYU II JI. CIBOLERANG NO. 69 RT 01/03,107.564855,-6.950523,4 KAKI,32,-,METER,2020
2790,32,JAWA BARAT,3273,KOTA BANDUNG,3273010,BANDUNG KULON,32.73.15,BANDUNG KULON,"PT. INDOSAT, TBK",JI. HOLIS NO. 35 RT 02/01,107.576388,-6.919555,4 KAKI,32,-,METER,2020
2791,32,JAWA BARAT,3273,KOTA BANDUNG,3273010,BANDUNG KULON,32.73.15,BANDUNG KULON,"PT. INDOSAT, TBK",AREA GERBANG TOL PASIR KOJA,107.5702791,-6.9310657,4 KAKI,42,-,METER,2020
2792,32,JAWA BARAT,3273,KOTA BANDUNG,3273010,BANDUNG KULON,32.73.15,BANDUNG KULON,PT. TOWER BERSAMA GROUP,JL. BOJONG RAYA NO. 48,107.571,-6.92754,4 KAKI,20,-,METER,2020
2793,32,JAWA BARAT,3273,KOTA BANDUNG,3273010,BANDUNG KULON,32.73.15,BANDUNG KULON,PT. TOWER BERSAMA GROUP,JL. CIJERAH RT 04,107.566,-6.92614,4 KAKI,42,-,METER,2020
2794,32,JAWA BARAT,3273,KOTA BANDUNG,3273010,BANDUNG KULON,32.73.15,BANDUNG KULON,PT. TOWER BERSAMA GROUP,JL. CIGONDEWAH RT 09/06,107.565,-6.94483,4 KAKI,32,-,METER,2020
2795,32,JAWA BARAT,3273,KOTA BANDUNG,3273010,BANDUNG KULON,32.73.15,BANDUNG KULON,PT. TOWER BERSAMA GROUP,JL. TAMAN HOLIS RT 02/03,107.562,-6.94841,4 KAKI,42,-,METER,2020
2796,32,JAWA BARAT,3273,KOTA BANDUNG,3273010,BANDUNG KULON,32.73.15,BANDUNG KULON,PT. TOWER BERSAMA GROUP,JL. GEMPOLSARI,107.557,-6.92985,4 KAKI,55,-,METER,2020
2797,32,JAWA BARAT,3273,KOTA BANDUNG,3273010,BANDUNG KULON,32.73.15,BANDUNG KULON,PT. SOLUSI TUNAS PRATAMA,KAMPUNG BLOK SAWAH RT 02 RW  02,107.5626,-6.93978,4 KAKI,32,-,METER,2020
2798,32,JAWA BARAT,3273,KOTA BANDUNG,3273010,BANDUNG KULON,32.73.15,BANDUNG KULON,PT. SOLUSI TUNAS PRATAMA,JL. CIGONDEWAH KIDUL NO.  1 RT 1 RW  1,107.56659,-6.940998,POLE,15,-,METER,2020
2799,32,JAWA BARAT,3273,KOTA BANDUNG,3273010,BANDUNG KULON,32.73.15,BANDUNG KULON,PT. TELKOMSEL,JL. TERUSAN SURYANI CIBUNTU TIMUR NO. 4 RT 6,107.580133,-6.923406,4 KAKI,32,-,METER,2020
2800,32,JAWA BARAT,3273,KOTA BANDUNG,3273010,BANDUNG KULON,32.73.15,BANDUNG KULON,PT. TELKOMSEL,JL. H. ALFI RT 03/01,107.573243,-6.919558,MONOPOLE,25,-,METER,2020
2801,32,JAWA BARAT,3273,KOTA BANDUNG,3273010,BANDUNG KULON,32.73.15,BANDUNG KULON,PT. TELKOMSEL,JL. MEKAR INDAH NO. 1 RT 08/08,107.565003,-6.923369,MONOPOLE,32,-,METER,2020
2802,32,JAWA BARAT,3273,KOTA BANDUNG,3273010,BANDUNG KULON,32.73.15,BANDUNG KULON,PT. TELKOMSEL,JL. CIGONDEWAH KIDUL NO. 12 RT 04/04,107.566441,-6.940984,MONOPOLE,42,-,METER,2020
2803,32,JAWA BARAT,3273,KOTA BANDUNG,3273010,BANDUNG KULON,32.73.15,BANDUNG KULON,PT. TELKOMSEL,JL. HOLIS RUKO 203,107.571503,-6.934268,4 KAKI,20,-,METER,2020
2804,32,JAWA BARAT,3273,KOTA BANDUNG,3273010,BANDUNG KULON,32.73.15,BANDUNG KULON,PT. TELKOMSEL,JL. MELONG ASIH,107.56551,-6.91954,POLE,6,-,METER,2020
2805,32,JAWA BARAT,3273,KOTA BANDUNG,3273010,BANDUNG KULON,32.73.15,BANDUNG KULON,PT. TELKOMSEL,JL. NANA ROHANA 99/82,107.57691,-6.92267,POLE,6,-,METER,2020
2806,32,JAWA BARAT,3273,KOTA BANDUNG,3273010,BANDUNG KULON,32.73.15,BANDUNG KULON,PT. TELKOMSEL,JL. PARALON GG. SAWARGI NO. 90 RT 02/01,107.568,-6.93078,POLE,6,-,METER,2020
2807,32,JAWA BARAT,3273,KOTA BANDUNG,3273010,BANDUNG KULON,32.73.15,BANDUNG KULON,PT. TELKOMSEL,JL. CIJERAH RT 1/4 NO.  139,107.569259,-6.923231,POLE,6,-,METER,2020
2808,32,JAWA BARAT,3273,KOTA BANDUNG,3273010,BANDUNG KULON,32.73.15,BANDUNG KULON,PT. CENTRATAMA MENARA INDONESIA,CIGONDEWAH KIDUL RT 04 RW 04,107.566069,-6.941038,4 KAKI,42,-,METER,2020
2809,32,JAWA BARAT,3273,KOTA BANDUNG,3273010,BANDUNG KULON,32.73.15,BANDUNG KULON,PT. CENTRATAMA MENARA INDONESIA,JL. PARALON NO. 12 RT  02 RW  11,107.5675,-6.931583,3 KAKI,25,-,METER,2020
2810,32,JAWA BARAT,3273,KOTA BANDUNG,3273010,BANDUNG KULON,32.73.15,BANDUNG KULON,"PT. XL AXIATA, TBK",JL. RAYA JEND. SUDIRMAN NO. 801 RT 06 RW 06,-6.915888889,107.569,3 KAKI,30,-,METER,2020
2811,32,JAWA BARAT,3273,KOTA BANDUNG,3273010,BANDUNG KULON,32.73.15,BANDUNG KULON,"PT. XL AXIATA, TBK",KOMPLEK MEKAR INDAH JL. MEKAR ASIH AF 9 NO. 9,-6.923027778,107.5644444,3 KAKI,30,-,METER,2020
2812,32,JAWA BARAT,3273,KOTA BANDUNG,3273010,BANDUNG KULON,32.73.15,BANDUNG KULON,"PT. XL AXIATA, TBK",JL. CIBOLERANG BARAT RT 04 RW 01,-6.951256,107.56596,4 KAKI,42,-,METER,2020
2813,32,JAWA BARAT,3273,KOTA BANDUNG,3273010,BANDUNG KULON,32.73.15,BANDUNG KULON,"PT. XL AXIATA, TBK",JL. CIJERAH NO. 111 RT  08 RW  04,-6.92094,107.56986,3 KAKI,25,-,METER,2020
2814,32,JAWA BARAT,3273,KOTA BANDUNG,3273010,BANDUNG KULON,32.73.15,BANDUNG KULON,"PT. XL AXIATA, TBK",JL. HOLIS RT 07 RW  07,-6.9308,107.57296,3 KAKI,52,-,METER,2020
2815,32,JAWA BARAT,3273,KOTA BANDUNG,3273010,BANDUNG KULON,32.73.15,BANDUNG KULON,"PT. XL AXIATA, TBK",JL. JATI GEMPOL SARI RT 07 RW 09,-6.93449,107.55415,3 KAKI,42,-,METER,2020
2816,32,JAWA BARAT,3273,KOTA BANDUNG,3273200,BANDUNG WETAN,32.73.09,BANDUNG WETAN,PT. PROTELINDO,JL. PROGO NO. 6,107.61746,-6.90516,MONOPOLE,42,-,METER,2020
2817,32,JAWA BARAT,3273,KOTA BANDUNG,3273200,BANDUNG WETAN,32.73.09,BANDUNG WETAN,PT. PROTELINDO,JL. PAJAJARAN NO. 28 RT 06 RW  18,107.60527,-6.90693,ROOFTOP MT,25,-,METER,2020
2818,32,JAWA BARAT,3273,KOTA BANDUNG,3273200,BANDUNG WETAN,32.73.09,BANDUNG WETAN,PT. PROTELINDO,JL. CITARUM NO. 16 RT 01 RW  03,107.62306,-6.90441,POLE,6,-,METER,2020
2819,32,JAWA BARAT,3273,KOTA BANDUNG,3273200,BANDUNG WETAN,32.73.09,BANDUNG WETAN,PT. PROTELINDO,JL. CIHAMPELAS NO. 76A RT  02 RW  09,107.60431,-6.90114,ROOFTOP MT,20,-,METER,2020
2820,32,JAWA BARAT,3273,KOTA BANDUNG,3273200,BANDUNG WETAN,32.73.09,BANDUNG WETAN,PT. PROTELINDO,JL. CIHAMPELAS NO. 70 RT  02 RW  09,107.60459,-6.90158,ROOFTOP MT,20,-,METER,2020
2821,32,JAWA BARAT,3273,KOTA BANDUNG,3273200,BANDUNG WETAN,32.73.09,BANDUNG WETAN,"PT. PROTELINDO, TBK",JL. IR. H. JUANDA NO. 61-63,107.61165,-6.90074,POLE,25,-,METER,2020
2822,32,JAWA BARAT,3273,KOTA BANDUNG,3273200,BANDUNG WETAN,32.73.09,BANDUNG WETAN,"PT. PROTELINDO, TBK",JL. R.E MARTADINATA NO. 28 RT 02 RW  01,107.61574,-6.90665,POLE,12,-,METER,2020
2823,32,JAWA BARAT,3273,KOTA BANDUNG,3273200,BANDUNG WETAN,32.73.09,BANDUNG WETAN,"PT. PROTELINDO, TBK",JL. WIRA ANGUN ANGUN NO.  15 RT 02 RW  02,107.61452,-6.90447,POLE,12,-,METER,2020
2824,32,JAWA BARAT,3273,KOTA BANDUNG,3273200,BANDUNG WETAN,32.73.09,BANDUNG WETAN,"PT. PROTELINDO, TBK",JL. PURNAWARMAN NO. 59,107.60905,-6.90329,POLE,15,-,METER,2020
2825,32,JAWA BARAT,3273,KOTA BANDUNG,3273200,BANDUNG WETAN,32.73.09,BANDUNG WETAN,DAYA MITRA TELEKOMUNIKASI,JL. RANGGA GADING NO. 8,107.610569,-6.9028684,POLE,6,-,METER,2020
2826,32,JAWA BARAT,3273,KOTA BANDUNG,3273200,BANDUNG WETAN,32.73.09,BANDUNG WETAN,DAYA MITRA TELEKOMUNIKASI,JL. N WASTUKENCANA GANG NANGKASUNI BANDUNG,107.6059,-6.9058602,POLE,3,-,METER,2020
2827,32,JAWA BARAT,3273,KOTA BANDUNG,3273200,BANDUNG WETAN,32.73.09,BANDUNG WETAN,"PT. INDOSAT, TBK",PRAMUKA (JL. RE MARTADINATA) NO. 159 RT 01/02,107.626213,-6.90934,4 KAKI,20,-,METER,2020
2828,32,JAWA BARAT,3273,KOTA BANDUNG,3273200,BANDUNG WETAN,32.73.09,BANDUNG WETAN,PT. TELKOMSEL,JL. RIAU-MARTADINATA NO. 56,107.619911,-6.90634,3 KAKI,15,-,METER,2020
2829,32,JAWA BARAT,3273,KOTA BANDUNG,3273200,BANDUNG WETAN,32.73.09,BANDUNG WETAN,PT. TELKOMSEL,JL. TRUNOJOYO  NO. 60,107.615667,-6.901921,3 KAKI,15,-,METER,2020
2830,32,JAWA BARAT,3273,KOTA BANDUNG,3273200,BANDUNG WETAN,32.73.09,BANDUNG WETAN,PT. TELKOMSEL,GEDUNG DAGO OFFICE SQUARE JL. IR. H. JUANDA NO. 48 RT  02 RW  04,107.612,-6.90125,POLE,6,-,METER,2020
2831,32,JAWA BARAT,3273,KOTA BANDUNG,3273200,BANDUNG WETAN,32.73.09,BANDUNG WETAN,PT. TELKOMSEL,JL. PELESIRAN NO. 9 RT 7 RW  4,107.60859,-6.89657,POLE,6,-,METER,2020
2832,32,JAWA BARAT,3273,KOTA BANDUNG,3273200,BANDUNG WETAN,32.73.09,BANDUNG WETAN,PT. TELKOMSEL,JL. SABANG NO. 5 RT 06 RW 01,107.621412,-6.908592,POLE,4,-,METER,2020
2833,32,JAWA BARAT,3273,KOTA BANDUNG,3273200,BANDUNG WETAN,32.73.09,BANDUNG WETAN,PT. TELKOMSEL,JL. TAMANSARI 6 - 8 BANDUNG JAWA BARAT - INDONESIA,107.6084,-6.9041,POLE,6,-,METER,2020
2834,32,JAWA BARAT,3273,KOTA BANDUNG,3273200,BANDUNG WETAN,32.73.09,BANDUNG WETAN,PT. TELKOMSEL,JL. CITARUM NO. 16 RT  01 RW  03,107.613518,-6.902661,POLE,6,-,METER,2020
2835,32,JAWA BARAT,3273,KOTA BANDUNG,3273200,BANDUNG WETAN,32.73.09,BANDUNG WETAN,PT. CENTRATAMA MENARA INDONESIA,JL. CIHAMPELAS NO. 112 RT 02/RW  07,107.60407,-6.89816,POLE,6,-,METER,2020
2836,32,JAWA BARAT,3273,KOTA BANDUNG,3273200,BANDUNG WETAN,32.73.09,BANDUNG WETAN,PT. CENTRATAMA MENARA INDONESIA,RENARITY FO JL. L. RE MARTADINATA (RIAU) NO. 26 RT 02 RW 01,107.61493,-6.9064,POLE,25,-,METER,2020
2837,32,JAWA BARAT,3273,KOTA BANDUNG,3273200,BANDUNG WETAN,32.73.09,BANDUNG WETAN,"PT. XL AXIATA, TBK",JL. H. JUANDA (DAGO) NO. 3 RT 01/01,-6.90606,107.61041,POLE,9,-,METER,2020
2838,32,JAWA BARAT,3273,KOTA BANDUNG,3273200,BANDUNG WETAN,32.73.09,BANDUNG WETAN,"PT. XL AXIATA, TBK",GRAND HOTEL SERELA JL. LLRE. MARTADINATA (RIAU) NO. 56,-6.90631,107.61998,POLE,9,-,METER,2020
2839,32,JAWA BARAT,3273,KOTA BANDUNG,3273200,BANDUNG WETAN,32.73.09,BANDUNG WETAN,HUTCHINSON,JL. MARTADINATA NO. 56,107.619976,-6.906308,POLE,15,-,METER,2020
2840,32,JAWA BARAT,3273,KOTA BANDUNG,3273200,BANDUNG WETAN,32.73.09,BANDUNG WETAN,NARAGITA,JL. TAMAN CIBEUNYING,107.62495,-6.90634,POLE,6,-,METER,2020
2841,32,JAWA BARAT,3273,KOTA BANDUNG,3273200,BANDUNG WETAN,32.73.09,BANDUNG WETAN,NARAGITA,JL. CILAKI DEPAN GEDUNG KANTAR POS GEDUNG SATE,107.62003,-6.9018,KAKI 3,25,-,METER,2020
2842,32,JAWA BARAT,3273,KOTA BANDUNG,3273160,BATUNUNGGAL,32.73.12,BATUNUNGGAL,DAYA MITRA TELEKOMUNIKASI,JL. AHMAD YANI NO. 248,107.627542,-6.917212,4 KAKI,25,-,METER,2020
2843,32,JAWA BARAT,3273,KOTA BANDUNG,3273160,BATUNUNGGAL,32.73.12,BATUNUNGGAL,DAYA MITRA TELEKOMUNIKASI,JL. CIBANGKONG,107.632997,-6.928094,POLE,24,-,METER,2020
2844,32,JAWA BARAT,3273,KOTA BANDUNG,3273160,BATUNUNGGAL,32.73.12,BATUNUNGGAL,DAYA MITRA TELEKOMUNIKASI,JL. JENDRAL AHMAD YANI NO. 456,107.641687,-6.909481,POLE,12,-,METER,2020
2845,32,JAWA BARAT,3273,KOTA BANDUNG,3273160,BATUNUNGGAL,32.73.12,BATUNUNGGAL,DAYA MITRA TELEKOMUNIKASI,JL. CIGONDEWAH KOLOT,107.63012,-6.92474,POLE,6,-,METER,2020
2846,32,JAWA BARAT,3273,KOTA BANDUNG,3273160,BATUNUNGGAL,32.73.12,BATUNUNGGAL,"PT. INDOSAT, TBK",BABAKAN JATI (KIARA CONDONG - SAMPING BORMA SWALAYAN)BI,107.641486,-6.942666,4 KAKI,32,-,METER,2020
2847,32,JAWA BARAT,3273,KOTA BANDUNG,3273160,BATUNUNGGAL,32.73.12,BATUNUNGGAL,"PT. INDOSAT, TBK",JI. AHMAD YANI NO. 312,107.634465,-6.913528,4 KAKI,25,-,METER,2020
2848,32,JAWA BARAT,3273,KOTA BANDUNG,3273160,BATUNUNGGAL,32.73.12,BATUNUNGGAL,"PT. INDOSAT, TBK",JL. TERUSAN RANCAGOONG II RT  05/04,107.637298,-6.93174,4 KAKI,55,-,METER,2020
2849,32,JAWA BARAT,3273,KOTA BANDUNG,3273160,BATUNUNGGAL,32.73.12,BATUNUNGGAL,PT. TOWER BERSAMA GROUP,JL. KIARA CONDONG NO. 350,107.642,-6.93696,4 KAKI,26,-,METER,2020
2850,32,JAWA BARAT,3273,KOTA BANDUNG,3273160,BATUNUNGGAL,32.73.12,BATUNUNGGAL,PT. TOWER BERSAMA GROUP,JL. SURADHARMA,107.635,-6.95166,POLE,36,-,METER,2020
2851,32,JAWA BARAT,3273,KOTA BANDUNG,3273160,BATUNUNGGAL,32.73.12,BATUNUNGGAL,PT. TELKOMSEL,JL. GATOT SUBROTO NO. 133,107.627008,-6.924539,4 KAKI,29,-,METER,2020
2852,32,JAWA BARAT,3273,KOTA BANDUNG,3273160,BATUNUNGGAL,32.73.12,BATUNUNGGAL,PT. TELKOMSEL,JL. JENDRAL GATOT SUBROTO,107.637204,-6.925313,POLE ROOFTOP,10,-,METER,2020
2853,32,JAWA BARAT,3273,KOTA BANDUNG,3273160,BATUNUNGGAL,32.73.12,BATUNUNGGAL,PT. TELKOMSEL,BLOK PINTU II NO. 46 / 126 C RT 04/04\,107.6441,-6.92524,POLE,6,-,METER,2020
2854,32,JAWA BARAT,3273,KOTA BANDUNG,3273160,BATUNUNGGAL,32.73.12,BATUNUNGGAL,PT. TELKOMSEL,JL. SOEKARNO HATTA NO. 549 RT 01 RW 012,107.63723,-6.94628,POLE,4,-,METER,2020
2855,32,JAWA BARAT,3273,KOTA BANDUNG,3273160,BATUNUNGGAL,32.73.12,BATUNUNGGAL,PT. TELKOMSEL,JL. N.BINO. NGJATI RT 02 RW  04,107.6399,-6.935,POLE,4,-,METER,2020
2856,32,JAWA BARAT,3273,KOTA BANDUNG,3273160,BATUNUNGGAL,32.73.12,BATUNUNGGAL,PT. TELKOMSEL,JL. CIBANGKONG LOR RT  04 RW  011,107.633628,-6.922738,POLE,6,-,METER,2020
2857,32,JAWA BARAT,3273,KOTA BANDUNG,3273160,BATUNUNGGAL,32.73.12,BATUNUNGGAL,PT. PROTELINDO,JL. JEND. A YANI NO. 358 RT  03/07 KODEPOS 40271,107.63664,-6.91247,ROOFTOP MT,40,-,METER,2020
2858,32,JAWA BARAT,3273,KOTA BANDUNG,3273160,BATUNUNGGAL,32.73.12,BATUNUNGGAL,"PT. PROTELINDO, TBK",JL. SUKABUMI DALAM NO. 14B/123 RT 08/06,107.63674,-6.91762,POLE,15,-,METER,2020
2859,32,JAWA BARAT,3273,KOTA BANDUNG,3273160,BATUNUNGGAL,32.73.12,BATUNUNGGAL,"PT. PROTELINDO, TBK",JL. BABAKAN JATI II RT 04 RW  08,107.64069,-6.94193,POLE,12,-,METER,2020
2860,32,JAWA BARAT,3273,KOTA BANDUNG,3273160,BATUNUNGGAL,32.73.12,BATUNUNGGAL,"PT. PROTELINDO, TBK",JL. KAREES NO. 36/118 D RT 01 RW  04,107.62814,-6.92327,POLE,12,-,METER,2020
2861,32,JAWA BARAT,3273,KOTA BANDUNG,3273160,BATUNUNGGAL,32.73.12,BATUNUNGGAL,PT. SOLUSI TUNAS PRATAMA,-,107.64407,-6.92859,POLE,15,-,METER,2020
2862,32,JAWA BARAT,3273,KOTA BANDUNG,3273160,BATUNUNGGAL,32.73.12,BATUNUNGGAL,PT. SOLUSI TUNAS PRATAMA,JL. IBRAHIM ADJIE NO. 362,107.64203,-6.9379,POLE,9,-,METER,2020
2863,32,JAWA BARAT,3273,KOTA BANDUNG,3273160,BATUNUNGGAL,32.73.12,BATUNUNGGAL,PT. SOLUSI TUNAS PRATAMA,JL. LIBRA V NO. 11.,107.63631,-6.93844,POLE,9,-,METER,2020
2864,32,JAWA BARAT,3273,KOTA BANDUNG,3273160,BATUNUNGGAL,32.73.12,BATUNUNGGAL,PT. SOLUSI TUNAS PRATAMA,SURYA TJONG  STORE JL. JEND. GATOT SUBROTO NO. 245 RT 01 RW  03.,107.63358,-6.92601,4 KAKI,20,-,METER,2020
2865,32,JAWA BARAT,3273,KOTA BANDUNG,3273160,BATUNUNGGAL,32.73.12,BATUNUNGGAL,PT. SOLUSI TUNAS PRATAMA,JL. SUKARNO  HATTA NO. 450 BANDUNG,107.62291,-6.95121,4 KAKI,60,-,METER,2020
2866,32,JAWA BARAT,3273,KOTA BANDUNG,3273160,BATUNUNGGAL,32.73.12,BATUNUNGGAL,PT. SOLUSI TUNAS PRATAMA,JL. SOEKARNO  HATTA GANG.H.KURDI RT 02/10,107.63921,-6.944559,POLE,20,-,METER,2020
2867,32,JAWA BARAT,3273,KOTA BANDUNG,3273160,BATUNUNGGAL,32.73.12,BATUNUNGGAL,PT. CENTRATAMA MENARA INDONESIA,JL. GARUT I NO. 1 RT 02 RW  04,107.6319,-6.917556,4 KAKI,24,-,METER,2020
2868,32,JAWA BARAT,3273,KOTA BANDUNG,3273160,BATUNUNGGAL,32.73.12,BATUNUNGGAL,PT. CENTRATAMA MENARA INDONESIA,JL. GATOT SUBROTO NO. 180Â  RT 6/3,107.638738,-6.929419,4 KAKI,25,-,METER,2020
2869,32,JAWA BARAT,3273,KOTA BANDUNG,3273160,BATUNUNGGAL,32.73.12,BATUNUNGGAL,PT. CENTRATAMA MENARA INDONESIA,JL. LASWI 98 BANDUNG,107.63033,-6.9219,POLE,32,-,METER,2020
2870,32,JAWA BARAT,3273,KOTA BANDUNG,3273160,BATUNUNGGAL,32.73.12,BATUNUNGGAL,"PT. XL AXIATA, TBK",JL. JAKARTA NO. 73 RT 05 RW  03,-6.913833333,107.6425278,POLE,15,-,METER,2020
2871,32,JAWA BARAT,3273,KOTA BANDUNG,3273160,BATUNUNGGAL,32.73.12,BATUNUNGGAL,"PT. XL AXIATA, TBK",JL. GUMURUH NO. 87 RT  01 RW  06,-6.933888889,107.638,3 KAKI,30,-,METER,2020
2872,32,JAWA BARAT,3273,KOTA BANDUNG,3273160,BATUNUNGGAL,32.73.12,BATUNUNGGAL,"PT. XL AXIATA, TBK",JL. JATIMULYA 3 NO. 96 02RW  11,-6.94275,107.6364722,3 KAKI,31,-,METER,2020
2873,32,JAWA BARAT,3273,KOTA BANDUNG,3273160,BATUNUNGGAL,32.73.12,BATUNUNGGAL,"PT. XL AXIATA, TBK",JL. AHMAD YANI NO. 326 RT 01/ RW  07 BANDUNG,-6.9134,107.63497,3 KAKI,25,-,METER,2020
2874,32,JAWA BARAT,3273,KOTA BANDUNG,3273160,BATUNUNGGAL,32.73.12,BATUNUNGGAL,HUTCHINSON,BANDUNG SUPER MALL JL. GATOT SUBROTO 289 BANDUNG,107.636639,-6.924972,POLE,15,-,METER,2020
2875,32,JAWA BARAT,3273,KOTA BANDUNG,3273160,BATUNUNGGAL,32.73.12,BATUNUNGGAL,HUTCHINSON,JL. GATOT SUBROTO NO. 289,107.63715,-6.92533,POLE,6,-,METER,2020
2876,32,JAWA BARAT,3273,KOTA BANDUNG,3273030,BOJONGLOA KALER,32.73.04,BOJONGLOA KALER,"PT. XL AXIATA, TBK",JL. BABAKAN TAROGONG NO. 110,-6.9328,107.59279,3 KAKI,25,-,METER,2020
2877,32,JAWA BARAT,3273,KOTA BANDUNG,3273030,BOJONGLOA KALER,32.73.04,BOJONGLOA KALER,DAYA MITRA TELEKOMUNIKASI,JL. KOPO NO. 86 RT 01/07,107.596706,-6.931463,POLE,6,-,METER,2020
2878,32,JAWA BARAT,3273,KOTA BANDUNG,3273030,BOJONGLOA KALER,32.73.04,BOJONGLOA KALER,DAYA MITRA TELEKOMUNIKASI,JL. BABAKAN TARUYONG,107.592667,-6.932969,3 KAKI,15,-,METER,2020
2879,32,JAWA BARAT,3273,KOTA BANDUNG,3273030,BOJONGLOA KALER,32.73.04,BOJONGLOA KALER,DAYA MITRA TELEKOMUNIKASI,JL. PETA NO. 252 D,107.586139,-6.927391,POLE,9,-,METER,2020
2880,32,JAWA BARAT,3273,KOTA BANDUNG,3273030,BOJONGLOA KALER,32.73.04,BOJONGLOA KALER,DAYA MITRA TELEKOMUNIKASI,JL. BABAKAN CIPARAY,107.58484,-6.930082,POLE,3,-,METER,2020
2881,32,JAWA BARAT,3273,KOTA BANDUNG,3273030,BOJONGLOA KALER,32.73.04,BOJONGLOA KALER,"PT. INDOSAT, TBK",JL. BABAKAN CIPARAY NO. 299 RT 01/011,107.584552,-6.941879,4 KAKI,42,-,METER,2020
2882,32,JAWA BARAT,3273,KOTA BANDUNG,3273030,BOJONGLOA KALER,32.73.04,BOJONGLOA KALER,"PT. INDOSAT, TBK",BLOK PETIR RW  05,107.589633,-6.931292,4 KAKI,42,-,METER,2020
2883,32,JAWA BARAT,3273,KOTA BANDUNG,3273030,BOJONGLOA KALER,32.73.04,BOJONGLOA KALER,"PT. INDOSAT, TBK",JL. RAYA KOPO DEPAN PINTU TOL KOPO,107.581486,-6.956352,4 KAKI,52,-,METER,2020
2884,32,JAWA BARAT,3273,KOTA BANDUNG,3273030,BOJONGLOA KALER,32.73.04,BOJONGLOA KALER,PT. TOWER BERSAMA GROUP,JL. TITIAN KENCANA,107.589,-6.93355,4 KAKI,26,-,METER,2020
2885,32,JAWA BARAT,3273,KOTA BANDUNG,3273030,BOJONGLOA KALER,32.73.04,BOJONGLOA KALER,PT. TOWER BERSAMA GROUP,JL. KOPO,107.589,-6.93864,4 KAKI,53,-,METER,2020
2886,32,JAWA BARAT,3273,KOTA BANDUNG,3273030,BOJONGLOA KALER,32.73.04,BOJONGLOA KALER,PT. TELKOMSEL,JL. SOEKARNO  HATTA NO. 70 I,107.590198,-6.946097,4 KAKI,20,-,METER,2020
2887,32,JAWA BARAT,3273,KOTA BANDUNG,3273030,BOJONGLOA KALER,32.73.04,BOJONGLOA KALER,PT. TELKOMSEL,JL. MUTIARA TERUSAN PASIR KOJA,107.59359,-6.92954,POLE,6,-,METER,2020
2888,32,JAWA BARAT,3273,KOTA BANDUNG,3273040,BOJONGLOA KIDUL,32.73.17,BOJONGLOA KIDUL,"PT. XL AXIATA, TBK",JL. KOMPLEK MUARA (DEPAN NO. 21) SEBELAH KANTOR CAMAT BOJONGLOA KIDUL,-6.941916667,107.5974722,4 KAKI,30,-,METER,2020
2889,32,JAWA BARAT,3273,KOTA BANDUNG,3273030,BOJONGLOA KALER,32.73.04,BOJONGLOA KALER,"PT. XL AXIATA, TBK",JL. RAYA WACHID HASYIM (KOPO),-6.941444444,107.5882222,3 KAKI,30,-,METER,2020
2890,32,JAWA BARAT,3273,KOTA BANDUNG,3273030,BOJONGLOA KALER,32.73.04,BOJONGLOA KALER,"PT. XL AXIATA, TBK",JL. JAMIKA NO. 96 RT 05 RW  07,-6.921833333,107.5834444,3 KAKI,15,-,METER,2020
2891,32,JAWA BARAT,3273,KOTA BANDUNG,3273040,BOJONGLOA KIDUL,32.73.17,BOJONGLOA KIDUL,DAYA MITRA TELEKOMUNIKASI,JL. MEKAR PUSPITA NO. 88,107.598683,-6.950684,POLE,6,-,METER,2020
2892,32,JAWA BARAT,3273,KOTA BANDUNG,3273040,BOJONGLOA KIDUL,32.73.17,BOJONGLOA KIDUL,DAYA MITRA TELEKOMUNIKASI,BABAKAN MUSLIMIN RT 03/06,107.608889,-6.955549,POLE,12,-,METER,2020
2893,32,JAWA BARAT,3273,KOTA BANDUNG,3273040,BOJONGLOA KIDUL,32.73.17,BOJONGLOA KIDUL,"PT. INDOSAT, TBK",JL. PETA NO. 75 RT 12/03 SITUSAEUR,107.598223,-6.937988,4 KAKI,25,-,METER,2020
2894,32,JAWA BARAT,3273,KOTA BANDUNG,3273040,BOJONGLOA KIDUL,32.73.17,BOJONGLOA KIDUL,"PT. INDOSAT, TBK",JL. CIBADUYUT NO. 53KEBON LEGA,107.594605,-6.949694,4 KAKI,32,-,METER,2020
2895,32,JAWA BARAT,3273,KOTA BANDUNG,3273040,BOJONGLOA KIDUL,32.73.17,BOJONGLOA KIDUL,PT. TOWER BERSAMA GROUP,JL. LEUWI PANJANG NO. 90  RT 01/06,107.596,-6.94289,4 KAKI,25,-,METER,2020
2896,32,JAWA BARAT,3273,KOTA BANDUNG,3273040,BOJONGLOA KIDUL,32.73.17,BOJONGLOA KIDUL,PT. TOWER BERSAMA GROUP,JL. GAUNG DAYA BAKTI 3 RT 10/04,107.595,-6.94664,MCP,12,-,METER,2020
2897,32,JAWA BARAT,3273,KOTA BANDUNG,3273040,BOJONGLOA KIDUL,32.73.17,BOJONGLOA KIDUL,PT. TELKOMSEL,JL. CIBADUYUT RAYA NO. 142,107.592709,-6.955679,3 KAKI,12,-,METER,2020
2898,32,JAWA BARAT,3273,KOTA BANDUNG,3273040,BOJONGLOA KIDUL,32.73.17,BOJONGLOA KIDUL,PT. TELKOMSEL,JL. PETA NO. 123,107.595281,-6.937215,3 KAKI,20,-,METER,2020
2899,32,JAWA BARAT,3273,KOTA BANDUNG,3273040,BOJONGLOA KIDUL,32.73.17,BOJONGLOA KIDUL,PT. TELKOMSEL,JL. MEKAR MOLEK NO. 21,107.603461,-6.956559,4 KAKI,32,-,METER,2020
2900,32,JAWA BARAT,3273,KOTA BANDUNG,3273040,BOJONGLOA KIDUL,32.73.17,BOJONGLOA KIDUL,PT. TELKOMSEL,VISI BOOK STORE JL. MEKARÂ LAKSANA NO.  1 RT 02 RW  06,107.605881,-6.953934,POLE,6,-,METER,2020
2901,32,JAWA BARAT,3273,KOTA BANDUNG,3273040,BOJONGLOA KIDUL,32.73.17,BOJONGLOA KIDUL,PT. TELKOMSEL,KP. WARNA CINTA RT  04 RW  03,107.599998,-6.95464,POLE,6,-,METER,2020
2902,32,JAWA BARAT,3273,KOTA BANDUNG,3273040,BOJONGLOA KIDUL,32.73.17,BOJONGLOA KIDUL,"PT. XL AXIATA, TBK",JL. SOEKARNO  HATTA NO. 162,-6.948222222,107.5978611,3 KAKI,15,-,METER,2020
2903,32,JAWA BARAT,3273,KOTA BANDUNG,3273030,BOJONGLOA KALER,32.73.04,BOJONGLOA KALER,"PT. PROTELINDO, TBK",JL. AMD 10 NO. 17 A RT 06 RW  07  KOD.POS  40232,107.59183,-6.93055,3 KAKI,35,-,METER,2020
2904,32,JAWA BARAT,3273,KOTA BANDUNG,3273030,BOJONGLOA KALER,32.73.04,BOJONGLOA KALER,"PT. PROTELINDO, TBK",JL. BABAKAN CIPARAY  NO.  195 RT  07 RW  07 KODE POS 40233,107.58497,-6.93266,3 KAKI,35,-,METER,2020
2905,32,JAWA BARAT,3273,KOTA BANDUNG,3273030,BOJONGLOA KALER,32.73.04,BOJONGLOA KALER,"PT. PROTELINDO, TBK",JL. PUSRI RT  04 RW  11 NO.,107.58635,-6.94245,3 KAKI,35,-,METER,2020
2906,32,JAWA BARAT,3273,KOTA BANDUNG,3273030,BOJONGLOA KALER,32.73.04,BOJONGLOA KALER,"PT. PROTELINDO, TBK",JL. K. H. WAHID HASYIM / KOPO NO. 218 RT 01 RW  04,107.59516,-6.93653,4 KAKI,25,-,METER,2020
2907,32,JAWA BARAT,3273,KOTA BANDUNG,3273030,BOJONGLOA KALER,32.73.04,BOJONGLOA KALER,"PT. PROTELINDO, TBK",JL. LUNA IV NO. 8 RT 015 RW  04,107.59215,-6.92061,POLE,12,-,METER,2020
2908,32,JAWA BARAT,3273,KOTA BANDUNG,3273030,BOJONGLOA KALER,32.73.04,BOJONGLOA KALER,"PT. PROTELINDO, TBK",JL. KOPO NO. 178 RT  04 RW  03,107.59575,-6.9344,POLE,6,-,METER,2020
2909,32,JAWA BARAT,3273,KOTA BANDUNG,3273030,BOJONGLOA KALER,32.73.04,BOJONGLOA KALER,"PT. PROTELINDO, TBK",GG PESANTREN/JL. PETART 01/RW 03,107.59227,-6.93454,3 KAKI,31,-,METER,2020
2910,32,JAWA BARAT,3273,KOTA BANDUNG,3273030,BOJONGLOA KALER,32.73.04,BOJONGLOA KALER,PT. SOLUSI TUNAS PRATAMA,JL. JENDRAL SUDIRMAN 511,107.5869,-6.91904,POLE,15,-,METER,2020
2911,32,JAWA BARAT,3273,KOTA BANDUNG,3273030,BOJONGLOA KALER,32.73.04,BOJONGLOA KALER,PT. SOLUSI TUNAS PRATAMA,JL. PANGARSIH NO.  142 RT 10 RW  04,107.5917778,-6.922388889,3 KAKI,20,-,METER,2020
2912,32,JAWA BARAT,3273,KOTA BANDUNG,3273030,BOJONGLOA KALER,32.73.04,BOJONGLOA KALER,HUTCHINSON,JL. PETA NO. 25E RT 03/RW 06,107.58629,-6.92727,POLE,12,-,METER,2020
2913,32,JAWA BARAT,3273,KOTA BANDUNG,3273040,BOJONGLOA KIDUL,32.73.17,BOJONGLOA KIDUL,PT. PROTELINDO,JL. CIBADUYUT RAYA NO. 85-87,107.5941,-6.95068,POLE,6,-,METER,2020
2914,32,JAWA BARAT,3273,KOTA BANDUNG,3273040,BOJONGLOA KIDUL,32.73.17,BOJONGLOA KIDUL,PT. PROTELINDO,JL. KARASAK BARAT NO. 5B RT 01 RW  09,107.60233,-6.94882,POLE,9,-,METER,2020
2915,32,JAWA BARAT,3273,KOTA BANDUNG,3273040,BOJONGLOA KIDUL,32.73.17,BOJONGLOA KIDUL,PT. PROTELINDO,JL. KOMPLEK MEKAR WANGI RT 3 RW  3,107.59968,-6.95328,SST,42,-,METER,2020
2916,32,JAWA BARAT,3273,KOTA BANDUNG,3273040,BOJONGLOA KIDUL,32.73.17,BOJONGLOA KIDUL,"PT. PROTELINDO, TBK",JL. CIBADUYUT RAYA NO. 55A RT 01 RW  10,107.59406,-6.94964,3 KAKI,20,-,METER,2020
2917,32,JAWA BARAT,3273,KOTA BANDUNG,3273040,BOJONGLOA KIDUL,32.73.17,BOJONGLOA KIDUL,"PT. PROTELINDO, TBK",JL. K.H WAHID HASIM NO. 235 RT  02 RW  06 KODE POS 40234,107.59364,-6.93964,3 KAKI,20,-,METER,2020
2918,32,JAWA BARAT,3273,KOTA BANDUNG,3273040,BOJONGLOA KIDUL,32.73.17,BOJONGLOA KIDUL,"PT. PROTELINDO, TBK",JL. CIBADUYUT RAYA NO. 142 RT 01 RW  05,107.59255,-6.95623,3 KAKI,30,-,METER,2020
2919,32,JAWA BARAT,3273,KOTA BANDUNG,3273040,BOJONGLOA KIDUL,32.73.17,BOJONGLOA KIDUL,"PT. PROTELINDO, TBK",GG. GAGAK HANDOKO NO. 66/198 B RT 04 RW  01,107.5976,-6.93353,4 KAKI,25,-,METER,2020
2920,32,JAWA BARAT,3273,KOTA BANDUNG,3273040,BOJONGLOA KIDUL,32.73.17,BOJONGLOA KIDUL,"PT. PROTELINDO, TBK",JL. LEUWISARI X NO. 28 RT 01 RW  08,107.59833,-6.94594,POLE,12,-,METER,2020
2921,32,JAWA BARAT,3273,KOTA BANDUNG,3273040,BOJONGLOA KIDUL,32.73.17,BOJONGLOA KIDUL,"PT. PROTELINDO, TBK",JL. KOPO NO. 367 RT 01 RW  07,107.58945,-6.9466,POLE,12,-,METER,2020
2922,32,JAWA BARAT,3273,KOTA BANDUNG,3273040,BOJONGLOA KIDUL,32.73.17,BOJONGLOA KIDUL,"PT. PROTELINDO, TBK",JL. SAUYUNAN MAS V NO. 1,107.58988,-6.95126,POLE,12,-,METER,2020
2923,32,JAWA BARAT,3273,KOTA BANDUNG,3273040,BOJONGLOA KIDUL,32.73.17,BOJONGLOA KIDUL,"PT. PROTELINDO, TBK",JL. LEUWI ANYAR I NO. 33,107.59479,-6.94386,POLE,12,-,METER,2020
2924,32,JAWA BARAT,3273,KOTA BANDUNG,3273040,BOJONGLOA KIDUL,32.73.17,BOJONGLOA KIDUL,"PT. PROTELINDO, TBK",JL. MEKAR AGUNG NO. 1-3 RT  02 RW  04,107.60651,-6.95562,POLE,12,-,METER,2020
2925,32,JAWA BARAT,3273,KOTA BANDUNG,3273040,BOJONGLOA KIDUL,32.73.17,BOJONGLOA KIDUL,"PT. PROTELINDO, TBK",KOMPLEK PERT OKOAN ISTANA MEKARW ANGI JL. KARASAK BARAT MEKAR MAS KAV. 5E,107.60221,-6.94889,POLE,6,-,METER,2020
2926,32,JAWA BARAT,3273,KOTA BANDUNG,3273040,BOJONGLOA KIDUL,32.73.17,BOJONGLOA KIDUL,"PT. PROTELINDO, TBK",JL. MUARASARI I NO. 41 RT  02 RW  11,107.59996,-6.94457,POLE,6,-,METER,2020
2927,32,JAWA BARAT,3273,KOTA BANDUNG,3273040,BOJONGLOA KIDUL,32.73.17,BOJONGLOA KIDUL,"PT. PROTELINDO, TBK",JL. LEUWI PANJANG GG. H. SAMSUDIN RT 09 RW 04,107.59394,-6.94505,POLE,6,-,METER,2020
2928,32,JAWA BARAT,3273,KOTA BANDUNG,3273040,BOJONGLOA KIDUL,32.73.17,BOJONGLOA KIDUL,"PT. PROTELINDO, TBK",JL. ANGGACARANGRT 01/04,107.603,-6.9571,3 KAKI,31,-,METER,2020
2929,32,JAWA BARAT,3273,KOTA BANDUNG,3273040,BOJONGLOA KIDUL,32.73.17,BOJONGLOA KIDUL,PT. SOLUSI TUNAS PRATAMA,JL. RANCAMAYA,107.5956111,-6.9555,3 KAKI,32,-,METER,2020
2930,32,JAWA BARAT,3273,KOTA BANDUNG,3273040,BOJONGLOA KIDUL,32.73.17,BOJONGLOA KIDUL,PT. SOLUSI TUNAS PRATAMA,KOMPLEKS PERUMAHAN BABAKAN MUSLIMIN NO. 40 RT 03/RW 06,107.6091389,-6.955555556,POLE,6,-,METER,2020
2931,32,JAWA BARAT,3273,KOTA BANDUNG,3273040,BOJONGLOA KIDUL,32.73.17,BOJONGLOA KIDUL,PT. SOLUSI TUNAS PRATAMA,JL. CIBADUYUT LAMA NO. 37 RT  07 RW  07,107.5907222,-6.948166667,3 KAKI,31,-,METER,2020
2932,32,JAWA BARAT,3273,KOTA BANDUNG,3273040,BOJONGLOA KIDUL,32.73.17,BOJONGLOA KIDUL,PT. CENTRATAMA MENARA INDONESIA,JL. LEUWI PANJANG NO. 34 RT 07 RW  07,107.59639,-6.93988,POLE,9,-,METER,2020
2933,32,JAWA BARAT,3273,KOTA BANDUNG,3273040,BOJONGLOA KIDUL,32.73.17,BOJONGLOA KIDUL,"PT. XL AXIATA, TBK",JL. CIPARAY TENGAH NO. 1  RT 05 RW 01,-6.96207,107.59291,3 KAKI,42,-,METER,2020
2934,32,JAWA BARAT,3273,KOTA BANDUNG,3273040,BOJONGLOA KIDUL,32.73.17,BOJONGLOA KIDUL,HUTCHINSON,JL. KARASAK NO. 63 RT 05/RW 05,107.60626,-6.94988,POLE,9,-,METER,2020
2935,32,JAWA BARAT,3273,KOTA BANDUNG,3273090,BUAHBATU,32.73.22,BUAHBATU,PT. PROTELINDO,JL. CIJAWURA GIRANG RAYA RT 01 RW  014,107.64861,-6.9442,SST,30,-,METER,2020
2936,32,JAWA BARAT,3273,KOTA BANDUNG,3273090,BUAHBATU,32.73.22,BUAHBATU,PT. PROTELINDO,JL. MARGACINTA NO. 52 A RT  01 RW  04,107.64299,-6.95494,CAMOUFLAGE,6,-,METER,2020
2937,32,JAWA BARAT,3273,KOTA BANDUNG,3273090,BUAHBATU,32.73.22,BUAHBATU,"PT. PROTELINDO, TBK",JL. RANCABOLANG NO. 16,107.66242,-6.94628,4 KAKI,35,-,METER,2020
2938,32,JAWA BARAT,3273,KOTA BANDUNG,3273090,BUAHBATU,32.73.22,BUAHBATU,"PT. PROTELINDO, TBK",JL. KAWALUYAAN RT 06 RW  06,107.66224,-6.93728,4 KAKI,25,-,METER,2020
2939,32,JAWA BARAT,3273,KOTA BANDUNG,3273090,BUAHBATU,32.73.22,BUAHBATU,"PT. PROTELINDO, TBK",JL. CIJAWURA GIRANG II/3 RT 02 RW  14,107.64632,-6.94745,POLE,12,-,METER,2020
2940,32,JAWA BARAT,3273,KOTA BANDUNG,3273090,BUAHBATU,32.73.22,BUAHBATU,"PT. PROTELINDO, TBK",JL. PERMATA KAWALUYAAN D-6 RT 03 RW  04,107.66301,-6.9313,POLE,21,-,METER,2020
2941,32,JAWA BARAT,3273,KOTA BANDUNG,3273090,BUAHBATU,32.73.22,BUAHBATU,"PT. PROTELINDO, TBK",JL. MARGASARI NO. 221A RT 04 RW  10,107.65995,-6.95783,3 KAKI,43,-,METER,2020
2942,32,JAWA BARAT,3273,KOTA BANDUNG,3273090,BUAHBATU,32.73.22,BUAHBATU,"PT. PROTELINDO, TBK",JL. CIJAWURA HILIR (GG. 3) RT 06 RW  012,107.65709,-6.96332,4 KAKI,20,-,METER,2020
2943,32,JAWA BARAT,3273,KOTA BANDUNG,3273090,BUAHBATU,32.73.22,BUAHBATU,"PT. PROTELINDO, TBK",JL. SANGGAR KENCANA UTAMA,107.66679,-6.93847,POLE,12,-,METER,2020
2944,32,JAWA BARAT,3273,KOTA BANDUNG,3273090,BUAHBATU,32.73.22,BUAHBATU,"PT. PROTELINDO, TBK",JL. MARGAHAYU RAYA BLOK L2 NO. 125A,107.65762,-6.95005,4 KAKI,27,-,METER,2020
2945,32,JAWA BARAT,3273,KOTA BANDUNG,3273090,BUAHBATU,32.73.22,BUAHBATU,PT. CENTRATAMA MENARA INDONESIA,CIJAWURA HILIR RT 04 RW  12,107.66012,-6.96594,4 KAKI,42,-,METER,2020
2946,32,JAWA BARAT,3273,KOTA BANDUNG,3273090,BUAHBATU,32.73.22,BUAHBATU,"PT. XL AXIATA, TBK",JL. CIWASTRA RT  04 RW  01,-6.95865,107.65773,3 KAKI,42,-,METER,2020
2947,32,JAWA BARAT,3273,KOTA BANDUNG,3273090,BUAHBATU,32.73.22,BUAHBATU,PT. PERMATA KARYA PERDANA,JL. JUPITER IX RT 06 RW 02,107.66022,-6.94584,POLE,18,-,METER,2020
2948,32,JAWA BARAT,3273,KOTA BANDUNG,3273090,BUAHBATU,32.73.22,BUAHBATU,NARAGITA,JL. MARGAWANGI RAYA 1 NO. 3 RT  03/04,107.65203,-6.96254,POLE,36,-,METER,2020
2949,32,JAWA BARAT,3273,KOTA BANDUNG,3273090,BUAHBATU,32.73.22,BUAHBATU,DAYA MITRA TELEKOMUNIKASI,JL. KENCANA WANGI UTARA,107.652494,-6.959432,4 KAKI,42,-,METER,2020
2950,32,JAWA BARAT,3273,KOTA BANDUNG,3273090,BUAHBATU,32.73.22,BUAHBATU,DAYA MITRA TELEKOMUNIKASI,JL. CIPAGALO GIRANG NO. 81,107.64789,-6.953073,POLE,18,-,METER,2020
2951,32,JAWA BARAT,3273,KOTA BANDUNG,3273090,BUAHBATU,32.73.22,BUAHBATU,DAYA MITRA TELEKOMUNIKASI,JATI SARI,107.6631357,-6.93494,POLE,20,-,METER,2020
2952,32,JAWA BARAT,3273,KOTA BANDUNG,3273090,BUAHBATU,32.73.22,BUAHBATU,DAYA MITRA TELEKOMUNIKASI,JL. CIJAURA GIRANG NO. 2,107.648057,-6.944564,3 KAKI,10,-,METER,2020
2953,32,JAWA BARAT,3273,KOTA BANDUNG,3273090,BUAHBATU,32.73.22,BUAHBATU,"PT. INDOSAT, TBK",JI.CIPAGALO GIRANG RT 02/03],107.647887,-6.950068,4 KAKI,52,-,METER,2020
2954,32,JAWA BARAT,3273,KOTA BANDUNG,3273090,BUAHBATU,32.73.22,BUAHBATU,PT. TOWER BERSAMA GROUP,JL. RANCASAWO,107.671,-6.95976,4 KAKI,52,-,METER,2020
2955,32,JAWA BARAT,3273,KOTA BANDUNG,3273090,BUAHBATU,32.73.22,BUAHBATU,PT. TOWER BERSAMA GROUP,JL. CIJAURA ILIR RT 15/06,107.66,-6.96045,POLE,9,-,METER,2020
2956,32,JAWA BARAT,3273,KOTA BANDUNG,3273090,BUAHBATU,32.73.22,BUAHBATU,PT. TOWER BERSAMA GROUP,JL. CIJAWURA GIRANG RT 13/08,107.653,-6.9477,4 KAKI,36,-,METER,2020
2957,32,JAWA BARAT,3273,KOTA BANDUNG,3273090,BUAHBATU,32.73.22,BUAHBATU,PT. TOWER BERSAMA GROUP,JL. TERUSAN CIWASTRA,107.64,-6.95473,3 KAKI,31,-,METER,2020
2958,32,JAWA BARAT,3273,KOTA BANDUNG,3273090,BUAHBATU,32.73.22,BUAHBATU,PT. TELKOMSEL,JL. SOEKARNO  HATTA NO. 702,107.661227,-6.938452,4 KAKI,0,-,METER,2020
2959,32,JAWA BARAT,3273,KOTA BANDUNG,3273090,BUAHBATU,32.73.22,BUAHBATU,PT. TELKOMSEL,JL. MARGAASIH NO. 3B,107.653295,-6.958473,4 KAKI,52,-,METER,2020
2960,32,JAWA BARAT,3273,KOTA BANDUNG,3273090,BUAHBATU,32.73.22,BUAHBATU,PT. TELKOMSEL,JL. KIARASARI 1,107.644093,-6.94899,4 KAKI,36,-,METER,2020
2961,32,JAWA BARAT,3273,KOTA BANDUNG,3273090,BUAHBATU,32.73.22,BUAHBATU,PT. TELKOMSEL,JL. KOMPLEK KPAD PINDAD TIMUR,107.654966,-6.939251,4 KAKI,42,-,METER,2020
2962,32,JAWA BARAT,3273,KOTA BANDUNG,3273090,BUAHBATU,32.73.22,BUAHBATU,PT. TELKOMSEL,JL. RANCABOLANG MARGAHAYU RAYA,107.661372,-6.952211,4 KAKI,52,-,METER,2020
2963,32,JAWA BARAT,3273,KOTA BANDUNG,3273090,BUAHBATU,32.73.22,BUAHBATU,PT. TELKOMSEL,JL. TERUSAN IBRAHIM ADJIE NO. 46 RT 04 RW 01,107.64134,-6.94755,POLE,6,-,METER,2020
2964,32,JAWA BARAT,3273,KOTA BANDUNG,3273090,BUAHBATU,32.73.22,BUAHBATU,PT. TELKOMSEL,JL. MARGA BARU II NO. 5,107.64408,-6.95587,POLE,6,-,METER,2020
2965,32,JAWA BARAT,3273,KOTA BANDUNG,3273090,BUAHBATU,32.73.22,BUAHBATU,PT. TELKOMSEL,JL. BATU PERMATA I NO. 24 RT 03 RW  07,107.647876,-6.957058,POLE,6,-,METER,2020
2966,32,JAWA BARAT,3273,KOTA BANDUNG,3273090,BUAHBATU,32.73.22,BUAHBATU,PT. TELKOMSEL,RANCABOLANG BARAT BLK.S II NO. 49 RT 05 RW 011,107.655765,-6.945409,POLE,6,-,METER,2020
2967,32,JAWA BARAT,3273,KOTA BANDUNG,3273090,BUAHBATU,32.73.22,BUAHBATU,PT. SOLUSI TUNAS PRATAMA,JL. RANCABOLANG RT 06 RW 09,107.6619167,-6.952416667,4 KAKI,30,-,METER,2020
2968,32,JAWA BARAT,3273,KOTA BANDUNG,3273090,BUAHBATU,32.73.22,BUAHBATU,PT. SOLUSI TUNAS PRATAMA,JL. KOMPLEKS PASIR PAGAR BLOK RQ NO. 7 RT 02/RW 14,107.6603889,-6.965666667,POLE,9,-,METER,2020
2969,32,JAWA BARAT,3273,KOTA BANDUNG,3273210,CIBEUNYING KIDUL,32.73.14,CIBEUNYING KIDUL,DAYA MITRA TELEKOMUNIKASI,JL. JAKARTA NO. 73,107.642545,-6.913858,POLE,12,-,METER,2020
2970,32,JAWA BARAT,3273,KOTA BANDUNG,3273210,CIBEUNYING KIDUL,32.73.14,CIBEUNYING KIDUL,DAYA MITRA TELEKOMUNIKASI,JL. BOJONG KONENG NO. 12 RT 04 RW  12,107.6437193,-6.89435,POLE,6,-,METER,2020
2971,32,JAWA BARAT,3273,KOTA BANDUNG,3273210,CIBEUNYING KIDUL,32.73.14,CIBEUNYING KIDUL,"PT. INDOSAT, TBK",YIN PRAMUKHA VII KOMPLEK PERUMAHAN PUSENIF,107.637677,-6.904531,4 KAKI,42,-,METER,2020
2972,32,JAWA BARAT,3273,KOTA BANDUNG,3273210,CIBEUNYING KIDUL,32.73.14,CIBEUNYING KIDUL,"PT. INDOSAT, TBK",JL. JENDRAL A.YANI NO. 995 RT 01 RW 04 CICAHEUM,107.658064,-6.902114,POLE,6,-,METER,2020
2973,32,JAWA BARAT,3273,KOTA BANDUNG,3273210,CIBEUNYING KIDUL,32.73.14,CIBEUNYING KIDUL,PT. TOWER BERSAMA GROUP,JL. BABAKAN GEMPOL RT 04/04,107.651,-6.90012,POLE,30,-,METER,2020
2974,32,JAWA BARAT,3273,KOTA BANDUNG,3273210,CIBEUNYING KIDUL,32.73.14,CIBEUNYING KIDUL,PT. TOWER BERSAMA GROUP,BOJONGKONENG ATAS,107.645,-6.88972,4 KAKI,42,-,METER,2020
2975,32,JAWA BARAT,3273,KOTA BANDUNG,3273210,CIBEUNYING KIDUL,32.73.14,CIBEUNYING KIDUL,PT. TOWER BERSAMA GROUP,JL. JENDRAL AHMAD YANI NO. 635,107.644,-6.90792,POLE,18,-,METER,2020
2976,32,JAWA BARAT,3273,KOTA BANDUNG,3273210,CIBEUNYING KIDUL,32.73.14,CIBEUNYING KIDUL,PT. TOWER BERSAMA GROUP,JL. JENDRAL AHMAD YANI NO. 393,107.638,-6.91126,4 KAKI,26,-,METER,2020
2977,32,JAWA BARAT,3273,KOTA BANDUNG,3273210,CIBEUNYING KIDUL,32.73.14,CIBEUNYING KIDUL,PT. TOWER BERSAMA GROUP,JL. YUDHA WATSU PRAMUKA,107.637,-6.90355,4 KAKI,36,-,METER,2020
2978,32,JAWA BARAT,3273,KOTA BANDUNG,3273210,CIBEUNYING KIDUL,32.73.14,CIBEUNYING KIDUL,PT. TELKOMSEL,JL. JENDRAL AHMAD YANI NO. 971,107.657469,-6.902067,3 KAKI,20,-,METER,2020
2979,32,JAWA BARAT,3273,KOTA BANDUNG,3273210,CIBEUNYING KIDUL,32.73.14,CIBEUNYING KIDUL,PT. TELKOMSEL,JL. JENDRAL AHMAD YANI,107.639463,-6.910643,3 KAKI,20,-,METER,2020
2980,32,JAWA BARAT,3273,KOTA BANDUNG,3273210,CIBEUNYING KIDUL,32.73.14,CIBEUNYING KIDUL,PT. TELKOMSEL,JL. CIGADUNG RAYA BARU,107.623974,-6.86769,4 KAKI,42,-,METER,2020
2981,32,JAWA BARAT,3273,KOTA BANDUNG,3273210,CIBEUNYING KIDUL,32.73.14,CIBEUNYING KIDUL,PT. TELKOMSEL,JL. PURI ASRI RT 09/11,107.645694,-6.896857,4 KAKI,42,-,METER,2020
2982,32,JAWA BARAT,3273,KOTA BANDUNG,3273210,CIBEUNYING KIDUL,32.73.14,CIBEUNYING KIDUL,PT. TELKOMSEL,JL. JEND A. YANI NO. 689 RT 02/07,107.64633,-6.90682,POLE,6,-,METER,2020
2983,32,JAWA BARAT,3273,KOTA BANDUNG,3273210,CIBEUNYING KIDUL,32.73.14,CIBEUNYING KIDUL,PT. TELKOMSEL,JL. PADASUKA PARIR LAYUNGRT 02 RW  03,107.65776,-6.89234,POLE,4,-,METER,2020
2984,32,JAWA BARAT,3273,KOTA BANDUNG,3273210,CIBEUNYING KIDUL,32.73.14,CIBEUNYING KIDUL,PT. TELKOMSEL,JL. SUKA MULUS NO.  47 RT 01 RW  09 Â,107.63764,-6.90828,POLE,6,-,METER,2020
2985,32,JAWA BARAT,3273,KOTA BANDUNG,3273210,CIBEUNYING KIDUL,32.73.14,CIBEUNYING KIDUL,PT. TELKOMSEL,JL. SUKARAJIN 2 GG SASTRO DIJARJO NO.  10 RT 5/12,107.63968,-6.90233,POLE,6,-,METER,2020
2986,32,JAWA BARAT,3273,KOTA BANDUNG,3273210,CIBEUNYING KIDUL,32.73.14,CIBEUNYING KIDUL,PT. TELKOMSEL,JL. NEGLASARI SELATAN RT 03 RW 04,107.64758,-6.90213,POLE,6,-,METER,2020
2987,32,JAWA BARAT,3273,KOTA BANDUNG,3273220,CIBEUNYING KALER,32.73.18,CIBEUNYING KALER,"PT. PROTELINDO, TBK",JL. RANCA KENDAL,107.62811,-6.87568,3 KAKI,42,-,METER,2020
2988,32,JAWA BARAT,3273,KOTA BANDUNG,3273210,CIBEUNYING KIDUL,32.73.14,CIBEUNYING KIDUL,"PT. XL AXIATA, TBK",JL. PADASUKA GG.DONGDAK RT 05 RW 01,-6.88764,107.66123,4 KAKI,42,-,METER,2020
2989,32,JAWA BARAT,3273,KOTA BANDUNG,3273220,CIBEUNYING KALER,32.73.18,CIBEUNYING KALER,PT. PERMATA KARYA PERDANA,JL. CIGADUNG RAYA TIMUR NO.  42,107.63017,-68898.0,POLE,16,-,METER,2020
2990,32,JAWA BARAT,3273,KOTA BANDUNG,3273220,CIBEUNYING KALER,32.73.18,CIBEUNYING KALER,PT. PROTELINDO,APOTIK LIA FARMAJL. SURAPATI NO. 68 RT 02 RW  04,107.62832,-6.90008,POLE,6,-,METER,2020
2991,32,JAWA BARAT,3273,KOTA BANDUNG,3273220,CIBEUNYING KALER,32.73.18,CIBEUNYING KALER,"PT. PROTELINDO, TBK",JL. GAGAK NO. 126 RT 01 RW  04,107.62787,-6.89575,4 KAKI,25,-,METER,2020
2992,32,JAWA BARAT,3273,KOTA BANDUNG,3273220,CIBEUNYING KALER,32.73.18,CIBEUNYING KALER,"PT. PROTELINDO, TBK",MASJID AL-MUSLIM JL. CIBEUNYING PERMAI RAYA NO. 38 RT 04/RW  011.,107.62822,-6.88768,POLE,6,-,METER,2020
2993,32,JAWA BARAT,3273,KOTA BANDUNG,3273220,CIBEUNYING KALER,32.73.18,CIBEUNYING KALER,"PT. PROTELINDO, TBK",JL. CUKANG KAWUNG NO. 70 RT 01 RW  14,107.63407,-6.88846,POLE,12,-,METER,2020
2994,32,JAWA BARAT,3273,KOTA BANDUNG,3273220,CIBEUNYING KALER,32.73.18,CIBEUNYING KALER,"PT. PROTELINDO, TBK",JL. CIGADUNG RAYA TENGAH NO. 66 RT 02 RW  06,107.62769,-6.88212,POLE,12,-,METER,2020
2995,32,JAWA BARAT,3273,KOTA BANDUNG,3273220,CIBEUNYING KALER,32.73.18,CIBEUNYING KALER,"PT. PROTELINDO, TBK",JL. RANCAKENDAL 1B RT 05 RW  01,107.62807,-6.87586,3 KAKI,40,-,METER,2020
2996,32,JAWA BARAT,3273,KOTA BANDUNG,3273220,CIBEUNYING KALER,32.73.18,CIBEUNYING KALER,"PT. PROTELINDO, TBK",JL. SIDOMUKTI NO. 58 RT 02 RW  07,107.63112,-6.89357,POLE,12,-,METER,2020
2997,32,JAWA BARAT,3273,KOTA BANDUNG,3273220,CIBEUNYING KALER,32.73.18,CIBEUNYING KALER,"PT. PROTELINDO, TBK",JL. MANTERON NO. 1B RT 06 RW 11,107.63069,-6.89638,POLE,9,-,METER,2020
2998,32,JAWA BARAT,3273,KOTA BANDUNG,3273220,CIBEUNYING KALER,32.73.18,CIBEUNYING KALER,"PT. PROTELINDO, TBK",GG. MASJID AL-IKHLAS RT  02 RW  08,107.62675,-6.88318,POLE,6,-,METER,2020
2999,32,JAWA BARAT,3273,KOTA BANDUNG,3273220,CIBEUNYING KALER,32.73.18,CIBEUNYING KALER,"PT. PROTELINDO, TBK",JL. SUPRATMAN  NO. 90,107.62762,-6.90275,4 KAKI,30,-,METER,2020
3000,32,JAWA BARAT,3273,KOTA BANDUNG,3273220,CIBEUNYING KALER,32.73.18,CIBEUNYING KALER,DAYA MITRA TELEKOMUNIKASI,JL. MANTERON,107.630722,-6.896353,4 KAKI,10,-,METER,2020
3001,32,JAWA BARAT,3273,KOTA BANDUNG,3273220,CIBEUNYING KALER,32.73.18,CIBEUNYING KALER,"PT. INDOSAT, TBK",JL. CIKUTRA BARU VI (BLOK SEKEJATI) RT  03/05,107.641024,-6.896255,4 KAKI,32,-,METER,2020
3002,32,JAWA BARAT,3273,KOTA BANDUNG,3273220,CIBEUNYING KALER,32.73.18,CIBEUNYING KALER,PT. TOWER BERSAMA GROUP,JL. CIKUTRA BARU IV,107.64,-6.8957,4 KAKI,42,-,METER,2020
3003,32,JAWA BARAT,3273,KOTA BANDUNG,3273220,CIBEUNYING KALER,32.73.18,CIBEUNYING KALER,PT. TOWER BERSAMA GROUP,CIGADUNG SETRA 1 NO. 28 RT 01/10,107.629,-6.88676,4 KAKI,25,-,METER,2020
3004,32,JAWA BARAT,3273,KOTA BANDUNG,3273220,CIBEUNYING KALER,32.73.18,CIBEUNYING KALER,PT. TOWER BERSAMA GROUP,JL. CIGADUNG RAYA TENGAH NO.  50,107.629,-6.8824,4 KAKI,32,-,METER,2020
3005,32,JAWA BARAT,3273,KOTA BANDUNG,3273220,CIBEUNYING KALER,32.73.18,CIBEUNYING KALER,PT. TOWER BERSAMA GROUP,JL. CIGADUNG RAYA KP. CIPAHEUT KIDUL RT 03/04,107.623,-6.87401,4 KAKI,42,-,METER,2020
3006,32,JAWA BARAT,3273,KOTA BANDUNG,3273220,CIBEUNYING KALER,32.73.18,CIBEUNYING KALER,PT. SOLUSI TUNAS PRATAMA,JL. PAHLAWAN BELAKANGÂ  NO.  17 BANDUNG,107.63358,-6.900051,POLE,15,-,METER,2020
3007,32,JAWA BARAT,3273,KOTA BANDUNG,3273220,CIBEUNYING KALER,32.73.18,CIBEUNYING KALER,PT. SOLUSI TUNAS PRATAMA,APOTIK LIA FARMA JL. SURAPATI NO. 68 RT 02 RW  04.,107.62831,-6.90015,3 KAKI,20,-,METER,2020
3008,32,JAWA BARAT,3273,KOTA BANDUNG,3273220,CIBEUNYING KALER,32.73.18,CIBEUNYING KALER,PT. TELKOMSEL,JL. GAGAK,107.627999,-6.895626,KAMUFLASE POHON,30,-,METER,2020
3009,32,JAWA BARAT,3273,KOTA BANDUNG,3273220,CIBEUNYING KALER,32.73.18,CIBEUNYING KALER,PT. TELKOMSEL,JL. TUBAGUS ISMAIL VII NO. 60,107.62171,-6.880003,4 KAKI,55,-,METER,2020
3010,32,JAWA BARAT,3273,KOTA BANDUNG,3273220,CIBEUNYING KALER,32.73.18,CIBEUNYING KALER,PT. TELKOMSEL,JL. SUPRATMAN,107.629424,-6.905577,3 KAKI,12,-,METER,2020
3011,32,JAWA BARAT,3273,KOTA BANDUNG,3273220,CIBEUNYING KALER,32.73.18,CIBEUNYING KALER,PT. TELKOMSEL,JL. CIGADUNG SELATAN NO.  21 RT 03 RW  08,107.62709,-6.88473,POLE,6,-,METER,2020
3012,32,JAWA BARAT,3273,KOTA BANDUNG,3273220,CIBEUNYING KALER,32.73.18,CIBEUNYING KALER,PT. TELKOMSEL,JL. CIKUTRA NO. 312 RT  04/02,107.638134,-6.893621,POLE,6,-,METER,2020
3013,32,JAWA BARAT,3273,KOTA BANDUNG,3273220,CIBEUNYING KALER,32.73.18,CIBEUNYING KALER,PT. TELKOMSEL,TERUSAN CISOKA RT 01/08,107.6326,-6.9026,POLE,6,-,METER,2020
3014,32,JAWA BARAT,3273,KOTA BANDUNG,3273220,CIBEUNYING KALER,32.73.18,CIBEUNYING KALER,PT. TELKOMSEL,GG. TILIL II NO. 340/144C RT  06 RW  01,107.6221028,-6.899163889,POLE,6,-,METER,2020
3015,32,JAWA BARAT,3273,KOTA BANDUNG,3273220,CIBEUNYING KALER,32.73.18,CIBEUNYING KALER,PT. CENTRATAMA MENARA INDONESIA,JL. CIBEUNYING PERMAI RAYA NO. 38 RT /RW  04/11,107.62817,-6.88771,4 KAKI,4,-,METER,2020
3016,32,JAWA BARAT,3273,KOTA BANDUNG,3273220,CIBEUNYING KALER,32.73.18,CIBEUNYING KALER,"PT. XL AXIATA, TBK",JL. GAGAK RT  01 RW  03,-6.89721,107.62515,3 KAKI,52,-,METER,2020
3017,32,JAWA BARAT,3273,KOTA BANDUNG,3273220,CIBEUNYING KALER,32.73.18,CIBEUNYING KALER,HUTCHINSON,JL. PHH.MUSTAFA NO. 27 RT 03/RW 01,107.63696,-6.89808,POLE,9,-,METER,2020
3018,32,JAWA BARAT,3273,KOTA BANDUNG,3273210,CIBEUNYING KIDUL,32.73.14,CIBEUNYING KIDUL,PT. PROTELINDO,JL. CIKUTRA NO. 31 RT 01 RW  10,107.64369,-6.90508,ROOFTOP MT,20,-,METER,2020
3019,32,JAWA BARAT,3273,KOTA BANDUNG,3273210,CIBEUNYING KIDUL,32.73.14,CIBEUNYING KIDUL,PT. PROTELINDO,JL. JEND. AHMAD YANI NO. 535 A RT 01 RW  01,107.64167,-6.90932,ROOFTOP MT,20,-,METER,2020
3020,32,JAWA BARAT,3273,KOTA BANDUNG,3273210,CIBEUNYING KIDUL,32.73.14,CIBEUNYING KIDUL,PT. PROTELINDO,JL. JEND. AHMAD YANI NO. 435 RT 01 RW  02,107.63926,-6.91061,POLE,12,-,METER,2020
3021,32,JAWA BARAT,3273,KOTA BANDUNG,3273210,CIBEUNYING KIDUL,32.73.14,CIBEUNYING KIDUL,"PT. PROTELINDO, TBK",JL. CITAMIANG  NO. 55 RT  01 RW  07,107.63478,-6.9078,4 KAKI,18,-,METER,2020
3022,32,JAWA BARAT,3273,KOTA BANDUNG,3273210,CIBEUNYING KIDUL,32.73.14,CIBEUNYING KIDUL,"PT. PROTELINDO, TBK",JL. PROF. DRG. SURYA SUMANTRI NO. 60 B RT 01 RW  01,107.58173,-6.88732,4 KAKI,20,-,METER,2020
3023,32,JAWA BARAT,3273,KOTA BANDUNG,3273210,CIBEUNYING KIDUL,32.73.14,CIBEUNYING KIDUL,"PT. PROTELINDO, TBK",JL. P.H.H MUSTOPA NO. 85 RT 07 RW  02,107.6452,-6.90016,POLE,20,-,METER,2020
3024,32,JAWA BARAT,3273,KOTA BANDUNG,3273210,CIBEUNYING KIDUL,32.73.14,CIBEUNYING KIDUL,"PT. PROTELINDO, TBK",JL. SUKASENANG NO. 3 RT 6 RW  15,107.63746,-6.89885,POLE,12,-,METER,2020
3025,32,JAWA BARAT,3273,KOTA BANDUNG,3273210,CIBEUNYING KIDUL,32.73.14,CIBEUNYING KIDUL,PT. SOLUSI TUNAS PRATAMA,JL. JEND. AHMAD YANI NO. 524-526 RT 03 RW  05,107.64388,-6.90798,POLE,6,-,METER,2020
3026,32,JAWA BARAT,3273,KOTA BANDUNG,3273210,CIBEUNYING KIDUL,32.73.14,CIBEUNYING KIDUL,PT. SOLUSI TUNAS PRATAMA,GG. SUKA MULYA RT 02 RW 09,107.64175,-6.904222222,3 KAKI,31,-,METER,2020
3027,32,JAWA BARAT,3273,KOTA BANDUNG,3273210,CIBEUNYING KIDUL,32.73.14,CIBEUNYING KIDUL,PT. SOLUSI TUNAS PRATAMA,JL. RAYA A YANI NO. 630 BANDUNG,107.64755,-6.906635,4 KAKI,20,-,METER,2020
3028,32,JAWA BARAT,3273,KOTA BANDUNG,3273210,CIBEUNYING KIDUL,32.73.14,CIBEUNYING KIDUL,"PT. XL AXIATA, TBK",JL. TUGU ASRI I NO. B8 RT 05 RW 013,-6.895777778,107.6516389,3 KAKI,30,-,METER,2020
3029,32,JAWA BARAT,3273,KOTA BANDUNG,3273210,CIBEUNYING KIDUL,32.73.14,CIBEUNYING KIDUL,"PT. XL AXIATA, TBK",JL. SUPRATMAN NO. 60 BANDUNG,-6.90558,107.63112,POLE,36,-,METER,2020
3030,32,JAWA BARAT,3273,KOTA BANDUNG,3273210,CIBEUNYING KIDUL,32.73.14,CIBEUNYING KIDUL,"PT. XL AXIATA, TBK",JL. AHMAD YANI NO. 943 RT 07/09,-6.90223,107.65671,3 KAKI,25,-,METER,2020
3031,32,JAWA BARAT,3273,KOTA BANDUNG,3273220,CIBEUNYING KALER,32.73.18,CIBEUNYING KALER,"PT. XL AXIATA, TBK",JL. LAPANGAN GOLF DAGO ATAS NO. 78,-6.86768,107.62442,4 KAKI,42,-,METER,2020
3032,32,JAWA BARAT,3273,KOTA BANDUNG,3273210,CIBEUNYING KIDUL,32.73.14,CIBEUNYING KIDUL,"PT. XL AXIATA, TBK",JL. CIKUTRA NO. 10 RT  01 / RW  08,-6.90798,107.64388,3 KAKI,25,-,METER,2020
3033,32,JAWA BARAT,3273,KOTA BANDUNG,3273110,CIBIRU,32.73.25,CIBIRU,"PT. PROTELINDO, TBK",JL. MANISI,107.72021,-6.92799,3 KAKI,36,-,METER,2020
3034,32,JAWA BARAT,3273,KOTA BANDUNG,3273110,CIBIRU,32.73.25,CIBIRU,"PT. PROTELINDO, TBK",JL. SINDANGSARI RT 03 RW  04,107.7028,-6.91755,3 KAKI,35,-,METER,2020
3035,32,JAWA BARAT,3273,KOTA BANDUNG,3273110,CIBIRU,32.73.25,CIBIRU,"PT. PROTELINDO, TBK",JL. CILENGKRANG RT 04 RW  05,107.71944,-6.91299,3 KAKI,53,-,METER,2020
3036,32,JAWA BARAT,3273,KOTA BANDUNG,3273110,CIBIRU,32.73.25,CIBIRU,"PT. PROTELINDO, TBK",JL. CIGAGAK RT 06 RW  014,107.71799,-6.9208,4 KAKI,25,-,METER,2020
3037,32,JAWA BARAT,3273,KOTA BANDUNG,3273110,CIBIRU,32.73.25,CIBIRU,"PT. PROTELINDO, TBK",JL. DESA CIPADUNG NO. 166,107.71609,-6.92779,4 KAKI,26,-,METER,2020
3038,32,JAWA BARAT,3273,KOTA BANDUNG,3273110,CIBIRU,32.73.25,CIBIRU,"PT. PROTELINDO, TBK",JL. MEKARJATI RT 03 RW  05,107.72392,-6.92932,3 KAKI,31,-,METER,2020
3039,32,JAWA BARAT,3273,KOTA BANDUNG,3273110,CIBIRU,32.73.25,CIBIRU,"PT. PROTELINDO, TBK",JL. GEMPOL NO. 2,107.70503,-6.93037,3 KAKI,31,-,METER,2020
3040,32,JAWA BARAT,3273,KOTA BANDUNG,3273110,CIBIRU,32.73.25,CIBIRU,DAYA MITRA TELEKOMUNIKASI,JL. A.H NASUTION  525 RT 02/010,107.716833,-6.934267,POLE,20,-,METER,2020
3041,32,JAWA BARAT,3273,KOTA BANDUNG,3273110,CIBIRU,32.73.25,CIBIRU,"PT. INDOSAT, TBK",CILENGKANG II NO. 53 RT 03/09,107.71229,-6.924538,4 KAKI,52,-,METER,2020
3042,32,JAWA BARAT,3273,KOTA BANDUNG,3273110,CIBIRU,32.73.25,CIBIRU,PT. TOWER BERSAMA GROUP,EASTERNHILS-CIGURUWIK,107.726,-6.92728,4 KAKI,42,-,METER,2020
3043,32,JAWA BARAT,3273,KOTA BANDUNG,3273110,CIBIRU,32.73.25,CIBIRU,PT. TOWER BERSAMA GROUP,JL. SUKALUYU,107.726,-6.91648,4 KAKI,42,-,METER,2020
3044,32,JAWA BARAT,3273,KOTA BANDUNG,3273110,CIBIRU,32.73.25,CIBIRU,PT. TOWER BERSAMA GROUP,JL. SUKALUYU RT 01/12,107.723,-6.91934,4 KAKI,55,-,METER,2020
3045,32,JAWA BARAT,3273,KOTA BANDUNG,3273110,CIBIRU,32.73.25,CIBIRU,PT. TOWER BERSAMA GROUP,JL. MANISI GG. REFORMASI NO. 5 RT 03/13,107.72,-6.9239,4 KAKI,42,-,METER,2020
3046,32,JAWA BARAT,3273,KOTA BANDUNG,3273110,CIBIRU,32.73.25,CIBIRU,PT. TOWER BERSAMA GROUP,JL. A.H NASUTION RT 01/02 KM 13,107.712,-6.92931,4 KAKI,42,-,METER,2020
3047,32,JAWA BARAT,3273,KOTA BANDUNG,3273110,CIBIRU,32.73.25,CIBIRU,PT. SOLUSI TUNAS PRATAMA,JL. RAYA CIPADUNG RT 01/RW 01,107.71018,-6.92274,3 KAKI,31,-,METER,2020
3048,32,JAWA BARAT,3273,KOTA BANDUNG,3273110,CIBIRU,32.73.25,CIBIRU,PT. SOLUSI TUNAS PRATAMA,JL. CICALENGKRANG 1 KP.CIGAGAK RT /RW 05/07,107.72625,-6.907944444,3 KAKI,31,-,METER,2020
3049,32,JAWA BARAT,3273,KOTA BANDUNG,3273110,CIBIRU,32.73.25,CIBIRU,PT. SOLUSI TUNAS PRATAMA,JL. CILENGKARANG I NO. 113 RT 03/RW 05,107.7175833,-6.913388889,POLE,15,-,METER,2020
3050,32,JAWA BARAT,3273,KOTA BANDUNG,3273110,CIBIRU,32.73.25,CIBIRU,PT. TELKOMSEL,JL. RAYA CIBIRU,107.722183,-6.932906,4 KAKI,52,-,METER,2020
3051,32,JAWA BARAT,3273,KOTA BANDUNG,3273110,CIBIRU,32.73.25,CIBIRU,PT. TELKOMSEL,JL. CILENGKRANG 2 KP. GANDOL RT 05/05,107.720919,-6.915996,4 KAKI,42,-,METER,2020
3052,32,JAWA BARAT,3273,KOTA BANDUNG,3273110,CIBIRU,32.73.25,CIBIRU,PT. TELKOMSEL,MEKARJATI RT  02 RW  05,107.723805,-6.929838,POLE,6,-,METER,2020
3053,32,JAWA BARAT,3273,KOTA BANDUNG,3273111,PANYILEUKAN,32.73.28,PANYILEUKAN,"PT. XL AXIATA, TBK",JL. RAYA CIPADUNG NO. 159 RT 03 RW 10,-6.93475,107.718,4 KAKI,50,-,METER,2020
3054,32,JAWA BARAT,3273,KOTA BANDUNG,3273111,PANYILEUKAN,32.73.28,PANYILEUKAN,"PT. XL AXIATA, TBK",JL. PANYILEUKAN V RT 02/RW 13,-6.944917,107.708306,3 KAKI,30,-,METER,2020
3055,32,JAWA BARAT,3273,KOTA BANDUNG,3273110,CIBIRU,32.73.25,CIBIRU,NARAGITA,JL. DESA CIBIRU WETAN BANDUNG,107.73625,-6.9154,POLE,12,-,METER,2020
3056,32,JAWA BARAT,3273,KOTA BANDUNG,3273010,BANDUNG KULON,32.73.15,BANDUNG KULON,PT. SOLUSI TUNAS PRATAMA,JL. SOEKARNO  HATTA NO. 47 BANDUNG,107.6993,-6.93426,4 KAKI,43,-,METER,2020
3057,32,JAWA BARAT,3273,KOTA BANDUNG,3273141,ANTAPANI,32.73.20,ANTAPANI,"PT. PROTELINDO, TBK",TERUSAN JL. JAKARTA RT 03 RW 07 KODE POS 40291,107.66006,-6.91344,3 KAKI,35,-,METER,2020
3058,32,JAWA BARAT,3273,KOTA BANDUNG,3273141,ANTAPANI,32.73.20,ANTAPANI,"PT. PROTELINDO, TBK",JL. CIBODAS BARU RT 02 RW  022  KODE POS 40291,107.66467,-6.92014,3 KAKI,30,-,METER,2020
3059,32,JAWA BARAT,3273,KOTA BANDUNG,3273150,KIARACONDONG,32.73.16,KIARACONDONG,"PT. XL AXIATA, TBK",JL. JEND. A YANI NO. 804 - RT 01 RW  05,-6.902972222,107.6546944,3 KAKI,15,-,METER,2020
3060,32,JAWA BARAT,3273,KOTA BANDUNG,3273142,MANDALAJATI,32.73.30,MANDALAJATI,"PT. XL AXIATA, TBK",JL. PASIR IMPUN BARAT NO. 35 RT  04/05,-6.902833333,107.6751667,4 KAKI,30,-,METER,2020
3061,32,JAWA BARAT,3273,KOTA BANDUNG,3273141,ANTAPANI,32.73.20,ANTAPANI,"PT. XL AXIATA, TBK",JL. DEPOK NO. 16A ANTAPANI,-6.9147,107.657,4 KAKI,30,-,METER,2020
3062,32,JAWA BARAT,3273,KOTA BANDUNG,3273190,CICENDO,32.73.06,CICENDO,PT. PROTELINDO,KOMPLEK ISTANA PASTEUR REGENCY RT 05 RW  06,107.57563,-6.89108,POLE,12,-,METER,2020
3063,32,JAWA BARAT,3273,KOTA BANDUNG,3273190,CICENDO,32.73.06,CICENDO,"PT. PROTELINDO, TBK",JL. DR. ABDUL RIVAI NO.  1,107.60364,-6.90461,3 KAKI,25,-,METER,2020
3064,32,JAWA BARAT,3273,KOTA BANDUNG,3273190,CICENDO,32.73.06,CICENDO,"PT. PROTELINDO, TBK",JL. CICENDO NO. 19 A RT 04 RW  05,107.60359,-6.91075,4 KAKI,28,-,METER,2020
3065,32,JAWA BARAT,3273,KOTA BANDUNG,3273190,CICENDO,32.73.06,CICENDO,"PT. PROTELINDO, TBK",JL. ARJUNA NO. 15 RT 02 RW  08,107.59084,-6.91009,POLE,15,-,METER,2020
3066,32,JAWA BARAT,3273,KOTA BANDUNG,3273190,CICENDO,32.73.06,CICENDO,"PT. PROTELINDO, TBK",JL. H. MESRI NO. 36A/68 RT 04 RW  06,107.60066,-6.90915,POLE,12,-,METER,2020
3067,32,JAWA BARAT,3273,KOTA BANDUNG,3273190,CICENDO,32.73.06,CICENDO,"PT. PROTELINDO, TBK",JL. GUNUNG BATU NO. 135,107.5648,-6.88866,4 KAKI,23,-,METER,2020
3068,32,JAWA BARAT,3273,KOTA BANDUNG,3273190,CICENDO,32.73.06,CICENDO,"PT. PROTELINDO, TBK",JL. BUNISUGIH RT  03 RW  04,107.55842,-6.88916,3 KAKI,32,-,METER,2020
3069,32,JAWA BARAT,3273,KOTA BANDUNG,3273190,CICENDO,32.73.06,CICENDO,"PT. PROTELINDO, TBK",JL. DR. DJUNJUNGAN DALAM NO.  8A RT 01 RW 03 KODE POS 40173,107.58747,-6.89621,3 KAKI,25,-,METER,2020
3070,32,JAWA BARAT,3273,KOTA BANDUNG,3273190,CICENDO,32.73.06,CICENDO,DAYA MITRA TELEKOMUNIKASI,JL. KU. SUPADIO NO. 30,107.585541,-6.909555,4 KAKI,36,-,METER,2020
3071,32,JAWA BARAT,3273,KOTA BANDUNG,3273190,CICENDO,32.73.06,CICENDO,DAYA MITRA TELEKOMUNIKASI,JL. CITEPUS 3 RT 07/11,107.589333,-6.900101,POLE,9,-,METER,2020
3072,32,JAWA BARAT,3273,KOTA BANDUNG,3273190,CICENDO,32.73.06,CICENDO,DAYA MITRA TELEKOMUNIKASI,JL. KAF. KATA NEGARA,107.58556,-6.900011,4 KAKI,36,-,METER,2020
3073,32,JAWA BARAT,3273,KOTA BANDUNG,3273190,CICENDO,32.73.06,CICENDO,"PT. INDOSAT, TBK",JL. KOMODOR UDARA SUPADIO NO. 30 RT 09/06,107.585693,-6.909366,4 KAKI,45,-,METER,2020
3074,32,JAWA BARAT,3273,KOTA BANDUNG,3273190,CICENDO,32.73.06,CICENDO,"PT. INDOSAT, TBK",JL. PASIRKALIKI NO. 102 (TESSA CELLULAR),107.597824,-6.908759,4 KAKI,20,-,METER,2020
3075,32,JAWA BARAT,3273,KOTA BANDUNG,3273190,CICENDO,32.73.06,CICENDO,"PT. INDOSAT, TBK",JL. DR. RUM NO. 30-32,107.600667,-6.905082,4 KAKI,15,-,METER,2020
3076,32,JAWA BARAT,3273,KOTA BANDUNG,3273190,CICENDO,32.73.06,CICENDO,PT. TOWER BERSAMA GROUP,JL. PASIR KALIKI NO. 36-42,107.598,-6.9119,POLE,6,-,METER,2020
3077,32,JAWA BARAT,3273,KOTA BANDUNG,3273190,CICENDO,32.73.06,CICENDO,PT. TOWER BERSAMA GROUP,JL. AGUSTA,107.573,-6.89504,4 KAKI,36,-,METER,2020
3078,32,JAWA BARAT,3273,KOTA BANDUNG,3273190,CICENDO,32.73.06,CICENDO,PT. TOWER BERSAMA GROUP,JL. BUMI SUGIH,107.559,-6.8893,4 KAKI,32,-,METER,2020
3079,32,JAWA BARAT,3273,KOTA BANDUNG,3273190,CICENDO,32.73.06,CICENDO,PT. SOLUSI TUNAS PRATAMA,JL. OTTO ISKANDARDINATA NO. 16 BANDUNG JAWA BARAT,107.60397,-6.9134,POLE,6,-,METER,2020
3080,32,JAWA BARAT,3273,KOTA BANDUNG,3273190,CICENDO,32.73.06,CICENDO,PT. SOLUSI TUNAS PRATAMA,JL. PASIR KALIKI NO. 48 RT 01/08,107.598195,-6.911616,POLE,20,-,METER,2020
3081,32,JAWA BARAT,3273,KOTA BANDUNG,3273190,CICENDO,32.73.06,CICENDO,PT. SOLUSI TUNAS PRATAMA,JL. KRESNA NO. 32 RT 03/04,107.5937222,-6.909611111,4 KAKI,15,-,METER,2020
3082,32,JAWA BARAT,3273,KOTA BANDUNG,3273190,CICENDO,32.73.06,CICENDO,PT. TELKOMSEL,JL. JATAYU,107.585943,-6.910218,3 KAKI,20,-,METER,2020
3083,32,JAWA BARAT,3273,KOTA BANDUNG,3273190,CICENDO,32.73.06,CICENDO,PT. TELKOMSEL,JL. GUNUNG BATU / PADAASIH,107.562899,-6.890851,POLE ROOFTOP,12,-,METER,2020
3084,32,JAWA BARAT,3273,KOTA BANDUNG,3273190,CICENDO,32.73.06,CICENDO,PT. TELKOMSEL,JL. SUKAWARA,107.58496,-6.894137,4 KAKI,36,-,METER,2020
3085,32,JAWA BARAT,3273,KOTA BANDUNG,3273190,CICENDO,32.73.06,CICENDO,PT. TELKOMSEL,JL. LETTU SUBAGIO NO.,107.58216,-6.906072,4 KAKI,30,-,METER,2020
3086,32,JAWA BARAT,3273,KOTA BANDUNG,3273190,CICENDO,32.73.06,CICENDO,PT. TELKOMSEL,JL. DR. JUNJUNAN,107.59664,-6.900463,3 KAKI,20,-,METER,2020
3087,32,JAWA BARAT,3273,KOTA BANDUNG,3273190,CICENDO,32.73.06,CICENDO,PT. TELKOMSEL,JL. DR ABDUL RIVAI,107.6039759,-6.9044497,3 KAKI,9,ROOFTOP TOWER,METER,2020
3088,32,JAWA BARAT,3273,KOTA BANDUNG,3273190,CICENDO,32.73.06,CICENDO,PT. TELKOMSEL,HOTEL SERENA JL. MARJUK NO. 4-6,107.60274,-6.91239,POLE,6,-,METER,2020
3089,32,JAWA BARAT,3273,KOTA BANDUNG,3273190,CICENDO,32.73.06,CICENDO,PT. TELKOMSEL,JL. KORAWA NO. 27 RT 04 RW  01,107.59251,-6.90275,POLE,4,-,METER,2020
3090,32,JAWA BARAT,3273,KOTA BANDUNG,3273190,CICENDO,32.73.06,CICENDO,PT. TELKOMSEL,JL. MENTOR GG HAMBALI I NO.  41 RT 01 RW  07,107.57022,-6.89217,POLE,6,-,METER,2020
3091,32,JAWA BARAT,3273,KOTA BANDUNG,3273190,CICENDO,32.73.06,CICENDO,PT. TELKOMSEL,JL. SAMIAJI NO. 287/66 RT  010 RW  05,107.59535,-6.90884,POLE,4,-,METER,2020
3092,32,JAWA BARAT,3273,KOTA BANDUNG,3273190,CICENDO,32.73.06,CICENDO,PT. TELKOMSEL,KOMPLEK ISTANA REGENSI RT  02 RW  02,107.582763,-6.895944,POLE,6,-,METER,2020
3093,32,JAWA BARAT,3273,KOTA BANDUNG,3273190,CICENDO,32.73.06,CICENDO,PT. TELKOMSEL,JL. BABAKAN CIANJUR NO. 130,107.56789,-6.89694,POLE,6,-,METER,2020
3094,32,JAWA BARAT,3273,KOTA BANDUNG,3273190,CICENDO,32.73.06,CICENDO,PT. TELKOMSEL,JL. PAJAJARAN NO. 56 RT  01 RW  03,107.6005,-6.90646,POLE,6,-,METER,2020
3095,32,JAWA BARAT,3273,KOTA BANDUNG,3273190,CICENDO,32.73.06,CICENDO,PT. TELKOMSEL,JL. CICENDO NO. 4 BANDUNG,107.6046,-6.9099,POLE,6,-,METER,2020
3096,32,JAWA BARAT,3273,KOTA BANDUNG,3273190,CICENDO,32.73.06,CICENDO,PT. TELKOMSEL,JL. PASIR KALIKI NO. 53 - 55,107.59723,-6.91119,POLE,6,-,METER,2020
3097,32,JAWA BARAT,3273,KOTA BANDUNG,3273190,CICENDO,32.73.06,CICENDO,PT. CENTRATAMA MENARA INDONESIA,JL. CITEPUS III RT 07 RW  10,107.58885,-6.90148,POLE,12,-,METER,2020
3098,32,JAWA BARAT,3273,KOTA BANDUNG,3273190,CICENDO,32.73.06,CICENDO,PT. CENTRATAMA MENARA INDONESIA,ISTANA PLAZA JL. PASIR KALIKI NO. 121 - 123 BANDUNG JAWA BARAT,107.59687,-6.9054,POLE,6,-,METER,2020
3099,32,JAWA BARAT,3273,KOTA BANDUNG,3273190,CICENDO,32.73.06,CICENDO,PT. CENTRATAMA MENARA INDONESIA,GEDUNG MEGA CELL BANDUNG,107.59184,-6.90687,POLE,6,-,METER,2020
3100,32,JAWA BARAT,3273,KOTA BANDUNG,3273190,CICENDO,32.73.06,CICENDO,PT. CENTRATAMA MENARA INDONESIA,JL. CICENDO NO. 19,107.65863,-6.89842,POLE,10,-,METER,2020
3101,32,JAWA BARAT,3273,KOTA BANDUNG,3273190,CICENDO,32.73.06,CICENDO,"PT. XL AXIATA, TBK",JL. PADJADJARAN PANGKALAN TNI AU BANDARA HUSEIN SASTRANEGARA,-6.903305556,107.5723889,4 KAKI,30,-,METER,2020
3102,32,JAWA BARAT,3273,KOTA BANDUNG,3273190,CICENDO,32.73.06,CICENDO,"PT. XL AXIATA, TBK",SMA_SMK ANGKASA (LANUD HUSEIN SASTRA NEGARA) JL. L.M.U. SUPADIO NO. 22 LANUD HUSEIN SASTRA NEGARA,-6.906472222,107.5830833,4 KAKI,30,-,METER,2020
3103,32,JAWA BARAT,3273,KOTA BANDUNG,3273190,CICENDO,32.73.06,CICENDO,"PT. XL AXIATA, TBK",STADION PADJAJARAN BANDUNG (KONI JAWA BARAT) JL. PAJAJARAN NO. 37A,-6.907277778,107.6013056,POLE,50,-,METER,2020
3104,32,JAWA BARAT,3273,KOTA BANDUNG,3273190,CICENDO,32.73.06,CICENDO,"PT. XL AXIATA, TBK",JL. BOING KOMPLEK TNI AU SUKARAJA KOTA BANDUNG,-6.89499,107.57306,POLE,36,-,METER,2020
3105,32,JAWA BARAT,3273,KOTA BANDUNG,3273190,CICENDO,32.73.06,CICENDO,PT. PERMATA KARYA PERDANA,JL. OTO ISKANDAR DINATA NO. 20 RT 01 RW 10,107.60425,-6.913734,4 KAKI,21,-,METER,2020
3106,32,JAWA BARAT,3273,KOTA BANDUNG,3273260,CIDADAP,32.73.08,CIDADAP,PT. PROTELINDO,JL. CIPAKU INDAH 3 NO. 11,107.59969,-6.86406,POLE,6,-,METER,2020
3107,32,JAWA BARAT,3273,KOTA BANDUNG,3273260,CIDADAP,32.73.08,CIDADAP,"PT. PROTELINDO, TBK",JL. KP. CIKADU RT 01 RW  11,107.60169,-6.85761,3 KAKI,30,-,METER,2020
3108,32,JAWA BARAT,3273,KOTA BANDUNG,3273260,CIDADAP,32.73.08,CIDADAP,"PT. PROTELINDO, TBK",JL. BUKIT JARIAN DALAM IV RT 05 RW  11,107.60674,-6.87814,POLE,12,-,METER,2020
3109,32,JAWA BARAT,3273,KOTA BANDUNG,3273260,CIDADAP,32.73.08,CIDADAP,"PT. PROTELINDO, TBK",JL. SERSAN SURIP NO. 38/169A,107.59555,-6.85872,POLE,12,-,METER,2020
3110,32,JAWA BARAT,3273,KOTA BANDUNG,3273260,CIDADAP,32.73.08,CIDADAP,"PT. PROTELINDO, TBK",JL. CIUMBULEUIT NO. 133B,107.60358,-6.87825,POLE,12,-,METER,2020
3111,32,JAWA BARAT,3273,KOTA BANDUNG,3273260,CIDADAP,32.73.08,CIDADAP,"PT. PROTELINDO, TBK",JL. CIUMBULEUIT NO. 179 RT 01/RW  07 KODE POS 40142,107.60548,-6.87049,POLE,36,-,METER,2020
3112,32,JAWA BARAT,3273,KOTA BANDUNG,3273260,CIDADAP,32.73.08,CIDADAP,DAYA MITRA TELEKOMUNIKASI,JL. CIUMBULEUIT ATAS RT 08/03,107.606591,-6.86259,4 KAKI,42,-,METER,2020
3113,32,JAWA BARAT,3273,KOTA BANDUNG,3273260,CIDADAP,32.73.08,CIDADAP,DAYA MITRA TELEKOMUNIKASI,JL. KAPTEN. ABD. HAMID PANO. RAMA 3 NO. 44,107.596133,-6.865695,POLE,6,-,METER,2020
3114,32,JAWA BARAT,3273,KOTA BANDUNG,3273260,CIDADAP,32.73.08,CIDADAP,DAYA MITRA TELEKOMUNIKASI,JL. BUKIT JARIAN DALAM 156,107.606732,-6.878274,POLE,6,-,METER,2020
3115,32,JAWA BARAT,3273,KOTA BANDUNG,3273260,CIDADAP,32.73.08,CIDADAP,"PT. INDOSAT, TBK",CIPAKU INDAH III NO. 9,107.59957,-6.864052,4 KAKI,25,-,METER,2020
3116,32,JAWA BARAT,3273,KOTA BANDUNG,3273260,CIDADAP,32.73.08,CIDADAP,"PT. INDOSAT, TBK",WILAYAH RS. AU TK II DR. SALAMUN II. CIUMBULEUITPANGKALAN,107.604315,-6.865434,4 KAKI,30,-,METER,2020
3117,32,JAWA BARAT,3273,KOTA BANDUNG,3273260,CIDADAP,32.73.08,CIDADAP,PT. TOWER BERSAMA GROUP,JL. DR. SOMAMUDI KM 10 NO. 8B / 9 RT 03/02,107.602,-6.84656,4 KAKI,52,-,METER,2020
3118,32,JAWA BARAT,3273,KOTA BANDUNG,3273260,CIDADAP,32.73.08,CIDADAP,PT. TOWER BERSAMA GROUP,KP CIKADU,107.602,-6.85881,4 KAKI,36,-,METER,2020
3119,32,JAWA BARAT,3273,KOTA BANDUNG,3273260,CIDADAP,32.73.08,CIDADAP,PT. TOWER BERSAMA GROUP,HTLTLGSARI-KPCIKADO,107.598,-6.85513,POLE,12,-,METER,2020
3120,32,JAWA BARAT,3273,KOTA BANDUNG,3273260,CIDADAP,32.73.08,CIDADAP,PT. SOLUSI TUNAS PRATAMA,WINDY SWALAYAN JL. SETIA BUDI NO. 170 FG RT 03/RW 05,107.595,-6.87242,4 KAKI,25,-,METER,2020
3121,32,JAWA BARAT,3273,KOTA BANDUNG,3273260,CIDADAP,32.73.08,CIDADAP,PT. SOLUSI TUNAS PRATAMA,JL. CIMBULEUT NO. 152 BANDUNG 40142,107.60664,-6.86722,POLE,6,-,METER,2020
3122,32,JAWA BARAT,3273,KOTA BANDUNG,3273260,CIDADAP,32.73.08,CIDADAP,PT. SOLUSI TUNAS PRATAMA,JL. RANCABENTANG I NO. 15 C,107.6074444,-6.874555556,3 KAKI,20,-,METER,2020
3123,32,JAWA BARAT,3273,KOTA BANDUNG,3273260,CIDADAP,32.73.08,CIDADAP,PT. SOLUSI TUNAS PRATAMA,JL. HEGARMANAH GG. MARHALI NO. 7 RT 07/RW 03,107.6014722,-6.87913889,POLE,6,-,METER,2020
3124,32,JAWA BARAT,3273,KOTA BANDUNG,3273260,CIDADAP,32.73.08,CIDADAP,PT. SOLUSI TUNAS PRATAMA,KP. BENGKOK RT 09 RW 01,107.62079,-6.86009,3 KAKI,32,-,METER,2020
3125,32,JAWA BARAT,3273,KOTA BANDUNG,3273260,CIDADAP,32.73.08,CIDADAP,PT. SOLUSI TUNAS PRATAMA,UNIV. KRISTEN MARANATHA PROF. DRG. SURIA SUMANTRI MPH - NO. 65,107.580927,-6.88611,POLE,3,-,METER,2020
3126,32,JAWA BARAT,3273,KOTA BANDUNG,3273260,CIDADAP,32.73.08,CIDADAP,PT. TELKOMSEL,JL. SETIA BUDI NO. 268A,107.595548,-6.86158,MONOPOLE,30,-,METER,2020
3127,32,JAWA BARAT,3273,KOTA BANDUNG,3273260,CIDADAP,32.73.08,CIDADAP,PT. TELKOMSEL,JL. SETIA BUDI,107.596029,-6.87358,MONOPOLE,36,-,METER,2020
3128,32,JAWA BARAT,3273,KOTA BANDUNG,3273260,CIDADAP,32.73.08,CIDADAP,PT. TELKOMSEL,JL. CIUMBULEUIT ( RSAU DR. SALAMUN),107.604255,-6.865207,4 KAKI,30,-,METER,2020
3129,32,JAWA BARAT,3273,KOTA BANDUNG,3273260,CIDADAP,32.73.08,CIDADAP,PT. TELKOMSEL,JL. RANCA HANTANG 1 NO. 156 RT 01/06,107.607504,-6.874556,3 KAKI,15,-,METER,2020
3130,32,JAWA BARAT,3273,KOTA BANDUNG,3273260,CIDADAP,32.73.08,CIDADAP,PT. TELKOMSEL,JL. CIPAKU INDAH VIII RT 05 RW  02,107.598737,-6.861712,POLE,6,-,METER,2020
3131,32,JAWA BARAT,3273,KOTA BANDUNG,3273260,CIDADAP,32.73.08,CIDADAP,PT. TELKOMSEL,HEGARMANAH (JL. N. KAPTEN TENDEAN NO. 1) BANDUNG WEST JAVA,107.59998,-6.87848,POLE,6,-,METER,2020
3132,32,JAWA BARAT,3273,KOTA BANDUNG,3273260,CIDADAP,32.73.08,CIDADAP,PT. CENTRATAMA MENARA INDONESIA,HOTEL GRAND SERELA BANDUNG,107.60088,-6.88055,POLE,6,-,METER,2020
3133,32,JAWA BARAT,3273,KOTA BANDUNG,3273220,CIBEUNYING KALER,32.73.18,CIBEUNYING KALER,"PT. XL AXIATA, TBK",JL. LAPANGAN GOLF DAGO ATAS NO. 78 (PT DAGO ENDAH) DAGO GOLF BANDUNG JABAR,-6.868972222,107.6238611,POLE,30,-,METER,2020
3134,32,JAWA BARAT,3273,KOTA BANDUNG,3273260,CIDADAP,32.73.08,CIDADAP,"PT. XL AXIATA, TBK",JL. KAMPUNG CIHANJAH NO. 45 RT 02 RW  10,-6.857472222,107.6109167,4 KAKI,31,-,METER,2020
3135,32,JAWA BARAT,3273,KOTA BANDUNG,3273260,CIDADAP,32.73.08,CIDADAP,"PT. XL AXIATA, TBK",JL. CIUMBULEUIT 179 RT 01 RW 07,-6.870888889,107.6052222,4 KAKI,50,-,METER,2020
3136,32,JAWA BARAT,3273,KOTA BANDUNG,3273260,CIDADAP,32.73.08,CIDADAP,"PT. XL AXIATA, TBK",JL. SETIABUDI KM 10 POLSEKTA CIDADAP BANDUNG TENGAH,-6.847,107.599,4 KAKI,50,-,METER,2020
3137,32,JAWA BARAT,3273,KOTA BANDUNG,3273260,CIDADAP,32.73.08,CIDADAP,"PT. XL AXIATA, TBK",JL. DR SETIABUDHI 170 F-G BANDUNG,-6.87222,107.59464,3 KAKI,25,-,METER,2020
3138,32,JAWA BARAT,3273,KOTA BANDUNG,3273260,CIDADAP,32.73.08,CIDADAP,"PT. XL AXIATA, TBK",JL. BUKIT RAYA SELATAN 162 RT 03/RW  03,-6.86249,107.60639,4 KAKI,52,-,METER,2020
3139,32,JAWA BARAT,3273,KOTA BANDUNG,3273260,CIDADAP,32.73.08,CIDADAP,"PT. XL AXIATA, TBK",JL. KAPT. ABDUL HAMID NO. 145 RT 03 RW  01,-6.8661,107.59703,POLE,36,-,METER,2020
3140,32,JAWA BARAT,3273,KOTA BANDUNG,3273260,CIDADAP,32.73.08,CIDADAP,HUTCHINSON,JL. KAPTEN ABDUL HAMID NO. 56 RT 03/RW 06,107.59586,-6.86545,KAKI 4,25,-,METER,2020
3141,32,JAWA BARAT,3273,KOTA BANDUNG,3273260,CIDADAP,32.73.08,CIDADAP,NARAGITA,JL. CIKENDI NO. 10,107.60209,-6.87607,KAKI 3,31,-,METER,2020
3142,32,JAWA BARAT,3273,KOTA BANDUNG,3273121,CINAMBO,32.73.29,CINAMBO,"PT. PROTELINDO, TBK",JL. CISARANTEN WETAN RT 01 RW  04,107.68661,-6.93136,3 KAKI,30,-,METER,2020
3143,32,JAWA BARAT,3273,KOTA BANDUNG,3273121,CINAMBO,32.73.29,CINAMBO,"PT. PROTELINDO, TBK",JL. KOMP. CINAMBO INDAH RT  05 RW  05,107.6902,-6.92817,3 KAKI,30,-,METER,2020
3144,32,JAWA BARAT,3273,KOTA BANDUNG,3273121,CINAMBO,32.73.29,CINAMBO,"PT. PROTELINDO, TBK",JL. RUMAH SAKIT NO. 118 RT 02 RW  07,107.69214,-6.93183,3 KAKI,30,-,METER,2020
3145,32,JAWA BARAT,3273,KOTA BANDUNG,3273121,CINAMBO,32.73.29,CINAMBO,PT. TOWER BERSAMA GROUP,JL. GOLEF NO. 19,107.689,-6.92067,4 KAKI,42,-,METER,2020
3146,32,JAWA BARAT,3273,KOTA BANDUNG,3273121,CINAMBO,32.73.29,CINAMBO,PT. SOLUSI TUNAS PRATAMA,JL. RANCAMEONG NO.  18RT 04RW  04,107.687511,-6.938215,3 KAKI,32,-,METER,2020
3147,32,JAWA BARAT,3273,KOTA BANDUNG,3273121,CINAMBO,32.73.29,CINAMBO,PT. TELKOMSEL,JL. CINAMBO RT 01/05,107.691353,-6.924745,4 KAKI,60,-,METER,2020
3148,32,JAWA BARAT,3273,KOTA BANDUNG,3273121,CINAMBO,32.73.29,CINAMBO,PT. TELKOMSEL,CISARANTEN WETAN GG. H. APANDI RT  03/06,107.68699,-6.92746,POLE,6,-,METER,2020
3149,32,JAWA BARAT,3273,KOTA BANDUNG,3273121,CINAMBO,32.73.29,CINAMBO,PT. TELKOMSEL,JL. KILIMANJARO NO. 39 KOMP. PINUS REGENCY SUKARNO  HATA BANDUNG,107.683337,-6.933229,POLE,6,-,METER,2020
3150,32,JAWA BARAT,3273,KOTA BANDUNG,3273230,COBLONG,32.73.02,COBLONG,PT. PROTELINDO,JL. GANESHA NO. 7 RT 03 RW  04,107.61098,-6.89422,POLE,12,-,METER,2020
3151,32,JAWA BARAT,3273,KOTA BANDUNG,3273230,COBLONG,32.73.02,COBLONG,"PT. PROTELINDO, TBK",KOMPLEK PONDOK PESANTREN MIFTAHUL KHOIR DAGO,107.6218,-6.87995,3 KAKI,46,-,METER,2020
3152,32,JAWA BARAT,3273,KOTA BANDUNG,3273230,COBLONG,32.73.02,COBLONG,"PT. PROTELINDO, TBK",JL. KOMP. BANGBAYANG KAV. B NO. 1 RT 01 RW  07,107.61748,-6.88033,POLE,12,-,METER,2020
3153,32,JAWA BARAT,3273,KOTA BANDUNG,3273230,COBLONG,32.73.02,COBLONG,"PT. PROTELINDO, TBK",JL. ISTANA DAGO ASRI RUKO NO. 2A RT 06 RW  09,107.61562,-6.87839,POLE,12,-,METER,2020
3154,32,JAWA BARAT,3273,KOTA BANDUNG,3273230,COBLONG,32.73.02,COBLONG,"PT. PROTELINDO, TBK",JL. DIPATIUKUR NO. 26 E RT 04 RW  08,107.61574,-6.89705,POLE,15,-,METER,2020
3155,32,JAWA BARAT,3273,KOTA BANDUNG,3273230,COBLONG,32.73.02,COBLONG,"PT. PROTELINDO, TBK",GG. GAGAK DALAM / KP. KARANG ASIH RT 02 RW  13,107.62276,-6.8947,POLE,12,-,METER,2020
3156,32,JAWA BARAT,3273,KOTA BANDUNG,3273230,COBLONG,32.73.02,COBLONG,"PT. PROTELINDO, TBK",JL. CISITU LAMA I NO. 4 RT 06 RW  11,107.61214,-6.88232,POLE,15,-,METER,2020
3157,32,JAWA BARAT,3273,KOTA BANDUNG,3273230,COBLONG,32.73.02,COBLONG,"PT. PROTELINDO, TBK",GG. SEKELOA TIMUR NO. 66/52B RT 03 RW  03,107.6215,-6.8909,POLE,12,-,METER,2020
3158,32,JAWA BARAT,3273,KOTA BANDUNG,3273230,COBLONG,32.73.02,COBLONG,"PT. PROTELINDO, TBK",JL. CISITU INDAH VL NO. 181 RT 01/04,107.61395,-6.8729,POLE,12,-,METER,2020
3159,32,JAWA BARAT,3273,KOTA BANDUNG,3273230,COBLONG,32.73.02,COBLONG,"PT. PROTELINDO, TBK",JL. CISITU INDAH IV RT 04 RW  04,107.61417,-6.87676,POLE,31,-,METER,2020
3160,32,JAWA BARAT,3273,KOTA BANDUNG,3273230,COBLONG,32.73.02,COBLONG,"PT. PROTELINDO, TBK",JL. SILIWANGI NO. 37,107.60661,-6.88497,4 KAKI,25,-,METER,2020
3161,32,JAWA BARAT,3273,KOTA BANDUNG,3273230,COBLONG,32.73.02,COBLONG,"PT. PROTELINDO, TBK",JL. TITIRAN NO. 19,107.61954,-6.89603,4 KAKI,25,-,METER,2020
3162,32,JAWA BARAT,3273,KOTA BANDUNG,3273230,COBLONG,32.73.02,COBLONG,"PT. PROTELINDO, TBK",JL. PASTEUR BANDUNG,107.60316,-6.96213,POLE,27,-,METER,2020
3163,32,JAWA BARAT,3273,KOTA BANDUNG,3273230,COBLONG,32.73.02,COBLONG,"PT. PROTELINDO, TBK",JL. DIPATIUKUR NO.  26,107.61588,-6.89713,4 KAKI,21,-,METER,2020
3164,32,JAWA BARAT,3273,KOTA BANDUNG,3273230,COBLONG,32.73.02,COBLONG,DAYA MITRA TELEKOMUNIKASI,KARANG ASIH NO. 314 RT 4/RW 13,107.62349,-6.89478,POLE,9,-,METER,2020
3165,32,JAWA BARAT,3273,KOTA BANDUNG,3273230,COBLONG,32.73.02,COBLONG,DAYA MITRA TELEKOMUNIKASI,JL. CISITU INDAH VL NO. 181 RT 01/04,107.61395,-6.8729,POLE,9,-,METER,2020
3166,32,JAWA BARAT,3273,KOTA BANDUNG,3273230,COBLONG,32.73.02,COBLONG,DAYA MITRA TELEKOMUNIKASI,JL. DIPATIUKUR,107.616651,-6.890605,POLE,9,-,METER,2020
3167,32,JAWA BARAT,3273,KOTA BANDUNG,3273230,COBLONG,32.73.02,COBLONG,DAYA MITRA TELEKOMUNIKASI,JL. IR.H. JUANDA NO. 129,107.612774,-6.891199,POLE,6,-,METER,2020
3168,32,JAWA BARAT,3273,KOTA BANDUNG,3273230,COBLONG,32.73.02,COBLONG,DAYA MITRA TELEKOMUNIKASI,JL. IR.H. JUANDA NO. 381A,107.619693,-6.87101,POLE,6,-,METER,2020
3169,32,JAWA BARAT,3273,KOTA BANDUNG,3273200,BANDUNG WETAN,32.73.09,BANDUNG WETAN,DAYA MITRA TELEKOMUNIKASI,JL. KEBON BIBIT TENGAH NO. 27,107.606211,-6.897981,POLE,10,-,METER,2020
3170,32,JAWA BARAT,3273,KOTA BANDUNG,3273230,COBLONG,32.73.02,COBLONG,"PT. INDOSAT, TBK",JL. CIHAMPELAS NO. 169 (GRAHA MARANATHA)CIPAGANTI,107.603767,-6.890658,POLE,32,-,METER,2020
3171,32,JAWA BARAT,3273,KOTA BANDUNG,3273230,COBLONG,32.73.02,COBLONG,"PT. INDOSAT, TBK",JL. GANESHA NO. 03 (AREA MASJID SALMAN ITB),107.6111,-6.894028,4 KAKI,25,-,METER,2020
3172,32,JAWA BARAT,3273,KOTA BANDUNG,3273230,COBLONG,32.73.02,COBLONG,"PT. INDOSAT, TBK",CISITU LAMA DAGO,107.612253,-6.879604,4 KAKI,45,-,METER,2020
3173,32,JAWA BARAT,3273,KOTA BANDUNG,3273230,COBLONG,32.73.02,COBLONG,"PT. INDOSAT, TBK",JL. SADANG SARI NO. 23 SEKELOA,107.626724,-6.889931,4 KAKI,52,-,METER,2020
3174,32,JAWA BARAT,3273,KOTA BANDUNG,3273230,COBLONG,32.73.02,COBLONG,"PT. INDOSAT, TBK",JL. TERUSAN CIHEULANG KP. KUBANG RT 01/05,107.619682,-6.887243,4 KAKI,62,-,METER,2020
3175,32,JAWA BARAT,3273,KOTA BANDUNG,3273230,COBLONG,32.73.02,COBLONG,"PT. INDOSAT, TBK",JL. SURAPATI NO. 55ESADANGA SERANG,107.620228,-6.898822,4 KAKI,32,-,METER,2020
3176,32,JAWA BARAT,3273,KOTA BANDUNG,3273230,COBLONG,32.73.02,COBLONG,PT. TOWER BERSAMA GROUP,JL. IR. H. DJUANDA NO.  4 A/163 E,107.62,-6.86642,4 KAKI,32,-,METER,2020
3177,32,JAWA BARAT,3273,KOTA BANDUNG,3273230,COBLONG,32.73.02,COBLONG,PT. TOWER BERSAMA GROUP,TERMINAL_DAGO/JL. DAGO POJOK,107.615,-6.86884,4 KAKI,55,-,METER,2020
3178,32,JAWA BARAT,3273,KOTA BANDUNG,3273230,COBLONG,32.73.02,COBLONG,PT. TOWER BERSAMA GROUP,JL. JUANDA NO. 64,107.613,-6.89935,4 KAKI,21,-,METER,2020
3179,32,JAWA BARAT,3273,KOTA BANDUNG,3273230,COBLONG,32.73.02,COBLONG,PT. TOWER BERSAMA GROUP,JL. CIHAMPELAS NO. 264,107.604,-6.88791,POLE,6,-,METER,2020
3180,32,JAWA BARAT,3273,KOTA BANDUNG,3273230,COBLONG,32.73.02,COBLONG,PT. SOLUSI TUNAS PRATAMA,JL. DIPATI UKUR  NO.  57  RT 03  RW  10,107.61645,-6.8905,POLE,20,-,METER,2020
3181,32,JAWA BARAT,3273,KOTA BANDUNG,3273230,COBLONG,32.73.02,COBLONG,PT. SOLUSI TUNAS PRATAMA,JL. TAMAN HEWAN NO. 33 RW  08,107.607,-6.89319,POLE,15,-,METER,2020
3182,32,JAWA BARAT,3273,KOTA BANDUNG,3273230,COBLONG,32.73.02,COBLONG,PT. SOLUSI TUNAS PRATAMA,JL. DIPATI UKUR DEPAN TRAVEL D'TRANS NO.  107 BANDUNG,107.614367,-6.885483,POLE,18,-,METER,2020
3183,32,JAWA BARAT,3273,KOTA BANDUNG,3273230,COBLONG,32.73.02,COBLONG,PT. TELKOMSEL,JL. TITIRAN NO. 18 RT 04/07,107.619944,-6.895784,3 KAKI,15,-,METER,2020
3184,32,JAWA BARAT,3273,KOTA BANDUNG,3273230,COBLONG,32.73.02,COBLONG,PT. TELKOMSEL,JL. DR. SELAMET NO. 17,107.602946,-6.898251,3 KAKI,13,-,METER,2020
3185,32,JAWA BARAT,3273,KOTA BANDUNG,3273230,COBLONG,32.73.02,COBLONG,PT. TELKOMSEL,JL. CIHAMPELAS NO. 182,107.604202,-6.893611,3 KAKI,20,-,METER,2020
3186,32,JAWA BARAT,3273,KOTA BANDUNG,3273230,COBLONG,32.73.02,COBLONG,PT. TELKOMSEL,JL. CISITU LAMA RT 07/12,107.611182,-6.878284,3 KAKI,43,-,METER,2020
3187,32,JAWA BARAT,3273,KOTA BANDUNG,3273200,BANDUNG WETAN,32.73.09,BANDUNG WETAN,PT. TELKOMSEL,JL. TAMAN SARI 21 C,107.608869,-6.900497,4 KAKI,15,-,METER,2020
3188,32,JAWA BARAT,3273,KOTA BANDUNG,3273230,COBLONG,32.73.02,COBLONG,PT. TELKOMSEL,JL. IR.H. JUANDA,107.61582,-6.882751,4 KAKI,60,-,METER,2020
3189,32,JAWA BARAT,3273,KOTA BANDUNG,3273230,COBLONG,32.73.02,COBLONG,PT. TELKOMSEL,JL. SEKELOA RT 05/03,107.619369,-6.890116,4 KAKI,32,-,METER,2020
3190,32,JAWA BARAT,3273,KOTA BANDUNG,3273230,COBLONG,32.73.02,COBLONG,PT. TELKOMSEL,JL. IR. HAJI JUANDA BANDUNG JAWA BARAT 40135,107.6196,-6.8708,POLE,6,-,METER,2020
3191,32,JAWA BARAT,3273,KOTA BANDUNG,3273230,COBLONG,32.73.02,COBLONG,PT. TELKOMSEL,JL. HAUR PANCU II D-2 RT  04/04,107.61929,-6.89299,POLE,6,-,METER,2020
3192,32,JAWA BARAT,3273,KOTA BANDUNG,3273230,COBLONG,32.73.02,COBLONG,PT. TELKOMSEL,JL. SADANG LUHUR BLOCK 13 NO.  21 RT 02 RW  15,107.622341,-6.888436,POLE,6,-,METER,2020
3193,32,JAWA BARAT,3273,KOTA BANDUNG,3273230,COBLONG,32.73.02,COBLONG,PT. TELKOMSEL,JL. KANAYAKAN DALAM NO.  28 KOTA BANDUNG,107.61952,-6.87796,POLE,6,-,METER,2020
3194,32,JAWA BARAT,3273,KOTA BANDUNG,3273230,COBLONG,32.73.02,COBLONG,PT. TELKOMSEL,JL. IR. H. DJUANDA (PEREMPATAN DEPAN MC DONALD) BANDUNG,107.6135,-6.8851,POLE,6,-,METER,2020
3195,32,JAWA BARAT,3273,KOTA BANDUNG,3273230,COBLONG,32.73.02,COBLONG,PT. TELKOMSEL,JL. SETIABUDI BANDUNG,107.6044,-6.8849,POLE,6,-,METER,2020
3196,32,JAWA BARAT,3273,KOTA BANDUNG,3273230,COBLONG,32.73.02,COBLONG,PT. TELKOMSEL,JL. TUBAGUS ISMAIL DALAM NO. 28 RT 03 RW 07,107.616819,-6.88678,POLE,6,-,METER,2020
3197,32,JAWA BARAT,3273,KOTA BANDUNG,3273230,COBLONG,32.73.02,COBLONG,PT. TELKOMSEL,JL. DIPATIUKUR NO. 35 BANDUNG,107.6169,-6.893,POLE,6,-,METER,2020
3198,32,JAWA BARAT,3273,KOTA BANDUNG,3273230,COBLONG,32.73.02,COBLONG,PT. TELKOMSEL,JL. PLESIRAN NO. 61 RT  05 RW  06,107.606439,-6.895426,POLE,6,-,METER,2020
3199,32,JAWA BARAT,3273,KOTA BANDUNG,3273230,COBLONG,32.73.02,COBLONG,PT. CENTRATAMA MENARA INDONESIA,JL. TUBAGUS ISMAIL DEPAN RT 2/8,107.616389,-6.883556,POLE,6,-,METER,2020
3200,32,JAWA BARAT,3273,KOTA BANDUNG,3273230,COBLONG,32.73.02,COBLONG,PT. CENTRATAMA MENARA INDONESIA,KOMPLEK ISTANA DAGO ASRI NO. 18,107.615889,-6.878681,POLE,18,-,METER,2020
3201,32,JAWA BARAT,3273,KOTA BANDUNG,3273230,COBLONG,32.73.02,COBLONG,"PT. XL AXIATA, TBK",JL. CIHALANG BARU NO. 35 BANDUNG JABAR,-6.886361111,107.61925,4 KAKI,70,-,METER,2020
3202,32,JAWA BARAT,3273,KOTA BANDUNG,3273230,COBLONG,32.73.02,COBLONG,"PT. XL AXIATA, TBK",JL. GANECA 7,-6.89422222,107.6096944,4 KAKI,15,-,METER,2020
3203,32,JAWA BARAT,3273,KOTA BANDUNG,3273230,COBLONG,32.73.02,COBLONG,"PT. XL AXIATA, TBK",JL. TUBAGUS ISMAIL GG CIHEULANG NO. 53 RT 04/RW 11,-6.88577,107.61964,4 KAKI,42,-,METER,2020
3204,32,JAWA BARAT,3273,KOTA BANDUNG,3273230,COBLONG,32.73.02,COBLONG,NARAGITA,JL. TERMINAL SADANG SERANG RT  06/19,107.62608,-6.89196,POLE,6,-,METER,2020
3205,32,JAWA BARAT,3273,KOTA BANDUNG,3273101,GEDEBAGE,32.73.27,GEDEBAGE,"PT. XL AXIATA, TBK",JL. GEDE BAGE SELATAN NO.  167,-6.95372,107.68692,3 KAKI,42,-,METER,2020
3206,32,JAWA BARAT,3273,KOTA BANDUNG,3273101,GEDEBAGE,32.73.27,GEDEBAGE,"PT. PROTELINDO, TBK",JL. RANCANUMPANG RT 03 RW  02,107.70626,-6.95754,3 KAKI,40,-,METER,2020
3207,32,JAWA BARAT,3273,KOTA BANDUNG,3273101,GEDEBAGE,32.73.27,GEDEBAGE,"PT. PROTELINDO, TBK",JL. RIUNG SEKAR III NO. 13,-6.94241,107.67994,POLE,9,-,METER,2020
3208,32,JAWA BARAT,3273,KOTA BANDUNG,3273101,GEDEBAGE,32.73.27,GEDEBAGE,DAYA MITRA TELEKOMUNIKASI,JL. CIMENCRANG RT 01/04,107.705132,-6.947759,POLE,25,-,METER,2020
3209,32,JAWA BARAT,3273,KOTA BANDUNG,3273101,GEDEBAGE,32.73.27,GEDEBAGE,"PT. INDOSAT, TBK",JL. GEDEBAGE KUION 56 RT 01/04CISARANTEN KIDUL,107.68964,-6.941845,4 KAKI,62,-,METER,2020
3210,32,JAWA BARAT,3273,KOTA BANDUNG,3273101,GEDEBAGE,32.73.27,GEDEBAGE,"PT. INDOSAT, TBK",JL.BOJONGLOA NO. 63 RT 04 RT RW OS (DULU DIKENAL PONPES AT TAUBA),107.687654,-6.957323,4 KAKI,62,-,METER,2020
3211,32,JAWA BARAT,3273,KOTA BANDUNG,3273101,GEDEBAGE,32.73.27,GEDEBAGE,PT. TOWER BERSAMA GROUP,JL. RANCANUMPANG RT 05/07,107.705,-6.96487,4 KAKI,32,-,METER,2020
3212,32,JAWA BARAT,3273,KOTA BANDUNG,3273101,GEDEBAGE,32.73.27,GEDEBAGE,PT. TOWER BERSAMA GROUP,JL. GEDEBAGE SELATAN,107.687,-6.95231,4 KAKI,80,-,METER,2020
3213,32,JAWA BARAT,3273,KOTA BANDUNG,3273101,GEDEBAGE,32.73.27,GEDEBAGE,PT. SOLUSI TUNAS PRATAMA,JL. CIMENRANG RT 02 RW 06,107.706326,-6.951576,3 KAKI,32,-,METER,2020
3214,32,JAWA BARAT,3273,KOTA BANDUNG,3273101,GEDEBAGE,32.73.27,GEDEBAGE,PT. TELKOMSEL,JL. BABAKAN RIUNG BANDUNG,107.682245,-6.939642,4 KAKI,62,-,METER,2020
3215,32,JAWA BARAT,3273,KOTA BANDUNG,3273101,GEDEBAGE,32.73.27,GEDEBAGE,PT. TELKOMSEL,GEDEBAGE KULON RT 02/07,107.68815,-6.94214,POLE,6,-,METER,2020
3216,32,JAWA BARAT,3273,KOTA BANDUNG,3273101,GEDEBAGE,32.73.27,GEDEBAGE,PT. PERMATA KARYA PERDANA,JL. GEDEBAGE SELATAN NO. 205 RT 03/ RW 01,107.68687,-6.957,POLE,18,-,METER,2020
3217,32,JAWA BARAT,3273,KOTA BANDUNG,3273150,KIARACONDONG,32.73.16,KIARACONDONG,DAYA MITRA TELEKOMUNIKASI,JL. KAMPUS 1 NO. 39,107.649527,-6.924699,POLE,9,-,METER,2020
3218,32,JAWA BARAT,3273,KOTA BANDUNG,3273150,KIARACONDONG,32.73.16,KIARACONDONG,"PT. INDOSAT, TBK",PSM SUKAPURA,107.64944,-6.929682,4 KAKI,42,-,METER,2020
3219,32,JAWA BARAT,3273,KOTA BANDUNG,3273150,KIARACONDONG,32.73.16,KIARACONDONG,"PT. INDOSAT, TBK",KIARACONDONG NO. 145 / 177BABAKANSARI (KEBAKTIAN),107.644531,-6.922533,4 KAKI,52,-,METER,2020
3220,32,JAWA BARAT,3273,KOTA BANDUNG,3273150,KIARACONDONG,32.73.16,KIARACONDONG,PT. TOWER BERSAMA GROUP,JL. TERUSAN CITRA DALAM,107.652,-6.91883,POLE,18,-,METER,2020
3221,32,JAWA BARAT,3273,KOTA BANDUNG,3273150,KIARACONDONG,32.73.16,KIARACONDONG,PT. TELKOMSEL,JL. TERUSAN PSM RT 06/06,107.652278,-6.930385,4 KAKI,42,-,METER,2020
3222,32,JAWA BARAT,3273,KOTA BANDUNG,3273150,KIARACONDONG,32.73.16,KIARACONDONG,PT. TELKOMSEL,JL. KIARA CONDONG,107.644968,-6.921815,4 KAKI,20,-,METER,2020
3223,32,JAWA BARAT,3273,KOTA BANDUNG,3273150,KIARACONDONG,32.73.16,KIARACONDONG,PT. TELKOMSEL,JL. KIARA CONDONG NO. 277,107.64429,-6.929052,3 KAKI,20,-,METER,2020
3224,32,JAWA BARAT,3273,KOTA BANDUNG,3273150,KIARACONDONG,32.73.16,KIARACONDONG,PT. TELKOMSEL,JL. AHMADYANI GG. SLAMET 2 NO. 35 RT  06 RW  02,107.64635,-6.91176,POLE,6,-,METER,2020
3225,32,JAWA BARAT,3273,KOTA BANDUNG,3273150,KIARACONDONG,32.73.16,KIARACONDONG,PT. TELKOMSEL,JL. SEKOLAH INTERNASIONAL NO. 10 RT 01 RW  011 SUKALAKSANA,107.64928,-6.91006,POLE,6,-,METER,2020
3226,32,JAWA BARAT,3273,KOTA BANDUNG,3273150,KIARACONDONG,32.73.16,KIARACONDONG,PT. TELKOMSEL,PT. MADU NUSANTARA JL. SOEKARNO  HATTA NO. 969 BANDUNG,107.64986,-6.941778,POLE,6,-,METER,2020
3227,32,JAWA BARAT,3273,KOTA BANDUNG,3273150,KIARACONDONG,32.73.16,KIARACONDONG,PT. TELKOMSEL,JL. KIARA CONDONG RT 03/02,107.649,-6.92964,POLE,4,-,METER,2020
3228,32,JAWA BARAT,3273,KOTA BANDUNG,3273090,BUAHBATU,32.73.22,BUAHBATU,"PT. XL AXIATA, TBK",JL. CIDURIAN BARU 17,-6.9405,107.6545833,4 KAKI,30,-,METER,2020
3229,32,JAWA BARAT,3273,KOTA BANDUNG,3273150,KIARACONDONG,32.73.16,KIARACONDONG,"PT. XL AXIATA, TBK",BALAI JASA KOMP.STASIUN KA KIARACONDONG JL. KIARA CONDONG BANDUNG,-6.92388889,107.6441667,4 KAKI,50,-,METER,2020
3230,32,JAWA BARAT,3273,KOTA BANDUNG,3273150,KIARACONDONG,32.73.16,KIARACONDONG,TELKOM,JL. JENDRAL AHMAD YANI,107.64973,-6.905879,KAKI 4,42,-,METER,2020
3231,32,JAWA BARAT,3273,KOTA BANDUNG,3273150,KIARACONDONG,32.73.16,KIARACONDONG,TELKOM,JL. JENDRAL AHMAD YANI,107.649728,-6.906008,KAKI 4,42,-,METER,2020
3232,32,JAWA BARAT,3273,KOTA BANDUNG,3273150,KIARACONDONG,32.73.16,KIARACONDONG,HUTCHINSON,JL. CIDURIAN UTARA NO. 110 RT 01/RW 09,107.65458,-6.93444,POLE,6,-,METER,2020
3233,32,JAWA BARAT,3273,KOTA BANDUNG,3273150,KIARACONDONG,32.73.16,KIARACONDONG,HUTCHINSON,JL. KIARA CONDONG NO. 309 RT 07/RW 02,107.64406,-6.93079,KAKI 3,30,-,METER,2020
3234,32,JAWA BARAT,3273,KOTA BANDUNG,3273150,KIARACONDONG,32.73.16,KIARACONDONG,NARAGITA,JL. KAMPUS KOTA BANDUNG,107.64954,-6.92473,POLE,30,-,METER,2020
3235,32,JAWA BARAT,3273,KOTA BANDUNG,3273150,KIARACONDONG,32.73.16,KIARACONDONG,PT. PROTELINDO,JL. BABAKAN SARI,107.64486,-6.92192,ROOFTOP MT,28,-,METER,2020
3236,32,JAWA BARAT,3273,KOTA BANDUNG,3273150,KIARACONDONG,32.73.16,KIARACONDONG,"PT. PROTELINDO, TBK",JL. SANGGAR KENCANA III RT  05 RW  09,107.66752,-6.93489,3 KAKI,36,-,METER,2020
3237,32,JAWA BARAT,3273,KOTA BANDUNG,3273150,KIARACONDONG,32.73.16,KIARACONDONG,"PT. PROTELINDO, TBK",JL. TERUSAN JAKARTA,107.64974,-6.91339,3 KAKI,35,-,METER,2020
3238,32,JAWA BARAT,3273,KOTA BANDUNG,3273150,KIARACONDONG,32.73.16,KIARACONDONG,"PT. PROTELINDO, TBK",GANG SEKOLAH IIRT /RW  03/02 KODE POS 40283,107.64558,-6.91872,3 KAKI,35,-,METER,2020
3239,32,JAWA BARAT,3273,KOTA BANDUNG,3273150,KIARACONDONG,32.73.16,KIARACONDONG,"PT. PROTELINDO, TBK",JL. JEND. AHMAD YANI,107.65456,-6.90306,POLE,12,-,METER,2020
3240,32,JAWA BARAT,3273,KOTA BANDUNG,3273150,KIARACONDONG,32.73.16,KIARACONDONG,"PT. PROTELINDO, TBK",JL. LEMAH KHEGAR TIMUR RT  04 RW  04 NO. KODE POS 40285,107.65436,-6.93048,4 KAKI,36,-,METER,2020
3241,32,JAWA BARAT,3273,KOTA BANDUNG,3273150,KIARACONDONG,32.73.16,KIARACONDONG,"PT. PROTELINDO, TBK",JL. SETRAWANGI RAYA NO. 10 RT  04 RW  15,107.65269,-6.91863,4 KAKI,15,-,METER,2020
3242,32,JAWA BARAT,3273,KOTA BANDUNG,3273150,KIARACONDONG,32.73.16,KIARACONDONG,"PT. PROTELINDO, TBK",JL. KIARACONDONG 176 RT 07 RW  04,107.64432,-6.92684,3 KAKI,25,-,METER,2020
3243,32,JAWA BARAT,3273,KOTA BANDUNG,3273150,KIARACONDONG,32.73.16,KIARACONDONG,"PT. PROTELINDO, TBK",JL. JEND. AHMAD YANI NO. 1033 KOTA BANDUNG PROV. JAWA BARAT.,107.65988,-6.9021,POLE,6,-,METER,2020
3244,32,JAWA BARAT,3273,KOTA BANDUNG,3273150,KIARACONDONG,32.73.16,KIARACONDONG,"PT. PROTELINDO, TBK",JL. TERUSAN PSM RT 07 RW  06,107.65268,-6.93091,3 KAKI,31,-,METER,2020
3245,32,JAWA BARAT,3273,KOTA BANDUNG,3273150,KIARACONDONG,32.73.16,KIARACONDONG,PT. SOLUSI TUNAS PRATAMA,JL.  A. YANI NO.  802 - 804 RT 01 / RW  05,107.65462,-6.90291,4 KAKI,25,-,METER,2020
3246,32,JAWA BARAT,3273,KOTA BANDUNG,3273150,KIARACONDONG,32.73.16,KIARACONDONG,PT. SOLUSI TUNAS PRATAMA,JL. SEKEJATI KOMPLEK DEZINBANG 1 / III,107.645329,-6.939495,3 KAKI,35,-,METER,2020
3247,32,JAWA BARAT,3273,KOTA BANDUNG,3273150,KIARACONDONG,32.73.16,KIARACONDONG,PT. SOLUSI TUNAS PRATAMA,JL. MEKARSARI NO.  67 RT 03 RW  13,107.654607,-6.92653,3 KAKI,32,-,METER,2020
3248,32,JAWA BARAT,3273,KOTA BANDUNG,3273150,KIARACONDONG,32.73.16,KIARACONDONG,PT. SOLUSI TUNAS PRATAMA,JL. MANDALA RT 02 RW  11,107.6446389,-6.942944444,3 KAKI,31,-,METER,2020
3249,32,JAWA BARAT,3273,KOTA BANDUNG,3273150,KIARACONDONG,32.73.16,KIARACONDONG,PT. CENTRATAMA MENARA INDONESIA,JL. LET. JEND IBRAHIM ADJIE NO. 453 RT 01 RW  11 DESA KEBON KANGKUNG KEC. KIARACONDONG KOTA BANDUNG,107.642428,-6.942448,4 KAKI,25,-,METER,2020
3250,32,JAWA BARAT,3273,KOTA BANDUNG,3273070,LENGKONG,32.73.13,LENGKONG,PT. PROTELINDO,JL. SOEKARNO -HATTA NO. 489-491,107.62531,-6.94917,SST,42,-,METER,2020
3251,32,JAWA BARAT,3273,KOTA BANDUNG,3273070,LENGKONG,32.73.13,LENGKONG,PT. PROTELINDO,JL. BUAHBATU 184 RT 01 RW  01,107.62486,-6.93944,POLE,12,-,METER,2020
3252,32,JAWA BARAT,3273,KOTA BANDUNG,3273070,LENGKONG,32.73.13,LENGKONG,"PT. PROTELINDO, TBK",JL. BUAH BATU NO. 47A RT  04 RW  11 KODE POS 40262,107.61891,-6.93257,3 KAKI,23,-,METER,2020
3253,32,JAWA BARAT,3273,KOTA BANDUNG,3273070,LENGKONG,32.73.13,LENGKONG,"PT. PROTELINDO, TBK",JL. JEND. AHMAD YANI,107.62222,-6.92009,4 KAKI,25,-,METER,2020
3254,32,JAWA BARAT,3273,KOTA BANDUNG,3273070,LENGKONG,32.73.13,LENGKONG,"PT. PROTELINDO, TBK",JL. SITUSARI II NO. 15A RT 04 RW  07,107.62974,-6.94656,POLE,12,-,METER,2020
3255,32,JAWA BARAT,3273,KOTA BANDUNG,3273070,LENGKONG,32.73.13,LENGKONG,"PT. PROTELINDO, TBK",JL. K. H. ACHMAD DAHLAN NO. 56 RT 02 RW  010,107.62127,-6.9326,POLE,12,-,METER,2020
3256,32,JAWA BARAT,3273,KOTA BANDUNG,3273070,LENGKONG,32.73.13,LENGKONG,"PT. PROTELINDO, TBK",JL. CIJAGRA NO. 19 RT 04 RW  03,107.62715,-6.94445,POLE,12,-,METER,2020
3257,32,JAWA BARAT,3273,KOTA BANDUNG,3273070,LENGKONG,32.73.13,LENGKONG,"PT. PROTELINDO, TBK",JL. BUAH BATU NO. 148 RT 01/01,107.62482,-6.93938,POLE,6,-,METER,2020
3258,32,JAWA BARAT,3273,KOTA BANDUNG,3273070,LENGKONG,32.73.13,LENGKONG,"PT. PROTELINDO, TBK",JL. SUKARNO  â HATTA NO. 505,107.62836,-6.94801,POLE,18,-,METER,2020
3259,32,JAWA BARAT,3273,KOTA BANDUNG,3273070,LENGKONG,32.73.13,LENGKONG,DAYA MITRA TELEKOMUNIKASI,JL. SOEKARNO  HATTA NO. 529 BANDUNG,107.634617,-6.94742,POLE,6,-,METER,2020
3260,32,JAWA BARAT,3273,KOTA BANDUNG,3273070,LENGKONG,32.73.13,LENGKONG,DAYA MITRA TELEKOMUNIKASI,JL. BUAH BATU NO. 184 RT 01/12,107.624767,-6.939451,POLE,12,-,METER,2020
3261,32,JAWA BARAT,3273,KOTA BANDUNG,3273070,LENGKONG,32.73.13,LENGKONG,"PT. INDOSAT, TBK",JI. TERUSAN HALIMUN NO. 37 (KAMPUS ITA),107.626191,-6.92641,4 KAKI,40,-,METER,2020
3262,32,JAWA BARAT,3273,KOTA BANDUNG,3273070,LENGKONG,32.73.13,LENGKONG,"PT. INDOSAT, TBK","JL. KERAWITAN ""KOPERASI KEKAR"" TURANGGA BANDUNG",107.627602,-6.938959,4 KAKI,32,-,METER,2020
3263,32,JAWA BARAT,3273,KOTA BANDUNG,3273070,LENGKONG,32.73.13,LENGKONG,PT. TOWER BERSAMA GROUP,JL. PELAJAR PEJUANG NO. 22,107.627,-6.92834,4 KAKI,25,-,METER,2020
3264,32,JAWA BARAT,3273,KOTA BANDUNG,3273070,LENGKONG,32.73.13,LENGKONG,PT. TOWER BERSAMA GROUP,JL. SURYALAYA TIMUR II,107.625,-6.9455,4 KAKI,32,-,METER,2020
3265,32,JAWA BARAT,3273,KOTA BANDUNG,3273070,LENGKONG,32.73.13,LENGKONG,PT. TOWER BERSAMA GROUP,JL. SURYALAYA INDAH (BALAI SART IKA),107.625,-6.94292,POLE,26,-,METER,2020
3266,32,JAWA BARAT,3273,KOTA BANDUNG,3273070,LENGKONG,32.73.13,LENGKONG,PT. TOWER BERSAMA GROUP,JL. DALEM KAUM NO. 85,107.609,-6.92265,4 KAKI,25,-,METER,2020
3267,32,JAWA BARAT,3273,KOTA BANDUNG,3273070,LENGKONG,32.73.13,LENGKONG,PT. SOLUSI TUNAS PRATAMA,RUKOJL. KARAPITAN NO. 20B RT /RW  03/04,107.617,-6.92478,POLE,12,-,METER,2020
3268,32,JAWA BARAT,3273,KOTA BANDUNG,3273070,LENGKONG,32.73.13,LENGKONG,PT. SOLUSI TUNAS PRATAMA,JL. MASKUMAMBANG NO. 6D RT 03 RW  03,107.6265,-6.93461,3 KAKI,20,-,METER,2020
3269,32,JAWA BARAT,3273,KOTA BANDUNG,3273070,LENGKONG,32.73.13,LENGKONG,PT. SOLUSI TUNAS PRATAMA,JL. TERUSAN HALIMUN NO. 37,107.6266111,-6.926388889,4 KAKI,30,-,METER,2020
3270,32,JAWA BARAT,3273,KOTA BANDUNG,3273070,LENGKONG,32.73.13,LENGKONG,PT. SOLUSI TUNAS PRATAMA,JL. BUAH BATU NO. 281BANDUNG,107.6332194,-6.94744444,POLE,9,-,METER,2020
3271,32,JAWA BARAT,3273,KOTA BANDUNG,3273070,LENGKONG,32.73.13,LENGKONG,PT. TELKOMSEL,JL. BUAHBATU NO. 26,107.617209,-6.931348,3 KAKI,20,-,METER,2020
3272,32,JAWA BARAT,3273,KOTA BANDUNG,3273070,LENGKONG,32.73.13,LENGKONG,PT. TELKOMSEL,JL. LENGKONG BESAR,107.612868,-6.92876,POLE ROOFTOP,6,-,METER,2020
3273,32,JAWA BARAT,3273,KOTA BANDUNG,3273070,LENGKONG,32.73.13,LENGKONG,PT. TELKOMSEL,JL. GATOT SUBROTO NO. 9,107.618404,-6.922514,3 KAKI,15,-,METER,2020
3274,32,JAWA BARAT,3273,KOTA BANDUNG,3273070,LENGKONG,32.73.13,LENGKONG,PT. TELKOMSEL,JL. MASKUMAMBANG,107.62591,-6.934065,4 KAKI,40,-,METER,2020
3275,32,JAWA BARAT,3273,KOTA BANDUNG,3273070,LENGKONG,32.73.13,LENGKONG,PT. TELKOMSEL,JL. RAJAMANTRI KULON,107.630787,-6.942447,4 KAKI,32,-,METER,2020
3276,32,JAWA BARAT,3273,KOTA BANDUNG,3273070,LENGKONG,32.73.13,LENGKONG,PT. TELKOMSEL,JL. BKR NO. 11 BUAH BATU-BANDUNG,107.6215,-6.9377,POLE,6,-,METER,2020
3277,32,JAWA BARAT,3273,KOTA BANDUNG,3273070,LENGKONG,32.73.13,LENGKONG,PT. TELKOMSEL,JL. N. GUNTUR SARI II NO. 10 RT 05 RW 04,107.632,-6.94506,POLE,6,-,METER,2020
3278,32,JAWA BARAT,3273,KOTA BANDUNG,3273070,LENGKONG,32.73.13,LENGKONG,PT. TELKOMSEL,JL. TELAGA BODAS NO. 31 ( GRAHA KADIN ),107.62211,-6.92814,POLE,6,-,METER,2020
3279,32,JAWA BARAT,3273,KOTA BANDUNG,3273070,LENGKONG,32.73.13,LENGKONG,PT. TELKOMSEL,JL. BANGRENG NO.  8,107.629293,-6.93891,POLE,6,-,METER,2020
3280,32,JAWA BARAT,3273,KOTA BANDUNG,3273070,LENGKONG,32.73.13,LENGKONG,PT. TELKOMSEL,JL. BAPA SUPI NO. 15 RT 02/RW 03,107.6145,-6.9243,POLE,6,-,METER,2020
3281,32,JAWA BARAT,3273,KOTA BANDUNG,3273070,LENGKONG,32.73.13,LENGKONG,PT. TELKOMSEL,JL. BUAH BATU NO. 81F/206B,107.626961,-6.941978,POLE,6,-,METER,2020
3282,32,JAWA BARAT,3273,KOTA BANDUNG,3273070,LENGKONG,32.73.13,LENGKONG,PT. TELKOMSEL,JL. ENGKOL NO. 12 RT 01 RW 01,107.62367,-6.93023,POLE,4,-,METER,2020
3283,32,JAWA BARAT,3273,KOTA BANDUNG,3273070,LENGKONG,32.73.13,LENGKONG,PT. TELKOMSEL,WISMA ACA JL. ASIA AFRIKA NO.  116 BANDUNG RT 06 RW  01,107.612,-6.9218,MONOPOLE,6,-,METER,2020
3284,32,JAWA BARAT,3273,KOTA BANDUNG,3273070,LENGKONG,32.73.13,LENGKONG,PT. TELKOMSEL,JL. PATUHA NO. 33 RT 04 RW 06,107.625,-6.92644,POLE,6,-,METER,2020
3285,32,JAWA BARAT,3273,KOTA BANDUNG,3273070,LENGKONG,32.73.13,LENGKONG,PT. TELKOMSEL,JL. TURANGGA NO. 25 D (MASUK DR SAMPING ALFAMART ) RT 03 RW  09,107.63557,-6.93066,POLE,6,-,METER,2020
3286,32,JAWA BARAT,3273,KOTA BANDUNG,3273170,SUMUR BANDUNG,32.73.19,SUMUR BANDUNG,"PT. XL AXIATA, TBK",JL. A. YANI NO. 10-12 BANDUNG,-6.922111111,107.6184444,4 KAKI,15,-,METER,2020
3287,32,JAWA BARAT,3273,KOTA BANDUNG,3273160,BATUNUNGGAL,32.73.12,BATUNUNGGAL,"PT. XL AXIATA, TBK",JL. GATOT SUBROTO NO. 245,-6.926166667,107.6334444,4 KAKI,15,-,METER,2020
3288,32,JAWA BARAT,3273,KOTA BANDUNG,3273070,LENGKONG,32.73.13,LENGKONG,"PT. XL AXIATA, TBK",JL. KLININGAN ASRI NO. 2 RT 02/05,-6.942444444,107.6283333,4 KAKI,30,-,METER,2020
3289,32,JAWA BARAT,3273,KOTA BANDUNG,3273070,LENGKONG,32.73.13,LENGKONG,"PT. XL AXIATA, TBK",JL. BURANGRANG DALAM NO. 45,-6.927638889,107.6188056,POLE,30,-,METER,2020
3290,32,JAWA BARAT,3273,KOTA BANDUNG,3273070,LENGKONG,32.73.13,LENGKONG,"PT. XL AXIATA, TBK",JL. WESEL RT 06 RW 06 KOMPLEK POS DAN TELEKOMUNIKASI BUAH BATU,-6.940111111,107.6217778,4 KAKI,30,-,METER,2020
3291,32,JAWA BARAT,3273,KOTA BANDUNG,3273070,LENGKONG,32.73.13,LENGKONG,"PT. XL AXIATA, TBK",JL. DALEM KAUM NO. 130A RT 05 RW  09,-6.923361111,107.6105278,3 KAKI,20,-,METER,2020
3292,32,JAWA BARAT,3273,KOTA BANDUNG,3273070,LENGKONG,32.73.13,LENGKONG,"PT. XL AXIATA, TBK",JL. PELAJAR PEJUANG 45 KOTA BANDUNG 40264,-6.93572,107.625,POLE,9,-,METER,2020
3293,32,JAWA BARAT,3273,KOTA BANDUNG,3273060,REGOL,32.73.11,REGOL,"PT. XL AXIATA, TBK",JL. PUNGKUR NO. 49,-6.927046,107.605327,3 KAKI,25,-,METER,2020
3294,32,JAWA BARAT,3273,KOTA BANDUNG,3273070,LENGKONG,32.73.13,LENGKONG,"PT. XL AXIATA, TBK",JL. KETAPANG NO. 4 KODYA BANDUNG,-6.92172,107.61948,3 KAKI,25,-,METER,2020
3295,32,JAWA BARAT,3273,KOTA BANDUNG,3273070,LENGKONG,32.73.13,LENGKONG,"PT. XL AXIATA, TBK",JL. TERUSAN HALIMUN NO. 37 BANDUNG,-6.92649,107.62653,3 KAKI,25,-,METER,2020
3296,32,JAWA BARAT,3273,KOTA BANDUNG,3273070,LENGKONG,32.73.13,LENGKONG,PT. PERMATA KARYA PERDANA,JL. KARAPITAN NO.  112 RT 06 RW  01,10761688.0,-6.92658,POLE,12,-,METER,2020
3297,32,JAWA BARAT,3273,KOTA BANDUNG,3273070,LENGKONG,32.73.13,LENGKONG,PT. PERMATA KARYA PERDANA,JL. RAYA RT 06/05,107.61984,-693844.0,POLE,18,-,METER,2020
3298,32,JAWA BARAT,3273,KOTA BANDUNG,3273070,LENGKONG,32.73.13,LENGKONG,HUTCHINSON,JL. LENGKONG BESAR NO. 74 (BARU NO. 64) RT 01/RW 05,107.61256,-6.92829,KAKI 4,20,-,METER,2020
3299,32,JAWA BARAT,3273,KOTA BANDUNG,3273070,LENGKONG,32.73.13,LENGKONG,HUTCHINSON,JL. PELAJAR PEJUANG 45 NO. 95 RT 03/RW 01,107.62624,-6.93139,KAKI 4,36,-,METER,2020
3300,32,JAWA BARAT,3273,KOTA BANDUNG,3273070,LENGKONG,32.73.13,LENGKONG,HUTCHINSON,JL. JEND.GATOT SUBROTO NO. 30 RT 07/RW 07,107.62172,-6.9232,POLE,10,-,METER,2020
3301,32,JAWA BARAT,3273,KOTA BANDUNG,3273142,MANDALAJATI,32.73.30,MANDALAJATI,DAYA MITRA TELEKOMUNIKASI,JL. SUKA ASIH RAYA ATAS NO. 273,107.685212,-6.899188,4 KAKI,42,-,METER,2020
3302,32,JAWA BARAT,3273,KOTA BANDUNG,3273142,MANDALAJATI,32.73.30,MANDALAJATI,DAYA MITRA TELEKOMUNIKASI,JL. RAYA CIKADUT NO. 3 RT 01/01,107.665398,-6.903476,POLE,12,-,METER,2020
3303,32,JAWA BARAT,3273,KOTA BANDUNG,3273142,MANDALAJATI,32.73.30,MANDALAJATI,DAYA MITRA TELEKOMUNIKASI,KP. CICAGE RT 01/03,107.661089,-6.901766,POLE,29,-,METER,2020
3304,32,JAWA BARAT,3273,KOTA BANDUNG,3273142,MANDALAJATI,32.73.30,MANDALAJATI,"PT. INDOSAT, TBK",KP. DANGUS MAUNG PASIR IMPUN RT 04/07,107.674916,-6.898666,4 KAKI,42,-,METER,2020
3305,32,JAWA BARAT,3273,KOTA BANDUNG,3273142,MANDALAJATI,32.73.30,MANDALAJATI,PT. TOWER BERSAMA GROUP,JL. RAYA PASIR IMPUN RW  03,107.676,-6.90055,4 KAKI,53,-,METER,2020
3306,32,JAWA BARAT,3273,KOTA BANDUNG,3273142,MANDALAJATI,32.73.30,MANDALAJATI,PT. TOWER BERSAMA GROUP,JL. H. ACENG RT 07/08,107.661,-6.89502,4 KAKI,40,-,METER,2020
3307,32,JAWA BARAT,3273,KOTA BANDUNG,3273142,MANDALAJATI,32.73.30,MANDALAJATI,PT. TELKOMSEL,JL. RAYA PASIR IMPUN,107.676168,-6.898767,4 KAKI,42,-,METER,2020
3308,32,JAWA BARAT,3273,KOTA BANDUNG,3273142,MANDALAJATI,32.73.30,MANDALAJATI,PT. TELKOMSEL,BABAKAN SEKEBIRU RT 03 RW 01,107.66884,-6.90177,POLE,6,-,METER,2020
3309,32,JAWA BARAT,3273,KOTA BANDUNG,3273142,MANDALAJATI,32.73.30,MANDALAJATI,PT. TELKOMSEL,JL. MOCH. SYAHRI RT 03 RW 012,107.68217,-6.90208,POLE,6,-,METER,2020
3310,32,JAWA BARAT,3273,KOTA BANDUNG,3273142,MANDALAJATI,32.73.30,MANDALAJATI,PT. TELKOMSEL,JL. RAYA A.H.NASUTION (TAGOG SINDANGLAYA) NO. 89,107.68586,-6.90286,POLE,4,-,METER,2020
3311,32,JAWA BARAT,3273,KOTA BANDUNG,3273142,MANDALAJATI,32.73.30,MANDALAJATI,PT. PROTELINDO,JL. PASIR IMPUN RT 01/RW 12,107.67628,-6.89659,SST,42,-,METER,2020
3312,32,JAWA BARAT,3273,KOTA BANDUNG,3273142,MANDALAJATI,32.73.30,MANDALAJATI,"PT. PROTELINDO, TBK",JL. SIRNAGALIH B-15 RT 01 RW  08,107.65751,-6.8968,POLE,15,-,METER,2020
3313,32,JAWA BARAT,3273,KOTA BANDUNG,3273142,MANDALAJATI,32.73.30,MANDALAJATI,"PT. PROTELINDO, TBK",JL. CIKADUT NO. 8,107.66976,-6.89692,3 KAKI,40,-,METER,2020
3314,32,JAWA BARAT,3273,KOTA BANDUNG,3273142,MANDALAJATI,32.73.30,MANDALAJATI,"PT. PROTELINDO, TBK",JL. MANDALA VIII NO. 153,107.66612,-6.8915,3 KAKI,40,-,METER,2020
3315,32,JAWA BARAT,3273,KOTA BANDUNG,3273142,MANDALAJATI,32.73.30,MANDALAJATI,"PT. PROTELINDO, TBK",JL. A. H. NASUTION NO. 87 RT 04 RW  06,107.67254,-6.90456,POLE,12,-,METER,2020
3316,32,JAWA BARAT,3273,KOTA BANDUNG,3273142,MANDALAJATI,32.73.30,MANDALAJATI,PT. SOLUSI TUNAS PRATAMA,KAMP. MANDE RT 04/05,107.671494,-6.892378,4 KAKI,42,-,METER,2020
3317,32,JAWA BARAT,3273,KOTA BANDUNG,3273142,MANDALAJATI,32.73.30,MANDALAJATI,PT. SOLUSI TUNAS PRATAMA,JL. TERUSAN CIKADUT NO. 19 RT 03/RW 04,107.6694722,-6.896972222,POLE,9,-,METER,2020
3318,32,JAWA BARAT,3273,KOTA BANDUNG,3273142,MANDALAJATI,32.73.30,MANDALAJATI,PT. CENTRATAMA MENARA INDONESIA,JL. AH NASUTION RT 02 RW  01,107.66587,-6.9036,4 KAKI,52,-,METER,2020
3319,32,JAWA BARAT,3273,KOTA BANDUNG,3273142,MANDALAJATI,32.73.30,MANDALAJATI,PT. CENTRATAMA MENARA INDONESIA,JL. JATIHANDAP RT 07/06,107.65856,-6.89843,POLE,19,-,METER,2020
3320,32,JAWA BARAT,3273,KOTA BANDUNG,3273142,MANDALAJATI,32.73.30,MANDALAJATI,HUTCHINSON,JL. A.YANI NO. 868,107.65968,-6.90208,KAKI 4,20,-,METER,2020
3321,32,JAWA BARAT,3273,KOTA BANDUNG,3273142,MANDALAJATI,32.73.30,MANDALAJATI,NARAGITA,JL. TENGAH RT  01/17,107.55518,-6.97425,KAKI 4,42,-,METER,2020
3322,32,JAWA BARAT,3273,KOTA BANDUNG,3273090,BUAHBATU,32.73.22,BUAHBATU,"PT. PROTELINDO, TBK",JL. SOEKARNO -HATTA NO.  689,107.65855,-6.93917,4 KAKI,42,-,METER,2020
3323,32,JAWA BARAT,3273,KOTA BANDUNG,3273090,BUAHBATU,32.73.22,BUAHBATU,"PT. PROTELINDO, TBK",JL. CIDURIAN BARU 17 RT  04 RW  05 NO. KODE POS 40286,107.65452,-6.9397,3 KAKI,35,-,METER,2020
3324,32,JAWA BARAT,3273,KOTA BANDUNG,3273090,BUAHBATU,32.73.22,BUAHBATU,"PT. PROTELINDO, TBK",KP. MARGALUYU,107.6511,-6.95275,3 KAKI,45,-,METER,2020
3325,32,JAWA BARAT,3273,KOTA BANDUNG,3273090,BUAHBATU,32.73.22,BUAHBATU,"PT. PROTELINDO, TBK",JL. JEND IBRAHIM ADJIE RT 04 RW 01,107.64215,-6.94749,4 KAKI,31,-,METER,2020
3326,32,JAWA BARAT,3273,KOTA BANDUNG,3273090,BUAHBATU,32.73.22,BUAHBATU,"PT. XL AXIATA, TBK",JL. KENCANA WANGI UTARA I NO.  1 RT 01 RW  17,-6.958805556,107.65225,3 KAKI,30,-,METER,2020
3327,32,JAWA BARAT,3273,KOTA BANDUNG,3273090,BUAHBATU,32.73.22,BUAHBATU,"PT. XL AXIATA, TBK",JL. CIPAGALO GIRANG RT  02 RW  03,-6.948472222,107.6469722,3 KAKI,30,-,METER,2020
3328,32,JAWA BARAT,3273,KOTA BANDUNG,3273100,RANCASARI,32.73.23,RANCASARI,PT. PROTELINDO,GG. BANYU BIRU,107.66438,-6.9652,SST,42,-,METER,2020
3329,32,JAWA BARAT,3273,KOTA BANDUNG,3273111,PANYILEUKAN,32.73.28,PANYILEUKAN,"PT. PROTELINDO, TBK",JL. ANYELIR I NO. 22 RT 04 RW  12,107.70866,-6.94345,3 KAKI,35,-,METER,2020
3330,32,JAWA BARAT,3273,KOTA BANDUNG,3273111,PANYILEUKAN,32.73.28,PANYILEUKAN,"PT. PROTELINDO, TBK",JL. SUKAMAJU RT 03 RW  05,107.7058,-6.92349,4 KAKI,25,-,METER,2020
3331,32,JAWA BARAT,3273,KOTA BANDUNG,3273111,PANYILEUKAN,32.73.28,PANYILEUKAN,"PT. PROTELINDO, TBK",JL. KOMP. BUMI PANYILEUKAN BLOK AB6 NO. 9 RT 03 RW 13,107.7138,-6.94027,POLE,18,-,METER,2020
3332,32,JAWA BARAT,3273,KOTA BANDUNG,3273111,PANYILEUKAN,32.73.28,PANYILEUKAN,"PT. INDOSAT, TBK",JI. SUKARNO  HATTA KM12.5 KOMPLEK LINGKUNGAN INDUSTRI KECIL,107.699494,-6.935507,4 KAKI,42,-,METER,2020
3333,32,JAWA BARAT,3273,KOTA BANDUNG,3273111,PANYILEUKAN,32.73.28,PANYILEUKAN,"PT. INDOSAT, TBK",JL. PANGHEGAR,107.698209,-6.92424,4 KAKI,62,-,METER,2020
3334,32,JAWA BARAT,3273,KOTA BANDUNG,3273111,PANYILEUKAN,32.73.28,PANYILEUKAN,PT. TOWER BERSAMA GROUP,KP. PANYILEUKAN RT 03/01,107.716,-6.9382,4 KAKI,47,-,METER,2020
3335,32,JAWA BARAT,3273,KOTA BANDUNG,3273111,PANYILEUKAN,32.73.28,PANYILEUKAN,PT. TOWER BERSAMA GROUP,JL. SINDANG SARI VI,107.7,-6.92067,4 KAKI,34,-,METER,2020
3336,32,JAWA BARAT,3273,KOTA BANDUNG,3273111,PANYILEUKAN,32.73.28,PANYILEUKAN,PT. SOLUSI TUNAS PRATAMA,JL. MEKAR RAYA KAV. 55,107.700302,-6.92989,3 KAKI,45,-,METER,2020
3337,32,JAWA BARAT,3273,KOTA BANDUNG,3273111,PANYILEUKAN,32.73.28,PANYILEUKAN,PT. TELKOMSEL,JL. MEKARMULYA,107.703341,-6.935729,4 KAKI,42,-,METER,2020
3338,32,JAWA BARAT,3273,KOTA BANDUNG,3273111,PANYILEUKAN,32.73.28,PANYILEUKAN,PT. TELKOMSEL,BUMI PANYILEUKAN,107.714625,-6.94599,MONOPOLE,32,-,METER,2020
3339,32,JAWA BARAT,3273,KOTA BANDUNG,3273142,MANDALAJATI,32.73.30,MANDALAJATI,PT. TELKOMSEL,GEDUNG DAWAH JL. ABDUL HARIS NASUTION NO. 247,107.717315,-6.93118,POLE,6,-,METER,2020
3340,32,JAWA BARAT,3273,KOTA BANDUNG,3273111,PANYILEUKAN,32.73.28,PANYILEUKAN,"PT. XL AXIATA, TBK",JL. MEKAR MULYA,-6.9355,107.6995,POLE,36,-,METER,2020
3341,32,JAWA BARAT,3273,KOTA BANDUNG,3273111,PANYILEUKAN,32.73.28,PANYILEUKAN,"PT. XL AXIATA, TBK",BENGKEL CEMERLANG JL. AH. NASUTION NO. 14 RT 01 RW 07,-6.92489,107.70982,3 KAKI,42,-,METER,2020
3342,32,JAWA BARAT,3273,KOTA BANDUNG,3273111,PANYILEUKAN,32.73.28,PANYILEUKAN,PT. SOLUSI TUNAS PRATAMA,JL. A.H. NASUTION NO. 236 BANDUNG,107.708543,-6.921654,4 KAKI,43,-,METER,2020
3343,32,JAWA BARAT,3273,KOTA BANDUNG,3273100,RANCASARI,32.73.23,RANCASARI,PT. PROTELINDO,JL. MERKURI TENGAH X NO. 2 RT 07 RW  08,107.66717,-6.9462,POLE,12,-,METER,2020
3344,32,JAWA BARAT,3273,KOTA BANDUNG,3273100,RANCASARI,32.73.23,RANCASARI,PT. PROTELINDO,JL. SATURNUS TENGAH NO. 2 RT 04 RW  015,107.66541,-6.95243,POLE,12,-,METER,2020
3345,32,JAWA BARAT,3273,KOTA BANDUNG,3273100,RANCASARI,32.73.23,RANCASARI,PT. PROTELINDO,JL. MERKURI RAYA BLOK Q 40-42 MARGAHAYU RAYA METRO,107.66845,-6.94578,CAMOUFLAGE,6,-,METER,2020
3346,32,JAWA BARAT,3273,KOTA BANDUNG,3273100,RANCASARI,32.73.23,RANCASARI,"PT. PROTELINDO, TBK",JL. GEDEBAGE SELATAN NO. 189 RT  05/02 KODEPOS 40295,107.68672,-6.95539,3 KAKI,45,-,METER,2020
3347,32,JAWA BARAT,3273,KOTA BANDUNG,3273100,RANCASARI,32.73.23,RANCASARI,"PT. PROTELINDO, TBK",JL. GANG CIWASTRA RT 02 RW  06,107.66931,-6.9624,3 KAKI,38,-,METER,2020
3348,32,JAWA BARAT,3273,KOTA BANDUNG,3273100,RANCASARI,32.73.23,RANCASARI,"PT. PROTELINDO, TBK",JL. CIPAMOKOLAN NO. 38 RT  04 RW  08 KODE POS 40292,107.67685,-6.94867,3 KAKI,35,-,METER,2020
3349,32,JAWA BARAT,3273,KOTA BANDUNG,3273100,RANCASARI,32.73.23,RANCASARI,"PT. PROTELINDO, TBK",JL. MANJAH LEGA RT  04 RW  013,107.67012,-6.95224,3 KAKI,20,-,METER,2020
3350,32,JAWA BARAT,3273,KOTA BANDUNG,3273100,RANCASARI,32.73.23,RANCASARI,"PT. PROTELINDO, TBK",JL. RAYA GEDEBAGE,107.68862,-6.94783,4 KAKI,31,-,METER,2020
3351,32,JAWA BARAT,3273,KOTA BANDUNG,3273100,RANCASARI,32.73.23,RANCASARI,"PT. PROTELINDO, TBK",JL. PARAKAN SAAT RT  01 RW  01,107.6723,-6.93932,3 KAKI,31,-,METER,2020
3352,32,JAWA BARAT,3273,KOTA BANDUNG,3273100,RANCASARI,32.73.23,RANCASARI,DAYA MITRA TELEKOMUNIKASI,JL. CIPAMOKOLAN KOLOT,107.674815,-6.941171,4 KAKI,42,-,METER,2020
3353,32,JAWA BARAT,3273,KOTA BANDUNG,3273100,RANCASARI,32.73.23,RANCASARI,"PT. INDOSAT, TBK",KP/BLOK RANCALOA RT 02/08,107.677,-6.945718,4 KAKI,52,-,METER,2020
3354,32,JAWA BARAT,3273,KOTA BANDUNG,3273100,RANCASARI,32.73.23,RANCASARI,"PT. INDOSAT, TBK",JI. SOEKARNO  HATTA 644A,107.67005,-6.939174,4 KAKI,55,-,METER,2020
3355,32,JAWA BARAT,3273,KOTA BANDUNG,3273100,RANCASARI,32.73.23,RANCASARI,PT. TOWER BERSAMA GROUP,KOMP. RIUNG BANDUNG 26 KEMAKMURAN 8 RT 06/11,107.68,-6.95746,POLE,32,-,METER,2020
3356,32,JAWA BARAT,3273,KOTA BANDUNG,3273100,RANCASARI,32.73.23,RANCASARI,PT. TOWER BERSAMA GROUP,KP. RANCACAI,107.673,-6.95926,4 KAKI,36,-,METER,2020
3357,32,JAWA BARAT,3273,KOTA BANDUNG,3273100,RANCASARI,32.73.23,RANCASARI,PT. TOWER BERSAMA GROUP,JL. MERCURI TIMUR NO.  1,107.67,-6.94463,POLE,30,-,METER,2020
3358,32,JAWA BARAT,3273,KOTA BANDUNG,3273100,RANCASARI,32.73.23,RANCASARI,PT. TOWER BERSAMA GROUP,JL. MERCURI INDAH TIMUR N0 72,107.67,-6.94188,4 KAKI,42,-,METER,2020
3359,32,JAWA BARAT,3273,KOTA BANDUNG,3273100,RANCASARI,32.73.23,RANCASARI,PT. TOWER BERSAMA GROUP,JL. MANJAH LEGA RT 01/01,107.669,-6.95061,3 KAKI,31,-,METER,2020
3360,32,JAWA BARAT,3273,KOTA BANDUNG,3273100,RANCASARI,32.73.23,RANCASARI,PT. TOWER BERSAMA GROUP,KOMP. PASIR POGOR,107.662,-6.96342,4 KAKI,32,-,METER,2020
3361,32,JAWA BARAT,3273,KOTA BANDUNG,3273100,RANCASARI,32.73.23,RANCASARI,PT. SOLUSI TUNAS PRATAMA,JL. RANCALILI NO.  29 RT 02 RW 06,107.6774,-6.95385,POLE,40,-,METER,2020
3362,32,JAWA BARAT,3273,KOTA BANDUNG,3273100,RANCASARI,32.73.23,RANCASARI,PT. SOLUSI TUNAS PRATAMA,JL. BINAASIH UTARA NO.  20 RT 2 RW  4,107.674,-6.94391,POLE,4,-,METER,2020
3363,32,JAWA BARAT,3273,KOTA BANDUNG,3273100,RANCASARI,32.73.23,RANCASARI,PT. SOLUSI TUNAS PRATAMA,KP. DARW ALI RT 01 RW 07,107.68738,-6.96437,4 KAKI,30,-,METER,2020
3364,32,JAWA BARAT,3273,KOTA BANDUNG,3273100,RANCASARI,32.73.23,RANCASARI,PT. SOLUSI TUNAS PRATAMA,JL. RAYA MARGACINTA NO. 27 RT 04 RW  03,107.67474,-6.9635,3 KAKI,32,-,METER,2020
3365,32,JAWA BARAT,3273,KOTA BANDUNG,3273100,RANCASARI,32.73.23,RANCASARI,PT. TELKOMSEL,JL. TERUSAN SALUYU,107.67829,-6.950355,MONOPOLE,25,-,METER,2020
3366,32,JAWA BARAT,3273,KOTA BANDUNG,3273100,RANCASARI,32.73.23,RANCASARI,PT. TELKOMSEL,JL. DERW ATI RT 06 RW 04,107.68273,-6.96548,POLE,6,-,METER,2020
3367,32,JAWA BARAT,3273,KOTA BANDUNG,3273100,RANCASARI,32.73.23,RANCASARI,PT. TELKOMSEL,JL. SALUYU 1 NO. 2 RT  01 RW  10,107.68338,-6.95238,POLE,4,-,METER,2020
3368,32,JAWA BARAT,3273,KOTA BANDUNG,3273100,RANCASARI,32.73.23,RANCASARI,PT. TELKOMSEL,JL. MERKURI SELATAN XIV NO. 1/10 RT  01 RW  08,107.66647,-6.94939,POLE,6,-,METER,2020
3369,32,JAWA BARAT,3273,KOTA BANDUNG,3273100,RANCASARI,32.73.23,RANCASARI,PT. CENTRATAMA MENARA INDONESIA,JL. RIUNG TINEUNG NO. 36 RIUNG BANDUNG,107.68395,-6.94336,4 KAKI,36,-,METER,2020
3370,32,JAWA BARAT,3273,KOTA BANDUNG,3273100,RANCASARI,32.73.23,RANCASARI,PT. CENTRATAMA MENARA INDONESIA,JL. RANCABOLANG NO. 208 RT  6 RW  16,107.661769,-6.950538,4 KAKI,26,-,METER,2020
3371,32,JAWA BARAT,3273,KOTA BANDUNG,3273100,RANCASARI,32.73.23,RANCASARI,"PT. XL AXIATA, TBK",JL. RANCACILI,-6.958416667,107.6781389,4 KAKI,70,-,METER,2020
3372,32,JAWA BARAT,3273,KOTA BANDUNG,3273100,RANCASARI,32.73.23,RANCASARI,"PT. XL AXIATA, TBK",JL. CIMAPAKOLAN NO. 71 RT 01/RW  02,-6.94733,107.67649,3 KAKI,42,-,METER,2020
3373,32,JAWA BARAT,3273,KOTA BANDUNG,3273100,RANCASARI,32.73.23,RANCASARI,"PT. XL AXIATA, TBK",JL. DERWATI NO. 60 RT  05 RW  05,-6.96576,107.68476,3 KAKI,42,-,METER,2020
3374,32,JAWA BARAT,3273,KOTA BANDUNG,3273100,RANCASARI,32.73.23,RANCASARI,PT. PERMATA KARYA PERDANA,RIUNG HEGAR MANAH RT 07,107.87898,-694265.0,POLE,18,-,METER,2020
3375,32,JAWA BARAT,3273,KOTA BANDUNG,3273060,REGOL,32.73.11,REGOL,"PT. PROTELINDO, TBK",JL. DENKI SELATAN V NO. 38 RT  05/02 KODEPOS 40255,107.61175,-6.94728,3 KAKI,35,-,METER,2020
3376,32,JAWA BARAT,3273,KOTA BANDUNG,3273060,REGOL,32.73.11,REGOL,"PT. PROTELINDO, TBK",JL. MOCHAMAD RAMDHAN NO. 90 RT  07/03 KODEPOS 40252,107.61061,-6.93603,4 KAKI,60,-,METER,2020
3377,32,JAWA BARAT,3273,KOTA BANDUNG,3273060,REGOL,32.73.11,REGOL,"PT. PROTELINDO, TBK",ITC KEBON KELAPAJL. MOCHAMAD TOHA,107.60635,-6.92887,POLE,9,-,METER,2020
3378,32,JAWA BARAT,3273,KOTA BANDUNG,3273060,REGOL,32.73.11,REGOL,"PT. PROTELINDO, TBK",JL. PUNGKUR NO. 94 RT 05 RW  03,107.60925,-6.92864,POLE,12,-,METER,2020
3379,32,JAWA BARAT,3273,KOTA BANDUNG,3273060,REGOL,32.73.11,REGOL,"PT. PROTELINDO, TBK",JL. MOCH. RAMDHAN NO.  5 RT 01 / 03,107.61491,-6.93301,POLE,12,-,METER,2020
3380,32,JAWA BARAT,3273,KOTA BANDUNG,3273060,REGOL,32.73.11,REGOL,"PT. PROTELINDO, TBK",JL. BBK. CISEUREUH TIMUR (CIBURUY) RT 03 RW  07,107.61343,-6.9565,POLE,12,-,METER,2020
3381,32,JAWA BARAT,3273,KOTA BANDUNG,3273060,REGOL,32.73.11,REGOL,"PT. PROTELINDO, TBK",JL. MOCH. TOHA NO. 38,107.60644,-6.93146,POLE,12,-,METER,2020
3382,32,JAWA BARAT,3273,KOTA BANDUNG,3273060,REGOL,32.73.11,REGOL,"PT. PROTELINDO, TBK",JL. SUKAATI PERMAI I NO. 7,107.62018,-6.9532,POLE,12,-,METER,2020
3383,32,JAWA BARAT,3273,KOTA BANDUNG,3273060,REGOL,32.73.11,REGOL,"PT. PROTELINDO, TBK",JL. SRIMAHI III NO. 1 RT 06 RW  01,107.61436,-6.93717,POLE,12,-,METER,2020
3384,32,JAWA BARAT,3273,KOTA BANDUNG,3273060,REGOL,32.73.11,REGOL,"PT. PROTELINDO, TBK",JL. OTTO ISKANDARDINATA NO. 419,107.60369,-6.92836,4 KAKI,15,-,METER,2020
3385,32,JAWA BARAT,3273,KOTA BANDUNG,3273060,REGOL,32.73.11,REGOL,"PT. PROTELINDO, TBK",JL. PASIR SALAM RAYA NO. 36 RT  07 RW  05,107.61931,-6.94551,POLE,15,-,METER,2020
3386,32,JAWA BARAT,3273,KOTA BANDUNG,3273060,REGOL,32.73.11,REGOL,"PT. PROTELINDO, TBK",JL. MOH. TOHA NO. 119 A RT  02 RW  04,107.6072,-6.94102,POLE,9,-,METER,2020
3387,32,JAWA BARAT,3273,KOTA BANDUNG,3273060,REGOL,32.73.11,REGOL,"PT. PROTELINDO, TBK",JL. SRIMAHI DALAM I NO. 23 â 24 RT  02 RW  01,107.61572,-6.93586,POLE,9,-,METER,2020
3388,32,JAWA BARAT,3273,KOTA BANDUNG,3273060,REGOL,32.73.11,REGOL,DAYA MITRA TELEKOMUNIKASI,JL. MOCH. TOHA NO. 191 A,107.608152,-6.944582,POLE,9,-,METER,2020
3389,32,JAWA BARAT,3273,KOTA BANDUNG,3273060,REGOL,32.73.11,REGOL,DAYA MITRA TELEKOMUNIKASI,JL. SAWAH KURUNG RAYA NO. 30,107.610714,-6.935123,POLE,6,-,METER,2020
3390,32,JAWA BARAT,3273,KOTA BANDUNG,3273060,REGOL,32.73.11,REGOL,"PT. INDOSAT, TBK",JL. KEMBAR TIMUR VII RT 02/07,107.614879,-6.945067,4 KAKI,42,-,METER,2020
3391,32,JAWA BARAT,3273,KOTA BANDUNG,3273060,REGOL,32.73.11,REGOL,"PT. INDOSAT, TBK",JL. CIATEUL NO. 122CIATEUL,107.609774,-6.932257,4 KAKI,15,-,METER,2020
3392,32,JAWA BARAT,3273,KOTA BANDUNG,3273060,REGOL,32.73.11,REGOL,"PT. INDOSAT, TBK",JI. PUNGKUR (JI.RD. DEWI SART IKA) NO. 64 RT 05/03,107.605657,-6.927364,POLE,20,-,METER,2020
3393,32,JAWA BARAT,3273,KOTA BANDUNG,3273060,REGOL,32.73.11,REGOL,PT. TOWER BERSAMA GROUP,JL. KUTRA RAYA NO. 2,107.622,-6.95604,4 KAKI,52,-,METER,2020
3394,32,JAWA BARAT,3273,KOTA BANDUNG,3273060,REGOL,32.73.11,REGOL,PT. TOWER BERSAMA GROUP,JL. PASIR SALAM RT 06/09,107.618,-6.94396,POLE,36,-,METER,2020
3395,32,JAWA BARAT,3273,KOTA BANDUNG,3273060,REGOL,32.73.11,REGOL,PT. SOLUSI TUNAS PRATAMA,JL. MOH TOHA NO.  71-73,107.60677,-6.93482,4 KAKI,52,-,METER,2020
3396,32,JAWA BARAT,3273,KOTA BANDUNG,3273060,REGOL,32.73.11,REGOL,PT. SOLUSI TUNAS PRATAMA,JL. MENGGER GIRANG I NO.  39 RT 13 RW  08,107.61603,-6.95194,POLE,9,-,METER,2020
3397,32,JAWA BARAT,3273,KOTA BANDUNG,3273060,REGOL,32.73.11,REGOL,PT. SOLUSI TUNAS PRATAMA,KOMPLEK PLN NO. 102/103 RT 01 RW  05,107.61276,-6.95092,POLE,12,-,METER,2020
3398,32,JAWA BARAT,3273,KOTA BANDUNG,3273060,REGOL,32.73.11,REGOL,PT. TELKOMSEL,JL. BKR NO. 90,107.616689,-6.937812,3 KAKI,15,-,METER,2020
3399,32,JAWA BARAT,3273,KOTA BANDUNG,3273060,REGOL,32.73.11,REGOL,PT. TELKOMSEL,JL. CIBURUY RT 06/06,107.613891,-6.956419,MONOPOLE,36,-,METER,2020
3400,32,JAWA BARAT,3273,KOTA BANDUNG,3273060,REGOL,32.73.11,REGOL,PT. TELKOMSEL,JL. PUNGKUR,107.607002,-6.927542,4 KAKI,20,-,METER,2020
3401,32,JAWA BARAT,3273,KOTA BANDUNG,3273060,REGOL,32.73.11,REGOL,PT. TELKOMSEL,JL. MOCH. TOHA,107.606251,-6.938738,3 KAKI,9,-,METER,2020
3402,32,JAWA BARAT,3273,KOTA BANDUNG,3273060,REGOL,32.73.11,REGOL,PT. TELKOMSEL,JL. PASIRJAYA VI NO.  2,107.6213,-6.9408,3 KAKI,20,ROOFTOP TOWER,METER,2020
3403,32,JAWA BARAT,3273,KOTA BANDUNG,3273060,REGOL,32.73.11,REGOL,PT. TELKOMSEL,JL. DEWI SART IKA NO. 27 REGOL BANDUNG 40251,107.6061,-6.9236,POLE,6,-,METER,2020
3404,32,JAWA BARAT,3273,KOTA BANDUNG,3273060,REGOL,32.73.11,REGOL,PT. TELKOMSEL,JL. KEMBAR BARU SELATAN 3 NO. 14,107.61129,-6.94134,POLE,6,-,METER,2020
3405,32,JAWA BARAT,3273,KOTA BANDUNG,3273060,REGOL,32.73.11,REGOL,PT. TELKOMSEL,JL. DALEM KAUM NO. 54,107.60633,-6.92242,POLE,6,-,METER,2020
3406,32,JAWA BARAT,3273,KOTA BANDUNG,3273060,REGOL,32.73.11,REGOL,PT. TELKOMSEL,JL. MOCH TOHA NO. 355D RT  07 RW  05,107.61188,-6.95467,POLE,6,-,METER,2020
3407,32,JAWA BARAT,3273,KOTA BANDUNG,3273060,REGOL,32.73.11,REGOL,PT. TELKOMSEL,JL. PASIRLUYU SELATAN NO. 25 RT  04 RW  09,107.6210883,-6.9460938,POLE,6,-,METER,2020
3408,32,JAWA BARAT,3273,KOTA BANDUNG,3273060,REGOL,32.73.11,REGOL,PT. CENTRATAMA MENARA INDONESIA,JL. SRIWIJAYA NO. 107 RT 05/01,107.61308,-6.94489,POLE,9,-,METER,2020
3409,32,JAWA BARAT,3273,KOTA BANDUNG,3273060,REGOL,32.73.11,REGOL,"PT. XL AXIATA, TBK",JL. H. AKSAN,-6.941388889,107.6111111,4 KAKI,30,-,METER,2020
3410,32,JAWA BARAT,3273,KOTA BANDUNG,3273060,REGOL,32.73.11,REGOL,HUTCHINSON,JL. OTISTA NO. 347 RT 01/RW 03,107.60392,-6.92611,POLE,15,-,METER,2020
3411,32,JAWA BARAT,3273,KOTA BANDUNG,3273060,REGOL,32.73.11,REGOL,NARAGITA,JL. MENGGER GIRANG I NO. 39 RT  13/08,107.615905,-6.95178,POLE,30,-,METER,2020
3412,32,JAWA BARAT,3273,KOTA BANDUNG,3273060,REGOL,32.73.11,REGOL,NARAGITA,JL. CIATEUL TENGAH NO. 22 RT  08 RW  06,107.60992,-6.93095,POLE,6,-,METER,2020
3413,32,JAWA BARAT,3273,KOTA BANDUNG,3273240,SUKAJADI,32.73.07,SUKAJADI,"PT. XL AXIATA, TBK",JL. PASIR KALIKI (HOS COKRO AMINO. TO) NO. 237 RT  02/011,-6.897327,107.597103,POLE,36,-,METER,2020
3414,32,JAWA BARAT,3273,KOTA BANDUNG,3273240,SUKAJADI,32.73.07,SUKAJADI,PT. PROTELINDO,JL. SUKAGALIH NO. 70 RT 03 RW  07,107.59229,-6.89227,POLE,12,-,METER,2020
3415,32,JAWA BARAT,3273,KOTA BANDUNG,3273240,SUKAJADI,32.73.07,SUKAJADI,"PT. PROTELINDO, TBK",JL. DR. DJUNJUNAN,107.59528,-6.89931,3 KAKI,30,-,METER,2020
3416,32,JAWA BARAT,3273,KOTA BANDUNG,3273240,SUKAJADI,32.73.07,SUKAJADI,"PT. PROTELINDO, TBK",JL. CIPEDES TENGAH NO. 15,107.59047,-6.88853,3 KAKI,45,-,METER,2020
3417,32,JAWA BARAT,3273,KOTA BANDUNG,3273240,SUKAJADI,32.73.07,SUKAJADI,"PT. PROTELINDO, TBK",JL. SEDERHANA 67,107.59908,-6.89214,POLE,12,-,METER,2020
3418,32,JAWA BARAT,3273,KOTA BANDUNG,3273240,SUKAJADI,32.73.07,SUKAJADI,"PT. PROTELINDO, TBK",JL. SUKAJADI NO. 140 RT  01 RW  06,107.59732,-6.88949,4 KAKI,15,-,METER,2020
3419,32,JAWA BARAT,3273,KOTA BANDUNG,3273240,SUKAJADI,32.73.07,SUKAJADI,"PT. PROTELINDO, TBK",HOTEL NAVAL JL. SUKAJADI NO.  180 RT  08 RW  02,107.59686,-6.88489,POLE,6,-,METER,2020
3420,32,JAWA BARAT,3273,KOTA BANDUNG,3273240,SUKAJADI,32.73.07,SUKAJADI,"PT. PROTELINDO, TBK",JL. GANG SUKABAKTI,107.59482,-6.89353,POLE,12,-,METER,2020
3421,32,JAWA BARAT,3273,KOTA BANDUNG,3273240,SUKAJADI,32.73.07,SUKAJADI,"PT. PROTELINDO, TBK",BABAKAN CARINGIN RT  04 / RW  04,107.58604,-6.88906,POLE,12,-,METER,2020
3422,32,JAWA BARAT,3273,KOTA BANDUNG,3273240,SUKAJADI,32.73.07,SUKAJADI,"PT. PROTELINDO, TBK",JL. CIBOGO ATAS NO. 136 RT 03 RW  03,107.57743,-6.88381,POLE,12,-,METER,2020
3423,32,JAWA BARAT,3273,KOTA BANDUNG,3273240,SUKAJADI,32.73.07,SUKAJADI,"PT. PROTELINDO, TBK",GG. CAMPAKA JL. CIPEDES TENGAH RT  03 RW  01,107.59067,-6.88201,POLE,6,-,METER,2020
3424,32,JAWA BARAT,3273,KOTA BANDUNG,3273240,SUKAJADI,32.73.07,SUKAJADI,"PT. PROTELINDO, TBK",JL. MULYASARI SELATAN RT 2 RW  4,107.5887,-6.89141,3 KAKI,42,-,METER,2020
3425,32,JAWA BARAT,3273,KOTA BANDUNG,3273240,SUKAJADI,32.73.07,SUKAJADI,"PT. PROTELINDO, TBK",REDDOORZ JL. CIBOGO BAWAH NO.  23-25,107.57898,-6.88982,POLE,6,-,METER,2020
3426,32,JAWA BARAT,3273,KOTA BANDUNG,3273240,SUKAJADI,32.73.07,SUKAJADI,DAYA MITRA TELEKOMUNIKASI,JL. SURYA SUMANTRI NO. 6,107.581717,-6.891543,POLE,6,-,METER,2020
3427,32,JAWA BARAT,3273,KOTA BANDUNG,3273240,SUKAJADI,32.73.07,SUKAJADI,DAYA MITRA TELEKOMUNIKASI,JL. DR. JUNJUNAN,107.58799,-6.893899,POLE,6,-,METER,2020
3428,32,JAWA BARAT,3273,KOTA BANDUNG,3273240,SUKAJADI,32.73.07,SUKAJADI,DAYA MITRA TELEKOMUNIKASI,MASJID AL MURABY. JL. HEGARMANAH NO. 10,107.5823777,-6.8811867,POLE,9,-,METER,2020
3429,32,JAWA BARAT,3273,KOTA BANDUNG,3273240,SUKAJADI,32.73.07,SUKAJADI,"PT. INDOSAT, TBK",BABAKAN CILANDAK RT 02/04,107.579269,-6.882599,4 KAKI,25,-,METER,2020
3430,32,JAWA BARAT,3273,KOTA BANDUNG,3273240,SUKAJADI,32.73.07,SUKAJADI,"PT. INDOSAT, TBK",JL. PROF. DR. SURIA SUMANTRI NO. 65,107.580974,-6.88534,4 KAKI,15,-,METER,2020
3431,32,JAWA BARAT,3273,KOTA BANDUNG,3273240,SUKAJADI,32.73.07,SUKAJADI,"PT. INDOSAT, TBK",JL. SUKAJADI GANG SUKAGALIH NO. 18C,107.597461,-6.895042,4 KAKI,15,-,METER,2020
3432,32,JAWA BARAT,3273,KOTA BANDUNG,3273240,SUKAJADI,32.73.07,SUKAJADI,"PT. INDOSAT, TBK",SUKAJADI NO. 174 (HOTEL SUKAJADI),107.597224,-6.885394,POLE,15,-,METER,2020
3433,32,JAWA BARAT,3273,KOTA BANDUNG,3273240,SUKAJADI,32.73.07,SUKAJADI,"PT. INDOSAT, TBK",JL. SEMPURNA NO. 33C RT 07/08,107.599449,-6.891111,POLE,15,-,METER,2020
3434,32,JAWA BARAT,3273,KOTA BANDUNG,3273240,SUKAJADI,32.73.07,SUKAJADI,PT. TOWER BERSAMA GROUP,JL. SUKAGALIH NO. 15 / JL. BUNGUR,107.595,-6.87984,4 KAKI,42,-,METER,2020
3435,32,JAWA BARAT,3273,KOTA BANDUNG,3273240,SUKAJADI,32.73.07,SUKAJADI,PT. TOWER BERSAMA GROUP,JL. CIPEDES TENGAH 1,107.59,-6.87911,POLE,26,-,METER,2020
3436,32,JAWA BARAT,3273,KOTA BANDUNG,3273240,SUKAJADI,32.73.07,SUKAJADI,PT. TOWER BERSAMA GROUP,JL. SETRAWANGI SELATAN,107.585,-6.88483,POLE,12,-,METER,2020
3437,32,JAWA BARAT,3273,KOTA BANDUNG,3273240,SUKAJADI,32.73.07,SUKAJADI,PT. SOLUSI TUNAS PRATAMA,LONDON BEAUTY CENTREJL. SURYA SUMANTRI NO. 8 B RT  05 / 04,107.58118,-6.88159,3 KAKI,20,-,METER,2020
3438,32,JAWA BARAT,3273,KOTA BANDUNG,3273240,SUKAJADI,32.73.07,SUKAJADI,PT. SOLUSI TUNAS PRATAMA,JL. CIHAMPELAS NO. 186 BANDUNG,107.60469,-6.89294,POLE,6,-,METER,2020
3439,32,JAWA BARAT,3273,KOTA BANDUNG,3273240,SUKAJADI,32.73.07,SUKAJADI,PT. SOLUSI TUNAS PRATAMA,JL. SARIJADI NO. 116 BANDUNG,107.59695,-6.89112,3 KAKI,15,-,METER,2020
3440,32,JAWA BARAT,3273,KOTA BANDUNG,3273240,SUKAJADI,32.73.07,SUKAJADI,PT. SOLUSI TUNAS PRATAMA,JL. H. YASIN NO. 78 A RT 02/RW 03,107.5935833,-6.893,POLE,6,-,METER,2020
3441,32,JAWA BARAT,3273,KOTA BANDUNG,3273240,SUKAJADI,32.73.07,SUKAJADI,PT. SOLUSI TUNAS PRATAMA,JL. BABAKAN JERUK III B NO. 4,107.5853333,-6.890916667,POLE,9,-,METER,2020
3442,32,JAWA BARAT,3273,KOTA BANDUNG,3273240,SUKAJADI,32.73.07,SUKAJADI,PT. TELKOMSEL,JL. SUKAJADI NO. 152 C,107.597338,-6.88837,3 KAKI,20,-,METER,2020
3443,32,JAWA BARAT,3273,KOTA BANDUNG,3273240,SUKAJADI,32.73.07,SUKAJADI,PT. TELKOMSEL,JL. BABAKAN CARINGIN,107.587598,-6.888278,4 KAKI,42,-,METER,2020
3444,32,JAWA BARAT,3273,KOTA BANDUNG,3273240,SUKAJADI,32.73.07,SUKAJADI,PT. TELKOMSEL,JL. SUKAJADI NO. 31,107.597439,-6.895226,3 KAKI,20,-,METER,2020
3445,32,JAWA BARAT,3273,KOTA BANDUNG,3273240,SUKAJADI,32.73.07,SUKAJADI,PT. TELKOMSEL,JL. PARIWISATA NO. 17 RT  01 RW  03,107.577283,-6.885936,POLE,6,-,METER,2020
3446,32,JAWA BARAT,3273,KOTA BANDUNG,3273240,SUKAJADI,32.73.07,SUKAJADI,PT. TELKOMSEL,JL. KARANG TINEUNG DALAM NO.  13 RT 3 RW  4,107.59422,-6.88411,POLE,6,-,METER,2020
3447,32,JAWA BARAT,3273,KOTA BANDUNG,3273240,SUKAJADI,32.73.07,SUKAJADI,PT. TELKOMSEL,JL. SURYA SUMANTRI NO. 65,107.58109,-6.88578,POLE,6,-,METER,2020
3448,32,JAWA BARAT,3273,KOTA BANDUNG,3273240,SUKAJADI,32.73.07,SUKAJADI,PT. TELKOMSEL,JL. BABAKAN JERUK I NO. 10C  RT 2/1,107.5832,-6.88899,POLE,6,-,METER,2020
3449,32,JAWA BARAT,3273,KOTA BANDUNG,3273240,SUKAJADI,32.73.07,SUKAJADI,PT. CENTRATAMA MENARA INDONESIA,JL. SUKAMULYA INDAH NO. 3 KP. KENDAL GEDE RT 06 RW  02,107.586833,-6.885917,POLE,18,-,METER,2020
3450,32,JAWA BARAT,3273,KOTA BANDUNG,3273240,SUKAJADI,32.73.07,SUKAJADI,PT. CENTRATAMA MENARA INDONESIA,HOTEL VERONA JL. SURYASUMANTRI NO. 36 BANDUNG,107.582114,-6.88925,POLE,3,-,METER,2020
3451,32,JAWA BARAT,3273,KOTA BANDUNG,3273240,SUKAJADI,32.73.07,SUKAJADI,"PT. XL AXIATA, TBK",JL. SUKAJADI NO. 11A RT 03 RW 05,-6.895777778,107.5971389,4 KAKI,15,-,METER,2020
3452,32,JAWA BARAT,3273,KOTA BANDUNG,3273240,SUKAJADI,32.73.07,SUKAJADI,"PT. XL AXIATA, TBK",JL. SUKAJADI NO. 180 RT 08/RW  02,-6.885,107.59685,POLE,15,-,METER,2020
3453,32,JAWA BARAT,3273,KOTA BANDUNG,3273240,SUKAJADI,32.73.07,SUKAJADI,NARAGITA,JL. JURANG NO. 65 RT  02/05,107.60039,-6.8869,POLE,25,-,METER,2020
3454,32,JAWA BARAT,3273,KOTA BANDUNG,3273250,SUKASARI,32.73.01,SUKASARI,PT. PROTELINDO,JL. BUNGUR NO. 41,107.59396,-6.87837,SST,42,-,METER,2020
3455,32,JAWA BARAT,3273,KOTA BANDUNG,3273250,SUKASARI,32.73.01,SUKASARI,"PT. PROTELINDO, TBK",JL. NEGLA UTARA RT 05 RW  04,107.59413,-6.85457,4 KAKI,25,-,METER,2020
3456,32,JAWA BARAT,3273,KOTA BANDUNG,3273250,SUKASARI,32.73.01,SUKASARI,"PT. PROTELINDO, TBK",JL. CILANDAK RT 04 RW  05,107.58093,-6.8757,3 KAKI,22,-,METER,2020
3457,32,JAWA BARAT,3273,KOTA BANDUNG,3273250,SUKASARI,32.73.01,SUKASARI,"PT. PROTELINDO, TBK",JL. N. PADASALUYU 10 RT 03/RW 03,107.59447,-6.85088,3 KAKI,42,-,METER,2020
3458,32,JAWA BARAT,3273,KOTA BANDUNG,3273250,SUKASARI,32.73.01,SUKASARI,DAYA MITRA TELEKOMUNIKASI,JL. GEGER KALONG RT 05/03,107.592784,-6.864771,4 KAKI,20,-,METER,2020
3459,32,JAWA BARAT,3273,KOTA BANDUNG,3273250,SUKASARI,32.73.01,SUKASARI,DAYA MITRA TELEKOMUNIKASI,JL. SERSAN BAJURI  NO.  43 A RT,107.59149,-6.855146,POLE,15,-,METER,2020
3460,32,JAWA BARAT,3273,KOTA BANDUNG,3273250,SUKASARI,32.73.01,SUKASARI,DAYA MITRA TELEKOMUNIKASI,JL. CIPEDES ATAS NO. 9 SUKARASA SUKASARI KOTA BANDUNG,107.59053,-6.87693,POLE,4,-,METER,2020
3461,32,JAWA BARAT,3273,KOTA BANDUNG,3273250,SUKASARI,32.73.01,SUKASARI,"PT. INDOSAT, TBK",SARIJADI BARU 1 KAY.122 SUKARASA,107.581622,-6.87242,4 KAKI,42,-,METER,2020
3462,32,JAWA BARAT,3273,KOTA BANDUNG,3273250,SUKASARI,32.73.01,SUKASARI,"PT. INDOSAT, TBK",JL. BUDI LUHUR NO. 4GEGER KALONG HILIR,107.593212,-6.871214,4 KAKI,42,-,METER,2020
3463,32,JAWA BARAT,3273,KOTA BANDUNG,3273250,SUKASARI,32.73.01,SUKASARI,"PT. INDOSAT, TBK",JI. RAYA SETIABUDI GG. PADA SALUYU NO. 10 RI 03/03 ISOLA (G,107.594258,-6.85066,4 KAKI,42,-,METER,2020
3464,32,JAWA BARAT,3273,KOTA BANDUNG,3273250,SUKASARI,32.73.01,SUKASARI,PT. TOWER BERSAMA GROUP,JL. CIIMUS RT 07/06,107.59,-6.85718,4 KAKI,42,-,METER,2020
3465,32,JAWA BARAT,3273,KOTA BANDUNG,3273250,SUKASARI,32.73.01,SUKASARI,PT. TOWER BERSAMA GROUP,JL. SARI MANIS,107.574,-6.87767,POLE,15,-,METER,2020
3466,32,JAWA BARAT,3273,KOTA BANDUNG,3273250,SUKASARI,32.73.01,SUKASARI,PT. SOLUSI TUNAS PRATAMA,JL. PROF DR IR SUTAMI NO.  81-83 RT  04 RW 02,107.58877,-6.87788,POLE,9,-,METER,2020
3467,32,JAWA BARAT,3273,KOTA BANDUNG,3273250,SUKASARI,32.73.01,SUKASARI,PT. SOLUSI TUNAS PRATAMA,JL. GEGERKALONG GIRANG BARU NO. 11,107.59062,-6.86269,POLE,9,-,METER,2020
3468,32,JAWA BARAT,3273,KOTA BANDUNG,3273250,SUKASARI,32.73.01,SUKASARI,PT. SOLUSI TUNAS PRATAMA,JL. SARIMANAH 1 BLOK 14 NO. 106,107.577389,-6.880444,POLE,6,-,METER,2020
3469,32,JAWA BARAT,3273,KOTA BANDUNG,3273250,SUKASARI,32.73.01,SUKASARI,PT. SOLUSI TUNAS PRATAMA,JL. SINDANG SIRNA NO. 14 RT 08/RW 06,107.593694,-6.877472,POLE,9,-,METER,2020
3470,32,JAWA BARAT,3273,KOTA BANDUNG,3273250,SUKASARI,32.73.01,SUKASARI,PT. SOLUSI TUNAS PRATAMA,JL. CEPEDES ATAS NO. 46A RT 04 RW  07,107.59088,-6.87469,POLE,20,-,METER,2020
3471,32,JAWA BARAT,3273,KOTA BANDUNG,3273250,SUKASARI,32.73.01,SUKASARI,PT. TELKOMSEL,JL. SARI MANIS RT 01/08,107.574515,-6.878582,4 KAKI,50,-,METER,2020
3472,32,JAWA BARAT,3273,KOTA BANDUNG,3273250,SUKASARI,32.73.01,SUKASARI,PT. TELKOMSEL,JL. SARI ENDAH NO. 16,107.581856,-6.870407,4 KAKI,42,-,METER,2020
3473,32,JAWA BARAT,3273,KOTA BANDUNG,3273250,SUKASARI,32.73.01,SUKASARI,PT. TELKOMSEL,JL. GEGER KALONG GIRANG RT 04/01,107.584225,-6.862472,MONOPOLE,36,-,METER,2020
3474,32,JAWA BARAT,3273,KOTA BANDUNG,3273250,SUKASARI,32.73.01,SUKASARI,PT. TELKOMSEL,HOTEL PILATUS JL. GEGERKALOONG HILIR NO.  119,107.58552,-6.86863,POLE,6,-,METER,2020
3475,32,JAWA BARAT,3273,KOTA BANDUNG,3273250,SUKASARI,32.73.01,SUKASARI,PT. TELKOMSEL,JL. SUKAHAJI RT  04 RW  03,107.584496,-6.88761,POLE,6,-,METER,2020
3476,32,JAWA BARAT,3273,KOTA BANDUNG,3273250,SUKASARI,32.73.01,SUKASARI,PT. TELKOMSEL,JL. SETIA BUDI NO. 105 RT 05/06,107.59325,-6.8712,POLE,6,-,METER,2020
3477,32,JAWA BARAT,3273,KOTA BANDUNG,3273250,SUKASARI,32.73.01,SUKASARI,PT. TELKOMSEL,GEDUNG MENARA TELKOM DDS JL. GEGERKALONG HILIR NO. 47 BANDUNG GEDUNG,107.5891,-6.8716,POLE,6,-,METER,2020
3478,32,JAWA BARAT,3273,KOTA BANDUNG,3273250,SUKASARI,32.73.01,SUKASARI,PT. CENTRATAMA MENARA INDONESIA,JL. DR. SETIABUDI NO. 167 C RT 02 RW  04,107.593438,-6.8684,POLE,12,-,METER,2020
3479,32,JAWA BARAT,3273,KOTA BANDUNG,3273240,SUKAJADI,32.73.07,SUKAJADI,"PT. XL AXIATA, TBK",JL. SUKAJADI NO. 174 - 176,-6.885472222,107.5972778,POLE,15,-,METER,2020
3480,32,JAWA BARAT,3273,KOTA BANDUNG,3273250,SUKASARI,32.73.01,SUKASARI,"PT. XL AXIATA, TBK",JL. SARI ASIH IV NO. 16 KP. CIJEROHKASO RT  07 RW  10,-6.874083333,107.57625,4 KAKI,30,-,METER,2020
3481,32,JAWA BARAT,3273,KOTA BANDUNG,3273260,CIDADAP,32.73.08,CIDADAP,"PT. XL AXIATA, TBK",JL. SETIABUDI NO. 170A,-6.872583333,107.5951111,4 KAKI,15,-,METER,2020
3482,32,JAWA BARAT,3273,KOTA BANDUNG,3273250,SUKASARI,32.73.01,SUKASARI,"PT. XL AXIATA, TBK",JL. SETIABUDI 249 RT 02/RW  04,-6.85727,107.59441,3 KAKI,52,-,METER,2020
3483,32,JAWA BARAT,3273,KOTA BANDUNG,3273250,SUKASARI,32.73.01,SUKASARI,"PT. XL AXIATA, TBK",JL. GEGER KALONG GIRANG RT  05 RW  06,-6.86205,107.58442,POLE,36,-,METER,2020
3484,32,JAWA BARAT,3273,KOTA BANDUNG,3273250,SUKASARI,32.73.01,SUKASARI,NARAGITA,JL. SARIASIH BLOK. 1 NO. 2A,107.58003,-6.87654,KAKI 3,17,-,METER,2020
3485,32,JAWA BARAT,3273,KOTA BANDUNG,3273170,SUMUR BANDUNG,32.73.19,SUMUR BANDUNG,"PT. PROTELINDO, TBK",JL. BANCEUY GG. SUNIARAJA NO. 21 RT 02 RW  02,107.60561,-6.91774,POLE,12,-,METER,2020
3486,32,JAWA BARAT,3273,KOTA BANDUNG,3273170,SUMUR BANDUNG,32.73.19,SUMUR BANDUNG,"PT. PROTELINDO, TBK",JL. BABAKAN CIAMIS RT 05 RW 03,107.60789,-6.91086,POLE,36,-,METER,2020
3487,32,JAWA BARAT,3273,KOTA BANDUNG,3273170,SUMUR BANDUNG,32.73.19,SUMUR BANDUNG,"PT. PROTELINDO, TBK",JL. MERDEKA NO. 62A BANDUNG,107.61091,-6.90783,4 KAKI,21,-,METER,2020
3488,32,JAWA BARAT,3273,KOTA BANDUNG,3273170,SUMUR BANDUNG,32.73.19,SUMUR BANDUNG,DAYA MITRA TELEKOMUNIKASI,JL. VETERAN,107.617066,-6.920138,POLE,6,-,METER,2020
3489,32,JAWA BARAT,3273,KOTA BANDUNG,3273170,SUMUR BANDUNG,32.73.19,SUMUR BANDUNG,DAYA MITRA TELEKOMUNIKASI,JL. ASIA AFRIKA DEPAN KANTOR POS,107.606197,-6.920984,POLE,10,-,METER,2020
3490,32,JAWA BARAT,3273,KOTA BANDUNG,3273170,SUMUR BANDUNG,32.73.19,SUMUR BANDUNG,DAYA MITRA TELEKOMUNIKASI,JL. NATUNA NO.,107.616522,-6.916808,POLE,15,-,METER,2020
3491,32,JAWA BARAT,3273,KOTA BANDUNG,3273170,SUMUR BANDUNG,32.73.19,SUMUR BANDUNG,"PT. INDOSAT, TBK",SUMBAWA NO. 9SUMUR BANDUNG,107.617644,-6.914363,4 KAKI,15,-,METER,2020
3492,32,JAWA BARAT,3273,KOTA BANDUNG,3273170,SUMUR BANDUNG,32.73.19,SUMUR BANDUNG,"PT. INDOSAT, TBK",R.E. MARTADINATA NO. 15CITARUM,107.611905,-6.906446,3 KAKI,15,-,METER,2020
3493,32,JAWA BARAT,3273,KOTA BANDUNG,3273170,SUMUR BANDUNG,32.73.19,SUMUR BANDUNG,"PT. INDOSAT, TBK",BRAGA NO. 129 (GEDUNG LANDMARK)BRAGA,107.608779,-6.915559,POLE,10,-,METER,2020
3494,32,JAWA BARAT,3273,KOTA BANDUNG,3273170,SUMUR BANDUNG,32.73.19,SUMUR BANDUNG,"PT. INDOSAT, TBK",JL. A. YANI NO.  221 -223 (JL. GANDAPURA DIAN LUCKY COMPUTER),107.625377,-6.917456,4 KAKI,20,-,METER,2020
3495,32,JAWA BARAT,3273,KOTA BANDUNG,3273170,SUMUR BANDUNG,32.73.19,SUMUR BANDUNG,PT. SOLUSI TUNAS PRATAMA,DENINTELDAM JL. N SUMATERA 37  BANDUNG,107.61266,-6.91226,4 KAKI,30,-,METER,2020
3496,32,JAWA BARAT,3273,KOTA BANDUNG,3273170,SUMUR BANDUNG,32.73.19,SUMUR BANDUNG,PT. SOLUSI TUNAS PRATAMA,JL. GATOT SUBROTO NO. 83 KOTAMADYA BANDUNG - JAWA BARAT,107.62375,-6.923305556,POLE,6,-,METER,2020
3497,32,JAWA BARAT,3273,KOTA BANDUNG,3273170,SUMUR BANDUNG,32.73.19,SUMUR BANDUNG,PT. TELKOMSEL,JL. SRIGADING NO. 8,107.623614,-6.915185,MONOPOLE,30,-,METER,2020
3498,32,JAWA BARAT,3273,KOTA BANDUNG,3273170,SUMUR BANDUNG,32.73.19,SUMUR BANDUNG,PT. TELKOMSEL,JL. KALIMANTAN NO. 8,107.615165,-6.912591,MICROCELL POLE,20,-,METER,2020
3499,32,JAWA BARAT,3273,KOTA BANDUNG,3273170,SUMUR BANDUNG,32.73.19,SUMUR BANDUNG,PT. TELKOMSEL,JL. R.E. MARTADINATA NO. 15,107.611997,-6.906407,3 KAKI,15,-,METER,2020
3500,32,JAWA BARAT,3273,KOTA BANDUNG,3273170,SUMUR BANDUNG,32.73.19,SUMUR BANDUNG,PT. TELKOMSEL,JL. R.E. MARTADINATA(RIAU)NO. 17 BANDUNG UTARA,107.6122,-6.9066,POLE,3,-,METER,2020
3501,32,JAWA BARAT,3273,KOTA BANDUNG,3273170,SUMUR BANDUNG,32.73.19,SUMUR BANDUNG,PT. TELKOMSEL,JL. PURNAWARMAN NO. 36 A KOTA BANDUNG,107.609357,-6.907168,POLE,6,-,METER,2020
3502,32,JAWA BARAT,3273,KOTA BANDUNG,3273170,SUMUR BANDUNG,32.73.19,SUMUR BANDUNG,PT. TELKOMSEL,JL. BRAGA NO. 46 BANDUNG (D/H. BRAGA_1),107.609,-6.91587,POLE,3,-,METER,2020
3503,32,JAWA BARAT,3273,KOTA BANDUNG,3273170,SUMUR BANDUNG,32.73.19,SUMUR BANDUNG,PT. TELKOMSEL,JL. ASIA AFRIKA NO. 15-17,107.6047,-6.92,POLE,6,-,METER,2020
3504,32,JAWA BARAT,3273,KOTA BANDUNG,3273170,SUMUR BANDUNG,32.73.19,SUMUR BANDUNG,PT. TELKOMSEL,JL. SUNIARAJA NO. 82 RT 05 RW 05,107.60494,-6.91567,POLE,6,-,METER,2020
3505,32,JAWA BARAT,3273,KOTA BANDUNG,3273170,SUMUR BANDUNG,32.73.19,SUMUR BANDUNG,PT. TELKOMSEL,JL. ABC NO. 71 RT 03/02,107.6064,-6.9188,POLE,6,-,METER,2020
3506,32,JAWA BARAT,3273,KOTA BANDUNG,3273170,SUMUR BANDUNG,32.73.19,SUMUR BANDUNG,PT. TELKOMSEL,JL. GANDAPURA NO. 39 RT 04 RW 04,107.626335,-6.914524,POLE,4,-,METER,2020
3507,32,JAWA BARAT,3273,KOTA BANDUNG,3273170,SUMUR BANDUNG,32.73.19,SUMUR BANDUNG,PT. TELKOMSEL,GEDUNG CITRA GRIYA JL. NARIPAN NO. 42,107.61399,-6.92061,POLE,6,-,METER,2020
3508,32,JAWA BARAT,3273,KOTA BANDUNG,3273170,SUMUR BANDUNG,32.73.19,SUMUR BANDUNG,PT. TELKOMSEL,JL. BELITUNG NO. 3 RT  03 RW  03,107.61718,-6.91123,POLE,6,-,METER,2020
3509,32,JAWA BARAT,3273,KOTA BANDUNG,3273170,SUMUR BANDUNG,32.73.19,SUMUR BANDUNG,PT. CENTRATAMA MENARA INDONESIA,JL. BRAGA BLK 98 RT 03 RW  05,107.609472,-6.915861,3 KAKI,20,-,METER,2020
3510,32,JAWA BARAT,3273,KOTA BANDUNG,3273170,SUMUR BANDUNG,32.73.19,SUMUR BANDUNG,PT. CENTRATAMA MENARA INDONESIA,JL. BRAGA NO. 21,107.609833,-6.919919,4 KAKI,25,-,METER,2020
3511,32,JAWA BARAT,3273,KOTA BANDUNG,3273170,SUMUR BANDUNG,32.73.19,SUMUR BANDUNG,"PT. XL AXIATA, TBK",JL. MERDEKA,-6.914166667,107.6120556,4 KAKI,30,-,METER,2020
3512,32,JAWA BARAT,3273,KOTA BANDUNG,3273170,SUMUR BANDUNG,32.73.19,SUMUR BANDUNG,"PT. XL AXIATA, TBK",JL. MENADO NO. 8,-6.913611111,107.6214722,3 KAKI,30,-,METER,2020
3513,32,JAWA BARAT,3273,KOTA BANDUNG,3273170,SUMUR BANDUNG,32.73.19,SUMUR BANDUNG,"PT. XL AXIATA, TBK",JL. JEND. AHMAD YANI NO. 307,-6.912277778,107.6276667,POLE,30,-,METER,2020
3514,32,JAWA BARAT,3273,KOTA BANDUNG,3273170,SUMUR BANDUNG,32.73.19,SUMUR BANDUNG,"PT. XL AXIATA, TBK",JL. OTO ISKANDARDINATA NO. 43 RT 07/RW  02,-6.91615,107.6045,3 KAKI,25,-,METER,2020
3515,32,JAWA BARAT,3273,KOTA BANDUNG,3273170,SUMUR BANDUNG,32.73.19,SUMUR BANDUNG,HUTCHINSON,JL. PURNAWARMAN NO. 13-15,107.609093,-6.908396,POLE,10,-,METER,2020
3516,32,JAWA BARAT,3273,KOTA BANDUNG,3273170,SUMUR BANDUNG,32.73.19,SUMUR BANDUNG,HUTCHINSON,HOTEL NEWTONJL. RE.MARTADINATA,107.62996,-6.91482,POLE,6,-,METER,2020
3517,32,JAWA BARAT,3273,KOTA BANDUNG,3273170,SUMUR BANDUNG,32.73.19,SUMUR BANDUNG,NARAGITA,GEDUNG WISATA GRAHA (REGENT) JL. SUMATERA NO. 2 BANDUNG,107.61336,-6.91802,KAKI 4,42,-,METER,2020
3518,32,JAWA BARAT,3273,KOTA BANDUNG,3273170,SUMUR BANDUNG,32.73.19,SUMUR BANDUNG,NARAGITA,BALAI KOTA JL. WASTUKENCANA NO. 2,107.6104,-6.9101,POLE,6,-,METER,2020
3519,32,JAWA BARAT,3273,KOTA BANDUNG,3273170,SUMUR BANDUNG,32.73.19,SUMUR BANDUNG,NARAGITA,KOMP. SEGITIGA MAS KOSAMBI KAV. B-7 JL. A. YANI 221-223,107.6264,-6.91741,KAKI 3,31,-,METER,2020
3520,32,JAWA BARAT,3273,KOTA BANDUNG,3273170,SUMUR BANDUNG,32.73.19,SUMUR BANDUNG,PT. CENTRATAMA MENARA INDONESIA,JL. SUMBAWA NO. 19 RT 01/RW  01,107.61754,-6.91445,4 KAKI,20,-,METER,2020
3521,32,JAWA BARAT,3273,KOTA BANDUNG,3273120,UJUNG BERUNG,32.73.26,UJUNGBERUNG,PT. PROTELINDO,JL. KP. SEKEBURUY,107.70932,-6.89748,SST,30,-,METER,2020
3522,32,JAWA BARAT,3273,KOTA BANDUNG,3273120,UJUNG BERUNG,32.73.26,UJUNGBERUNG,PT. PROTELINDO,GG. KP. BABAKAN TEUREUP RT 04 RW  10,107.71071,-6.9042,SST,25,-,METER,2020
3523,32,JAWA BARAT,3273,KOTA BANDUNG,3273120,UJUNG BERUNG,32.73.26,UJUNGBERUNG,PT. PROTELINDO,JL. NEGLASARI I NO. 17 RT  04 RW  04,107.70779,-6.91611,MONOPOLE,18,-,METER,2020
3524,32,JAWA BARAT,3273,KOTA BANDUNG,3273120,UJUNG BERUNG,32.73.26,UJUNGBERUNG,"PT. PROTELINDO, TBK",JL. RUMAH SAKIT NO. 163 RT 01 RW  07,107.69311,-6.934,3 KAKI,45,-,METER,2020
3525,32,JAWA BARAT,3273,KOTA BANDUNG,3273120,UJUNG BERUNG,32.73.26,UJUNGBERUNG,"PT. PROTELINDO, TBK",JL. A.H. NASUTION NO. 1 KM 9 RT 01 RW  01 KOD.POS 40619,-6.90725,107.68728,3 KAKI,35,-,METER,2020
3526,32,JAWA BARAT,3273,KOTA BANDUNG,3273120,UJUNG BERUNG,32.73.26,UJUNGBERUNG,"PT. PROTELINDO, TBK",JL. NEGLASARI NO. 2 RT 02 RW  03,107.70612,-6.91699,POLE,12,-,METER,2020
3527,32,JAWA BARAT,3273,KOTA BANDUNG,3273120,UJUNG BERUNG,32.73.26,UJUNGBERUNG,"PT. PROTELINDO, TBK",JL. KP. BUKA TANAH RT 01 RT 07,107.7056,-6.89927,4 KAKI,25,-,METER,2020
3528,32,JAWA BARAT,3273,KOTA BANDUNG,3273120,UJUNG BERUNG,32.73.26,UJUNGBERUNG,"PT. PROTELINDO, TBK",KP. SUKAGALIH RT 01 RW  06,107.70621,-6.91394,POLE,12,-,METER,2020
3529,32,JAWA BARAT,3273,KOTA BANDUNG,3273120,UJUNG BERUNG,32.73.26,UJUNGBERUNG,"PT. PROTELINDO, TBK",JL. SOEKARNO  HATTA NO. 752 RT  07 RW  01,107.70992,-6.93647,POLE,6,-,METER,2020
3530,32,JAWA BARAT,3273,KOTA BANDUNG,3273120,UJUNG BERUNG,32.73.26,UJUNGBERUNG,"PT. PROTELINDO, TBK",JL. TERITORIAL RT  04 RW  09,107.70288,-6.90854,POLE,18,-,METER,2020
3531,32,JAWA BARAT,3273,KOTA BANDUNG,3273120,UJUNG BERUNG,32.73.26,UJUNGBERUNG,"PT. PROTELINDO, TBK",JL. UJUNG BERUNG INDAH,107.69743,-6.90855,POLE,18,-,METER,2020
3532,32,JAWA BARAT,3273,KOTA BANDUNG,3273120,UJUNG BERUNG,32.73.26,UJUNGBERUNG,DAYA MITRA TELEKOMUNIKASI,GG. MELATI JL. CINANGRA,107.705085,-6.905579,4 KAKI,52,-,METER,2020
3533,32,JAWA BARAT,3273,KOTA BANDUNG,3273120,UJUNG BERUNG,32.73.26,UJUNGBERUNG,"PT. INDOSAT, TBK",PALEDANG DUSUN MANDALAWANGI BLOK PASIR TANJUNG,107.711656,-6.912382,4 KAKI,62,-,METER,2020
3534,32,JAWA BARAT,3273,KOTA BANDUNG,3273120,UJUNG BERUNG,32.73.26,UJUNGBERUNG,"PT. INDOSAT, TBK",JL. KOSAR NO. 133 RT 08/07,107.69096,-6.904063,4 KAKI,42,-,METER,2020
3535,32,JAWA BARAT,3273,KOTA BANDUNG,3273120,UJUNG BERUNG,32.73.26,UJUNGBERUNG,PT. TOWER BERSAMA GROUP,BDGN-174/JL. SEKEMALA,107.718,-6.90654,4 KAKI,42,-,METER,2020
3536,32,JAWA BARAT,3273,KOTA BANDUNG,3273120,UJUNG BERUNG,32.73.26,UJUNGBERUNG,PT. TOWER BERSAMA GROUP,JL. NAGROG 1 RT 01/07,107.706,-6.91046,4 KAKI,33,-,METER,2020
3537,32,JAWA BARAT,3273,KOTA BANDUNG,3273120,UJUNG BERUNG,32.73.26,UJUNGBERUNG,PT. SOLUSI TUNAS PRATAMA,PALEDANG,107.7110833,-6.909305556,4 KAKI,30,-,METER,2020
3538,32,JAWA BARAT,3273,KOTA BANDUNG,3273120,UJUNG BERUNG,32.73.26,UJUNGBERUNG,PT. SOLUSI TUNAS PRATAMA,KOMPLEK UJUNG BERUNG INDAH KOTA BANDUNG,107.69866,-6.90963,POLE,32,-,METER,2020
3539,32,JAWA BARAT,3273,KOTA BANDUNG,3273120,UJUNG BERUNG,32.73.26,UJUNGBERUNG,PT. TELKOMSEL,KP. CIWARU,-6.899573,107.71767,3 KAKI,42,-,METER,2020
3540,32,JAWA BARAT,3273,KOTA BANDUNG,3273120,UJUNG BERUNG,32.73.26,UJUNGBERUNG,PT. CENTRATAMA MENARA INDONESIA,KAMPUNG NAGROK 3 RT 01 RW 09,107.71046,-6.90761,3 KAKI,35,-,METER,2020
3541,32,JAWA BARAT,3273,KOTA BANDUNG,3273130,ARCAMANIK,32.73.24,ARCAMANIK,"PT. XL AXIATA, TBK",JL. PURI AYU II ARCAMANIK,-6.923333333,107.6757222,3 KAKI,30,-,METER,2020
3542,32,JAWA BARAT,3273,KOTA BANDUNG,3273121,CINAMBO,32.73.29,CINAMBO,"PT. XL AXIATA, TBK",JL. UJUNG BERUNG 128,-6.914833333,107.7005,3 KAKI,50,-,METER,2020
3543,32,JAWA BARAT,3273,KOTA BANDUNG,3273121,CINAMBO,32.73.29,CINAMBO,"PT. XL AXIATA, TBK",JL. RUMAH SAKIT  KAMP CINAMBO RT 05/08,-6.923,107.6965,3 KAKI,30,-,METER,2020
3544,32,JAWA BARAT,3273,KOTA BANDUNG,3273120,UJUNG BERUNG,32.73.26,UJUNGBERUNG,"PT. XL AXIATA, TBK",JL. CIKOANG KIDUL RT 04 RW  04,-6.90543,107.70069,4 KAKI,42,-,METER,2020
3545,32,JAWA BARAT,3273,KOTA BANDUNG,3273120,UJUNG BERUNG,32.73.26,UJUNGBERUNG,"PT. XL AXIATA, TBK",JL. PALEDANG III RT 04 RW  06,-6.9118,107.7119,3 KAKI,42,-,METER,2020
3546,32,JAWA BARAT,3273,KOTA BANDUNG,3273120,UJUNG BERUNG,32.73.26,UJUNGBERUNG,PT. PERMATA KARYA PERDANA,JL. KOSAR RT 08/ RW 07,107.69139,-6.90082,POLE,21,-,METER,2020
3547,32,JAWA BARAT,3273,KOTA BANDUNG,3273120,UJUNG BERUNG,32.73.26,UJUNGBERUNG,HUTCHINSON,JL. SUKUP NO. 3 RT 01/RW 01,107.69244,-6.91172,POLE,12,-,METER,2020
